University of Stuttgart - IFT;time [s];force unfiltered [kN];force filtered [kN];drop no.;displacement [mm]
Date:;0,05000;0,02352;0,00001;1,00000;2264,00000
;0,05050;0,07285;0,00009;1,00000;2252,00000
Tester:;0,05100;-0,05785;0,00030;0,00000;2237,00000
;0,05150;0,06645;0,00067;0,00000;2220,00000
;0,05200;0,01135;0,00118;0,00000;2202,00000
Order-no:;0,05250;0,00814;0,00183;0,00000;2183,00000
;0,05300;0,03441;0,00264;0,00000;2158,00000
Rope-no.:;0,05350;0,14589;0,00362;0,00000;2133,00000
;0,05400;0,01839;0,00493;0,00000;2107,00000
Rope type:;0,05450;0,10937;0,00666;0,00000;2080,00000
Einfachseil;0,05500;0,00174;0,00883;0,00000;2047,00000
Client:;0,05550;0,10361;0,01140;0,00000;2018,00000
;0,05600;-0,00659;0,01429;0,00000;1984,00000
Model:;0,05650;0,06452;0,01739;0,00000;1943,00000
;0,05700;0,02224;0,02059;0,00000;1904,00000
Rope diameter:;0,05750;0,08887;0,02381;0,00000;1864,00000
9.2 mm;0,05800;-0,01044;0,02699;0,00000;1821,00000
Drop mass:;0,05850;0,08631;0,03007;0,00000;1778,00000
80 kg;0,05900;-0,03927;0,03296;0,00000;1733,00000
;0,05950;0,01391;0,03555;0,00000;1686,00000
Force max. filtered;0,06000;0,00686;0,03771;0,00000;1636,00000
7,18 kN;0,06050;0,04594;0,03936;0,00000;1585,00000
;0,06100;-0,00083;0,04051;0,00000;1532,00000
Force max. unfiltered:;0,06150;0,06388;0,04121;0,00000;1473,00000
7,54 kN;0,06200;-0,03671;0,04149;0,00000;1415,00000
;0,06250;-0,02902;0,04133;0,00000;1356,00000
Dynamic Elongation:;0,06300;-0,03414;0,04066;0,00000;1295,00000
34,74%;0,06350;0,02032;0,03942;0,00000;1233,00000
;0,06400;0,03633;0,03767;0,00000;1168,00000
Static Elongation:;0,06450;0,08310;0,03558;0,00000;1096,00000
8,70%;0,06500;0,02929;0,03338;0,00000;1028,00000
;0,06550;0,00238;0,03123;0,00000;957,00000
Number of drops without breakage:;0,06600;-0,00339;0,02918;0,00000;885,00000
;0,06650;0,02736;0,02721;0,00000;809,00000
;0,06700;0,06388;0,02534;0,00000;731,00000
H0 / Hmax:;0,06750;0,03762;0,02367;0,00000;653,00000
-2581 mm / -3582 mm;0,06800;0,00686;0,02227;0,00000;573,00000
Time interval:;0,06850;0,00558;0,02114;0,00000;491,00000
;0,06900;-0,02645;0,02020;0,00000;406,00000
;0,06950;0,02352;0,01936;0,00000;320,00000
Comment:;0,07000;0,03954;0,01857;0,00000;233,00000
"before testing:      after testing: ";0,07050;0,00174;0,01786;0,00000;142,00000
;0,07100;-0,02581;0,01723;0,00000;50,00000
Ambient temperature:;0,07150;0,04723;0,01663;0,00000;-43,00000
;0,07200;0,02096;0,01605;0,00000;-138,00000
;0,07250;0,05363;0,01557;0,00000;-236,00000
;0,07300;-0,04760;0,01521;0,00000;-334,00000
;0,07350;-0,02838;0,01491;0,00000;-435,00000
;0,07400;-0,06233;0,01451;0,00000;-539,00000
;0,07450;-0,02005;0,01388;0,00000;-644,00000
;0,07500;-0,03478;0,01291;0,00000;-750,00000
;0,07550;-0,02581;0,01161;0,00000;-859,00000
;0,07600;-0,02709;0,00996;0,00000;-970,00000
;0,07650;-0,04696;0,00801;0,00000;-1084,00000
;0,07700;0,02672;0,00579;0,00000;-1198,00000
;0,07750;-0,00980;0,00340;0,00000;-1315,00000
;0,07800;0,00750;0,00099;0,00000;-1441,00000
;0,07850;-0,00147;-0,00134;0,00000;-1562,00000
;0,07900;-0,03927;-0,00353;0,00000;-1685,00000
;0,07950;-0,00851;-0,00556;0,00000;-1809,00000
;0,08000;-0,00659;-0,00744;0,00000;-1935,00000
;0,08050;0,00558;-0,00914;0,00000;-2063,00000
;0,08100;0,02480;-0,01060;0,00000;-2201,00000
;0,08150;0,02032;-0,01176;0,00000;-2333,00000
;0,08200;0,00110;-0,01254;0,00000;-2466,00000
;0,08250;-0,01236;-0,01294;0,00000;-2599,00000
;0,08300;-0,01813;-0,01302;0,00000;-2721,00000
;0,08350;0,05555;-0,01284;0,00000;-2867,00000
;0,08400;0,04338;-0,01236;0,00000;-2980,00000
;0,08450;-0,00211;-0,01154;0,00000;-3086,00000
;0,08500;-0,00467;-0,01038;0,00000;-3194,00000
;0,08550;-0,04055;-0,00900;0,00000;-3290,00000
;0,08600;-0,00787;-0,00755;0,00000;-3381,00000
;0,08650;-0,03799;-0,00615;0,00000;-3451,00000
;0,08700;0,03313;-0,00489;0,00000;-3503,00000
;0,08750;-0,06618;-0,00380;0,00000;-3548,00000
;0,08800;-0,01556;-0,00293;0,00000;-3572,00000
;0,08850;-0,02197;-0,00235;0,00000;-3582,00000
;0,08900;0,03505;-0,00205;0,00000;-3580,00000
;0,08950;0,03505;-0,00194;0,00000;-3568,00000
;0,09000;0,02993;-0,00188;0,00000;-3546,00000
;0,09050;0,01263;-0,00174;0,00000;-3525,00000
;0,09100;0,08439;-0,00144;0,00000;-3477,00000
;0,09150;0,00302;-0,00091;0,00000;-3408,00000
;0,09200;0,02480;-0,00009;0,00000;-3354,00000
;0,09250;0,01135;0,00098;0,00000;-3301,00000
;0,09300;0,05876;0,00225;0,00000;-3249,00000
;0,09350;-0,03671;0,00369;0,00000;-3195,00000
;0,09400;0,04210;0,00524;0,00000;-3141,00000
;0,09450;-0,00723;0,00682;0,00000;-3089,00000
;0,09500;0,00494;0,00835;0,00000;-3038,00000
;0,09550;0,00558;0,00979;0,00000;-2989,00000
;0,09600;0,06132;0,01109;0,00000;-2941,00000
;0,09650;0,00942;0,01230;0,00000;-2894,00000
;0,09700;0,02608;0,01346;0,00000;-2851,00000
;0,09750;-0,02517;0,01454;0,00000;-2808,00000
;0,09800;0,04210;0,01549;0,00000;-2768,00000
;0,09850;0,05363;0,01632;0,00000;-2731,00000
;0,09900;0,06388;0,01710;0,00000;-2695,00000
;0,09950;0,02160;0,01793;0,00000;-2660,00000
;0,10000;0,01647;0,01885;0,00000;-2628,00000
;0,10050;-0,02517;0,01978;0,00000;-2597,00000
;0,10100;0,05876;0,02065;0,00000;-2569,00000
;0,10150;0,01904;0,02143;0,00000;-2541,00000
;0,10200;0,05876;0,02215;0,00000;-2517,00000
;0,10250;-0,00916;0,02283;0,00000;-2495,00000
;0,10300;0,10937;0,02351;0,00000;-2474,00000
;0,10350;0,00878;0,02422;0,00000;-2455,00000
;0,10400;0,04979;0,02502;0,00000;-2437,00000
;0,10450;0,02544;0,02590;0,00000;-2422,00000
;0,10500;0,10873;0,02685;0,00000;-2410,00000
;0,10550;0,04723;0,02793;0,00000;-2400,00000
;0,10600;0,05427;0,02921;0,00000;-2391,00000
;0,10650;0,03505;0,03066;0,00000;-2384,00000
;0,10700;0,07221;0,03224;0,00000;-2378,00000
;0,10750;0,01711;0,03390;0,00000;-2375,00000
;0,10800;0,09656;0,03562;0,00000;-2373,00000
;0,10850;0,01775;0,03736;0,00000;-2373,00000
;0,10900;0,07990;0,03911;0,00000;-2373,00000
;0,10950;-0,01941;0,04081;0,00000;-2377,00000
;0,11000;0,12283;0,04242;0,00000;-2383,00000
;0,11050;-0,00723;0,04390;0,00000;-2391,00000
;0,11100;0,02288;0,04523;0,00000;-2401,00000
;0,11150;0,05555;0,04635;0,00000;-2413,00000
;0,11200;0,04146;0,04721;0,00000;-2427,00000
;0,11250;-0,01941;0,04783;0,00000;-2443,00000
;0,11300;0,08695;0,04816;0,00000;-2463,00000
;0,11350;-0,00275;0,04821;0,00000;-2482,00000
;0,11400;0,05363;0,04802;0,00000;-2506,00000
;0,11450;0,02160;0,04761;0,00000;-2530,00000
;0,11500;0,04018;0,04700;0,00000;-2555,00000
;0,11550;-0,00531;0,04621;0,00000;-2580,00000
;0,11600;0,02352;0,04523;0,00000;-2609,00000
;0,11650;0,00558;0,04405;0,00000;-2643,00000
;0,11700;0,04979;0,04267;0,00000;-2676,00000
;0,11750;0,00494;0,04114;0,00000;-2708,00000
;0,11800;0,02352;0,03951;0,00000;-2746,00000
;0,11850;-0,02709;0,03779;0,00000;-2784,00000
;0,11900;0,04274;0,03596;0,00000;-2821,00000
;0,11950;-0,03286;0,03401;0,00000;-2863,00000
;0,12000;-0,00083;0,03196;0,00000;-2899,00000
;0,12050;0,02736;0,02978;0,00000;-2937,00000
;0,12100;0,01519;0,02753;0,00000;-2975,00000
;0,12150;-0,03350;0,02527;0,00000;-3011,00000
;0,12200;0,05363;0,02302;0,00000;-3046,00000
;0,12250;0,01968;0,02083;0,00000;-3082,00000
;0,12300;0,02993;0,01879;0,00000;-3112,00000
;0,12350;0,04851;0,01699;0,00000;-3139,00000
;0,12400;0,05620;0,01551;0,00000;-3163,00000
;0,12450;0,03569;0,01443;0,00000;-3185,00000
;0,12500;-0,02581;0,01376;0,00000;-3203,00000
;0,12550;0,02032;0,01342;0,00000;-3216,00000
;0,12600;0,04338;0,01331;0,00000;-3225,00000
;0,12650;-0,00531;0,01340;0,00000;-3230,00000
;0,12700;-0,02389;0,01363;0,00000;-3232,00000
;0,12750;0,01455;0,01390;0,00000;-3232,00000
;0,12800;-0,02389;0,01411;0,00000;-3226,00000
;0,12850;-0,02389;0,01420;0,00000;-3217,00000
;0,12900;-0,05657;0,01407;0,00000;-3205,00000
;0,12950;0,00750;0,01362;0,00000;-3191,00000
;0,13000;-0,03991;0,01283;0,00000;-3175,00000
;0,13050;-0,00531;0,01172;0,00000;-3157,00000
;0,13100;-0,03478;0,01031;0,00000;-3139,00000
;0,13150;-0,03350;0,00862;0,00000;-3121,00000
;0,13200;-0,01684;0,00667;0,00000;-3103,00000
;0,13250;0,01071;0,00452;0,00000;-3084,00000
;0,13300;0,00558;0,00228;0,00000;-3066,00000
;0,13350;0,00622;0,00006;0,00000;-3049,00000
;0,13400;-0,06490;-0,00205;0,00000;-3032,00000
;0,13450;-0,00083;-0,00406;0,00000;-3016,00000
;0,13500;0,00302;-0,00599;0,00000;-3001,00000
;0,13550;0,04018;-0,00776;0,00000;-2988,00000
;0,13600;0,06324;-0,00924;0,00000;-2976,00000
;0,13650;0,02608;-0,01027;0,00000;-2965,00000
;0,13700;-0,00211;-0,01078;0,00000;-2955,00000
;0,13750;0,00942;-0,01078;0,00000;-2947,00000
;0,13800;0,02480;-0,01035;0,00000;-2941,00000
;0,13850;0,04979;-0,00952;0,00000;-2935,00000
;0,13900;-0,02453;-0,00832;0,00000;-2931,00000
;0,13950;0,02672;-0,00682;0,00000;-2929,00000
;0,14000;-0,00531;-0,00511;0,00000;-2928,00000
;0,14050;0,02160;-0,00327;0,00000;-2928,00000
;0,14100;-0,02005;-0,00139;0,00000;-2928,00000
;0,14150;0,00622;0,00046;0,00000;-2931,00000
;0,14200;-0,03671;0,00219;0,00000;-2934,00000
;0,14250;0,03505;0,00371;0,00000;-2940,00000
;0,14300;-0,02838;0,00500;0,00000;-2946,00000
;0,14350;0,09271;0,00609;0,00000;-2953,00000
;0,14400;0,01583;0,00706;0,00000;-2960,00000
;0,14450;0,03633;0,00802;0,00000;-2969,00000
;0,14500;-0,03286;0,00901;0,00000;-2977,00000
;0,14550;0,04594;0,00996;0,00000;-2985,00000
;0,14600;-0,00339;0,01086;0,00000;-2995,00000
;0,14650;0,06773;0,01171;0,00000;-3003,00000
;0,14700;0,01775;0,01255;0,00000;-3011,00000
;0,14750;0,03569;0,01343;0,00000;-3020,00000
;0,14800;-0,02261;0,01435;0,00000;-3028,00000
;0,14850;-0,00147;0,01524;0,00000;-3036,00000
;0,14900;-0,01172;0,01599;0,00000;-3044,00000
;0,14950;0,09656;0,01658;0,00000;-3050,00000
;0,15000;0,04210;0,01708;0,00000;-3055,00000
;0,15050;0,05171;0,01765;0,00000;-3061,00000
;0,15100;0,04146;0,01834;0,00000;-3065,00000
;0,15150;0,09784;0,01922;0,00000;-3067,00000
;0,15200;0,02800;0,02034;0,00000;-3068,00000
;0,15250;0,10297;0,02174;0,00000;-3069,00000
;0,15300;0,04466;0,02344;0,00000;-3069,00000
;0,15350;0,10553;0,02545;0,00000;-3069,00000
;0,15400;-0,01428;0,02774;0,00000;-3068,00000
;0,15450;0,07926;0,03022;0,00000;-3065,00000
;0,15500;0,04402;0,03278;0,00000;-3062,00000
;0,15550;0,02800;0,03535;0,00000;-3058,00000
;0,15600;-0,02069;0,03781;0,00000;-3054,00000
;0,15650;0,03762;0,04001;0,00000;-3051,00000
;0,15700;-0,00980;0,04182;0,00000;-3047,00000
;0,15750;0,00878;0,04318;0,00000;-3042,00000
;0,15800;-0,03927;0,04399;0,00000;-3039,00000
;0,15850;0,06901;0,04422;0,00000;-3035,00000
;0,15900;0,03377;0,04392;0,00000;-3031,00000
;0,15950;0,08631;0,04324;0,00000;-3028,00000
;0,16000;-0,01108;0,04235;0,00000;-3024,00000
;0,16050;0,04402;0,04132;0,00000;-3022,00000
;0,16100;0,04082;0,04020;0,00000;-3021,00000
;0,16150;0,05620;0,03903;0,00000;-3019,00000
;0,16200;-0,02902;0,03789;0,00000;-3018,00000
;0,16250;0,06645;0,03675;0,00000;-3017,00000
;0,16300;0,03890;0,03564;0,00000;-3017,00000
;0,16350;0,06068;0,03461;0,00000;-3017,00000
;0,16400;0,00750;0,03372;0,00000;-3017,00000
;0,16450;0,06517;0,03299;0,00000;-3017,00000
;0,16500;0,05299;0,03244;0,00000;-3018,00000
;0,16550;0,08503;0,03211;0,00000;-3020,00000
;0,16600;0,01519;0,03206;0,00000;-3023,00000
;0,16650;0,03313;0,03227;0,00000;-3024,00000
;0,16700;0,04210;0,03266;0,00000;-3027,00000
;0,16750;0,04979;0,03319;0,00000;-3029,00000
;0,16800;0,03697;0,03382;0,00000;-3031,00000
;0,16850;0,06260;0,03455;0,00000;-3034,00000
;0,16900;0,00110;0,03535;0,00000;-3036,00000
;0,16950;0,01583;0,03615;0,00000;-3037,00000
;0,17000;-0,00211;0,03684;0,00000;-3038,00000
;0,17050;-0,01492;0,03732;0,00000;-3040,00000
;0,17100;-0,01620;0,03747;0,00000;-3041,00000
;0,17150;0,03633;0,03724;0,00000;-3042,00000
;0,17200;-0,02133;0,03661;0,00000;-3043,00000
;0,17250;0,05876;0,03563;0,00000;-3043,00000
;0,17300;-0,00275;0,03439;0,00000;-3043,00000
;0,17350;0,02480;0,03295;0,00000;-3043,00000
;0,17400;0,02800;0,03139;0,00000;-3043,00000
;0,17450;0,04018;0,02978;0,00000;-3043,00000
;0,17500;0,04210;0,02821;0,00000;-3042,00000
;0,17550;0,00045;0,02675;0,00000;-3041,00000
;0,17600;0,03185;0,02543;0,00000;-3040,00000
;0,17650;0,07478;0,02427;0,00000;-3038,00000
;0,17700;-0,02453;0,02332;0,00000;-3037,00000
;0,17750;0,02929;0,02256;0,00000;-3037,00000
;0,17800;0,01775;0,02195;0,00000;-3035,00000
;0,17850;-0,00275;0,02144;0,00000;-3035,00000
;0,17900;-0,02325;0,02099;0,00000;-3034,00000
;0,17950;-0,06746;0,02046;0,00000;-3033,00000
;0,18000;0,01007;0,01972;0,00000;-3033,00000
;0,18050;-0,01684;0,01871;0,00000;-3033,00000
;0,18100;-0,02709;0,01742;0,00000;-3033,00000
;0,18150;-0,03735;0,01587;0,00000;-3032,00000
;0,18200;-0,03606;0,01403;0,00000;-3032,00000
;0,18250;-0,05272;0,01188;0,00000;-3032,00000
;0,18300;-0,01428;0,00942;0,00000;-3032,00000
;0,18350;0,02480;0,00671;0,00000;-3032,00000
;0,18400;-0,00980;0,00390;0,00000;-3032,00000
;0,18450;0,03505;0,00115;0,00000;-3033,00000
;0,18500;0,00302;-0,00142;0,00000;-3034,00000
;0,18550;0,01135;-0,00369;0,00000;-3034,00000
;0,18600;0,02544;-0,00560;0,00000;-3035,00000
;0,18650;0,02544;-0,00709;0,00000;-3036,00000
;0,18700;0,04210;-0,00810;0,00000;-3037,00000
;0,18750;-0,03094;-0,00862;0,00000;-3037,00000
;0,18800;0,00622;-0,00869;0,00000;-3037,00000
;0,18850;-0,01492;-0,00843;0,00000;-3037,00000
;0,18900;0,01519;-0,00792;0,00000;-3037,00000
;0,18950;-0,01620;-0,00724;0,00000;-3037,00000
;0,19000;-0,03671;-0,00645;0,00000;-3037,00000
;0,19050;-0,01428;-0,00566;0,00000;-3038,00000
;0,19100;-0,01364;-0,00496;0,00000;-3038,00000
;0,19150;-0,02774;-0,00439;0,00000;-3038,00000
;0,19200;0,04338;-0,00398;0,00000;-3038,00000
;0,19250;-0,05464;-0,00369;0,00000;-3038,00000
;0,19300;-0,03286;-0,00352;0,00000;-3038,00000
;0,19350;-0,04375;-0,00356;0,00000;-3038,00000
;0,19400;0,07093;-0,00381;0,00000;-3038,00000
;0,19450;-0,00147;-0,00418;0,00000;-3037,00000
;0,19500;0,04274;-0,00452;0,00000;-3037,00000
;0,19550;0,00750;-0,00473;0,00000;-3036,00000
;0,19600;0,02160;-0,00475;0,00000;-3036,00000
;0,19650;-0,03799;-0,00456;0,00000;-3036,00000
;0,19700;0,04979;-0,00423;0,00000;-3036,00000
;0,19750;-0,00467;-0,00376;0,00000;-3036,00000
;0,19800;0,01519;-0,00314;0,00000;-3036,00000
;0,19850;0,00622;-0,00241;0,00000;-3036,00000
;0,19900;0,06132;-0,00156;0,00000;-3036,00000
;0,19950;0,04274;-0,00054;0,00000;-3036,00000
;0,20000;0,02544;0,00070;0,00000;-3036,00000
;0,20050;-0,01492;0,00216;0,00000;-3036,00000
;0,20100;0,08887;0,00378;0,00000;-3036,00000
;0,20150;0,00622;0,00554;0,00000;-3036,00000
;0,20200;0,09079;0,00746;0,00000;-3036,00000
;0,20250;0,02224;0,00957;0,00000;-3036,00000
;0,20300;0,05107;0,01187;0,00000;-3036,00000
;0,20350;0,01647;0,01430;0,00000;-3036,00000
;0,20400;0,00814;0,01678;0,00000;-3036,00000
;0,20450;-0,01044;0,01918;0,00000;-3036,00000
;0,20500;0,05684;0,02140;0,00000;-3036,00000
;0,20550;0,02032;0,02339;0,00000;-3036,00000
;0,20600;0,08503;0,02519;0,00000;-3036,00000
;0,20650;-0,03158;0,02682;0,00000;-3036,00000
;0,20700;0,02672;0,02827;0,00000;-3037,00000
;0,20750;0,02352;0,02947;0,00000;-3037,00000
;0,20800;0,03441;0,03040;0,00000;-3037,00000
;0,20850;0,02352;0,03110;0,00000;-3037,00000
;0,20900;0,06709;0,03159;0,00000;-3037,00000
;0,20950;0,03954;0,03197;0,00000;-3037,00000
;0,21000;0,10681;0,03231;0,00000;-3037,00000
;0,21050;-0,00851;0,03272;0,00000;-3037,00000
;0,21100;0,08695;0,03324;0,00000;-3037,00000
;0,21150;0,02865;0,03384;0,00000;-3037,00000
;0,21200;0,06581;0,03455;0,00000;-3037,00000
;0,21250;0,01711;0,03535;0,00000;-3037,00000
;0,21300;0,05620;0,03620;0,00000;-3037,00000
;0,21350;0,01775;0,03706;0,00000;-3037,00000
;0,21400;0,05235;0,03790;0,00000;-3037,00000
;0,21450;0,00622;0,03866;0,00000;-3037,00000
;0,21500;0,09079;0,03934;0,00000;-3037,00000
;0,21550;0,00942;0,03994;0,00000;-3037,00000
;0,21600;0,09336;0,04048;0,00000;-3037,00000
;0,21650;0,03249;0,04102;0,00000;-3037,00000
;0,21700;0,02224;0,04156;0,00000;-3037,00000
;0,21750;0,05363;0,04207;0,00000;-3037,00000
;0,21800;0,03954;0,04253;0,00000;-3037,00000
;0,21850;0,00110;0,04291;0,00000;-3037,00000
;0,21900;0,03697;0,04316;0,00000;-3037,00000
;0,21950;0,00878;0,04323;0,00000;-3037,00000
;0,22000;0,06901;0,04312;0,00000;-3037,00000
;0,22050;-0,00211;0,04284;0,00000;-3037,00000
;0,22100;0,02032;0,04240;0,00000;-3037,00000
;0,22150;0,04018;0,04179;0,00000;-3037,00000
;0,22200;0,02480;0,04103;0,00000;-3037,00000
;0,22250;-0,00467;0,04014;0,00000;-3037,00000
;0,22300;-0,00916;0,03909;0,00000;-3037,00000
;0,22350;0,07413;0,03787;0,00000;-3037,00000
;0,22400;-0,01364;0,03651;0,00000;-3037,00000
;0,22450;0,00238;0,03507;0,00000;-3037,00000
;0,22500;0,06068;0,03354;0,00000;-3037,00000
;0,22550;0,00366;0,03198;0,00000;-3037,00000
;0,22600;0,01199;0,03044;0,00000;-3037,00000
;0,22650;0,01007;0,02892;0,00000;-3037,00000
;0,22700;0,00366;0,02741;0,00000;-3037,00000
;0,22750;0,00045;0,02591;0,00000;-3037,00000
;0,22800;-0,00851;0,02438;0,00000;-3037,00000
;0,22850;-0,02966;0,02281;0,00000;-3037,00000
;0,22900;0,02288;0,02114;0,00000;-3037,00000
;0,22950;0,00302;0,01940;0,00000;-3037,00000
;0,23000;-0,00467;0,01762;0,00000;-3037,00000
;0,23050;0,00878;0,01585;0,00000;-3037,00000
;0,23100;-0,02133;0,01409;0,00000;0,00000
;0,23150;0,01775;0,01236;0,00000;0,00000
;0,23200;-0,02197;0,01067;0,00000;0,00000
;0,23250;0,01071;0,00903;0,00000;0,00000
;0,23300;0,02480;0,00747;0,00000;0,00000
;0,23350;-0,01236;0,00603;0,00000;0,00000
;0,23400;-0,02709;0,00473;0,00000;0,00000
;0,23450;0,00110;0,00354;0,00000;0,00000
;0,23500;-0,00980;0,00241;0,00000;0,00000
;0,23550;0,06709;0,00137;0,00000;0,00000
;0,23600;-0,02197;0,00051;0,00000;0,00000
;0,23650;0,01199;-0,00015;0,00000;0,00000
;0,23700;0,03762;-0,00059;0,00000;0,00000
;0,23750;-0,00723;-0,00080;0,00000;0,00000
;0,23800;0,02736;-0,00078;0,00000;0,00000
;0,23850;-0,00787;-0,00055;0,00000;0,00000
;0,23900;-0,02774;-0,00017;0,00000;0,00000
;0,23950;-0,00851;0,00027;0,00000;0,00000
;0,24000;-0,05336;0,00067;0,00000;0,00000
;0,24050;0,02416;0,00093;0,00000;0,00000
;0,24100;-0,01877;0,00104;0,00000;0,00000
;0,24150;0,02096;0,00102;0,00000;0,00000
;0,24200;0,03249;0,00093;0,00000;0,00000
;0,24250;0,02352;0,00086;0,00000;0,00000
;0,24300;0,03121;0,00089;0,00000;0,00000
;0,24350;-0,03863;0,00106;0,00000;0,00000
;0,24400;0,03633;0,00134;0,00000;0,00000
;0,24450;0,07285;0,00172;0,00000;0,00000
;0,24500;-0,03350;0,00226;0,00000;0,00000
;0,24550;0,05427;0,00297;0,00000;0,00000
;0,24600;-0,01300;0,00382;0,00000;0,00000
;0,24650;-0,04247;0,00475;0,00000;0,00000
;0,24700;-0,02517;0,00562;0,00000;0,00000
;0,24750;0,01711;0,00631;0,00000;0,00000
;0,24800;-0,01620;0,00679;0,00000;0,00000
;0,24850;0,10297;0,00710;0,00000;0,00000
;0,24900;0,05363;0,00739;0,00000;0,00000
;0,24950;0,07157;0,00786;0,00000;0,00000
;0,25000;-0,02261;0,00859;0,00000;0,00000
;0,25050;0,03890;0,00956;0,00000;0,00000
;0,25100;0,02160;0,01068;0,00000;0,00000
;0,25150;0,03441;0,01193;0,00000;0,00000
;0,25200;0,02288;0,01327;0,00000;0,00000
;0,25250;0,03505;0,01466;0,00000;0,00000
;0,25300;0,06132;0,01612;0,00000;0,00000
;0,25350;0,05427;0,01764;0,00000;0,00000
;0,25400;0,03441;0,01928;0,00000;0,00000
;0,25450;0,08951;0,02104;0,00000;0,00000
;0,25500;0,00430;0,02293;0,00000;0,00000
;0,25550;0,05299;0,02491;0,00000;0,00000
;0,25600;0,04274;0,02692;0,00000;0,00000
;0,25650;0,04723;0,02893;0,00000;0,00000
;0,25700;-0,01748;0,03088;0,00000;0,00000
;0,25750;0,06517;0,03268;0,00000;0,00000
;0,25800;0,03377;0,03430;0,00000;0,00000
;0,25850;0,07542;0,03574;0,00000;0,00000
;0,25900;0,01904;0,03705;0,00000;0,00000
;0,25950;0,07349;0,03825;0,00000;0,00000
;0,26000;0,03313;0,03935;0,00000;0,00000
;0,26050;0,07606;0,04038;0,00000;0,00000
;0,26100;0,00622;0,04135;0,00000;0,00000
;0,26150;0,09784;0,04226;0,00000;0,00000
;0,26200;-0,00980;0,04310;0,00000;0,00000
;0,26250;0,10553;0,04387;0,00000;0,00000
;0,26300;0,02288;0,04458;0,00000;0,00000
;0,26350;0,09271;0,04526;0,00000;0,00000
;0,26400;-0,01172;0,04593;0,00000;0,00000
;0,26450;0,08759;0,04656;0,00000;0,00000
;0,26500;0,02352;0,04712;0,00000;0,00000
;0,26550;0,04210;0,04760;0,00000;0,00000
;0,26600;0,07606;0,04800;0,00000;0,00000
;0,26650;0,05876;0,04834;0,00000;0,00000
;0,26700;0,05940;0,04867;0,00000;0,00000
;0,26750;0,07349;0,04903;0,00000;0,00000
;0,26800;-0,00659;0,04943;0,00000;0,00000
;0,26850;0,05491;0,04980;0,00000;0,00000
;0,26900;-0,02966;0,05005;0,00000;0,00000
;0,26950;0,02608;0,05007;0,00000;0,00000
;0,27000;0,03633;0,04979;0,00000;0,00000
;0,27050;0,05171;0,04923;0,00000;0,00000
;0,27100;0,09079;0,04847;0,00000;0,00000
;0,27150;0,05876;0,04767;0,00000;0,00000
;0,27200;0,01135;0,04691;0,00000;0,00000
;0,27250;0,02865;0,04620;0,00000;0,00000
;0,27300;0,05555;0,04549;0,00000;0,00000
;0,27350;0,08695;0,04482;0,00000;0,00000
;0,27400;-0,09181;0,04419;0,00000;0,00000
;0,27450;0,02288;0,04351;0,00000;0,00000
;0,27500;0,03313;0,04263;0,00000;0,00000
;0,27550;0,07285;0,04156;0,00000;0,00000
;0,27600;0,02929;0,04042;0,00000;0,00000
;0,27650;0,04210;0,03929;0,00000;0,00000
;0,27700;-0,00980;0,03820;0,00000;0,00000
;0,27750;0,03826;0,03713;0,00000;0,00000
;0,27800;-0,00916;0,03603;0,00000;0,00000
;0,27850;-0,01044;0,03488;0,00000;0,00000
;0,27900;-0,01428;0,03359;0,00000;0,00000
;0,27950;0,03121;0,03213;0,00000;0,00000
;0,28000;0,02096;0,03052;0,00000;0,00000
;0,28050;0,04146;0,02884;0,00000;0,00000
;0,28100;-0,00467;0,02718;0,00000;0,00000
;0,28150;0,01071;0,02555;0,00000;0,00000
;0,28200;-0,01492;0,02396;0,00000;0,00000
;0,28250;0,01775;0,02237;0,00000;0,00000
;0,28300;0,00366;0,02079;0,00000;0,00000
;0,28350;0,00494;0,01924;0,00000;0,00000
;0,28400;0,00045;0,01771;0,00000;0,00000
;0,28450;-0,04119;0,01620;0,00000;0,00000
;0,28500;-0,01748;0,01466;0,00000;0,00000
;0,28550;0,02608;0,01305;0,00000;0,00000
;0,28600;-0,07258;0,01136;0,00000;0,00000
;0,28650;-0,03735;0,00958;0,00000;0,00000
;0,28700;-0,01556;0,00763;0,00000;0,00000
;0,28750;0,01135;0,00552;0,00000;0,00000
;0,28800;0,02224;0,00335;0,00000;0,00000
;0,28850;-0,04632;0,00123;0,00000;0,00000
;0,28900;0,00814;-0,00079;0,00000;0,00000
;0,28950;-0,03350;-0,00271;0,00000;0,00000
;0,29000;0,02160;-0,00451;0,00000;0,00000
;0,29050;0,04915;-0,00613;0,00000;0,00000
;0,29100;-0,00916;-0,00745;0,00000;0,00000
;0,29150;-0,02902;-0,00844;0,00000;0,00000
;0,29200;0,03185;-0,00912;0,00000;0,00000
;0,29250;0,01007;-0,00952;0,00000;0,00000
;0,29300;-0,02005;-0,00964;0,00000;0,00000
;0,29350;-0,00147;-0,00950;0,00000;0,00000
;0,29400;0,09143;-0,00915;0,00000;0,00000
;0,29450;0,02416;-0,00851;0,00000;0,00000
;0,29500;0,01455;-0,00750;0,00000;0,00000
;0,29550;-0,02709;-0,00616;0,00000;0,00000
;0,29600;0,01391;-0,00463;0,00000;0,00000
;0,29650;-0,04632;-0,00301;0,00000;0,00000
;0,29700;0,02096;-0,00145;0,00000;0,00000
;0,29750;-0,02069;-0,00001;0,00000;0,00000
;0,29800;0,04018;0,00128;0,00000;0,00000
;0,29850;-0,00467;0,00242;0,00000;0,00000
;0,29900;0,04210;0,00347;0,00000;0,00000
;0,29950;0,01007;0,00446;0,00000;0,00000
;0,30000;0,00366;0,00541;0,00000;0,00000
;0,30050;-0,00851;0,00631;0,00000;0,00000
;0,30100;0,00878;0,00712;0,00000;0,00000
;0,30150;0,03762;0,00782;0,00000;0,00000
;0,30200;0,03377;0,00845;0,00000;0,00000
;0,30250;-0,01813;0,00907;0,00000;0,00000
;0,30300;0,05235;0,00968;0,00000;0,00000
;0,30350;0,01455;0,01029;0,00000;0,00000
;0,30400;0,09207;0,01096;0,00000;0,00000
;0,30450;0,08310;0,01179;0,00000;0,00000
;0,30500;0,06837;0,01292;0,00000;0,00000
;0,30550;-0,01428;0,01440;0,00000;0,00000
;0,30600;0,08695;0,01617;0,00000;0,00000
;0,30650;0,08118;0,01818;0,00000;0,00000
;0,30700;0,08951;0,02046;0,00000;0,00000
;0,30750;-0,03799;0,02302;0,00000;0,00000
;0,30800;0,07093;0,02572;0,00000;0,00000
;0,30850;0,03633;0,02842;0,00000;0,00000
;0,30900;0,03313;0,03105;0,00000;0,00000
;0,30950;0,03697;0,03355;0,00000;0,00000
;0,31000;0,06260;0,03588;0,00000;0,00000
;0,31050;0,03057;0,03801;0,00000;0,00000
;0,31100;0,06965;0,03994;0,00000;0,00000
;0,31150;0,01391;0,04168;0,00000;0,00000
;0,31200;0,10489;0,04323;0,00000;0,00000
;0,31250;0,02865;0,04462;0,00000;0,00000
;0,31300;0,08439;0,04590;0,00000;0,00000
;0,31350;-0,04375;0,04705;0,00000;0,00000
;0,31400;0,05812;0,04800;0,00000;0,00000
;0,31450;0,03569;0,04867;0,00000;0,00000
;0,31500;0,04979;0,04907;0,00000;0,00000
;0,31550;0,02032;0,04923;0,00000;0,00000
;0,31600;0,11578;0,04919;0,00000;0,00000
;0,31650;0,01904;0,04904;0,00000;0,00000
;0,31700;0,04530;0,04886;0,00000;0,00000
;0,31750;0,01263;0,04862;0,00000;0,00000
;0,31800;0,02800;0,04829;0,00000;0,00000
;0,31850;0,00110;0,04781;0,00000;0,00000
;0,31900;0,04338;0,04714;0,00000;0,00000
;0,31950;0,03377;0,04629;0,00000;0,00000
;0,32000;0,02416;0,04528;0,00000;0,00000
;0,32050;0,07478;0,04418;0,00000;0,00000
;0,32100;0,06837;0,04308;0,00000;0,00000
;0,32150;-0,01748;0,04205;0,00000;0,00000
;0,32200;0,03890;0,04109;0,00000;0,00000
;0,32250;0,04979;0,04016;0,00000;0,00000
;0,32300;0,08631;0,03929;0,00000;0,00000
;0,32350;-0,02645;0,03856;0,00000;0,00000
;0,32400;0,04658;0,03793;0,00000;0,00000
;0,32450;-0,02325;0,03733;0,00000;0,00000
;0,32500;0,09143;0,03670;0,00000;0,00000
;0,32550;0,01135;0,03608;0,00000;0,00000
;0,32600;0,00302;0,03548;0,00000;0,00000
;0,32650;0,02032;0,03486;0,00000;0,00000
;0,32700;0,04338;0,03420;0,00000;0,00000
;0,32750;0,03633;0,03351;0,00000;0,00000
;0,32800;0,01711;0,03283;0,00000;0,00000
;0,32850;-0,03799;0,03215;0,00000;0,00000
;0,32900;0,05748;0,03140;0,00000;0,00000
;0,32950;0,01327;0,03056;0,00000;0,00000
;0,33000;0,05171;0,02969;0,00000;0,00000
;0,33050;0,03890;0,02884;0,00000;0,00000
;0,33100;0,02993;0,02809;0,00000;0,00000
;0,33150;-0,02325;0,02744;0,00000;0,00000
;0,33200;0,03890;0,02683;0,00000;0,00000
;0,33250;0,07157;0,02627;0,00000;0,00000
;0,33300;0,00430;0,02579;0,00000;0,00000
;0,33350;0,04338;0,02544;0,00000;0,00000
;0,33400;0,00302;0,02521;0,00000;0,00000
;0,33450;0,00045;0,02504;0,00000;0,00000
;0,33500;0,02865;0,02488;0,00000;0,00000
;0,33550;0,01711;0,02470;0,00000;0,00000
;0,33600;-0,01877;0,02447;0,00000;0,00000
;0,33650;0,01007;0,02415;0,00000;0,00000
;0,33700;0,02993;0,02370;0,00000;0,00000
;0,33750;0,00494;0,02315;0,00000;0,00000
;0,33800;-0,00339;0,02251;0,00000;0,00000
;0,33850;-0,03671;0,02176;0,00000;0,00000
;0,33900;0,03762;0,02085;0,00000;0,00000
;0,33950;-0,01364;0,01979;0,00000;0,00000
;0,34000;-0,00980;0,01860;0,00000;0,00000
;0,34050;0,05555;0,01732;0,00000;0,00000
;0,34100;-0,05785;0,01599;0,00000;0,00000
;0,34150;-0,03671;0,01461;0,00000;0,00000
;0,34200;-0,02581;0,01308;0,00000;0,00000
;0,34250;-0,05913;0,01135;0,00000;0,00000
;0,34300;0,02736;0,00938;0,00000;0,00000
;0,34350;0,00878;0,00725;0,00000;0,00000
;0,34400;0,02288;0,00509;0,00000;0,00000
;0,34450;0,04082;0,00305;0,00000;0,00000
;0,34500;-0,02581;0,00124;0,00000;0,00000
;0,34550;0,01455;-0,00030;0,00000;0,00000
;0,34600;-0,00019;-0,00157;0,00000;0,00000
;0,34650;0,01839;-0,00258;0,00000;0,00000
;0,34700;0,03441;-0,00330;0,00000;0,00000
;0,34750;0,05684;-0,00368;0,00000;0,00000
;0,34800;-0,01684;-0,00367;0,00000;0,00000
;0,34850;0,05620;-0,00328;0,00000;0,00000
;0,34900;-0,01044;-0,00254;0,00000;0,00000
;0,34950;0,03249;-0,00151;0,00000;0,00000
;0,35000;-0,00916;-0,00025;0,00000;0,00000
;0,35050;0,04082;0,00116;0,00000;0,00000
;0,35100;-0,00211;0,00267;0,00000;0,00000
;0,35150;0,07221;0,00427;0,00000;0,00000
;0,35200;-0,01684;0,00594;0,00000;0,00000
;0,35250;0,04338;0,00767;0,00000;0,00000
;0,35300;-0,08155;0,00937;0,00000;0,00000
;0,35350;-0,00595;0,01090;0,00000;0,00000
;0,35400;-0,03158;0,01209;0,00000;0,00000
;0,35450;0,09079;0,01291;0,00000;0,00000
;0,35500;0,00302;0,01345;0,00000;0,00000
;0,35550;0,04530;0,01385;0,00000;0,00000
;0,35600;0,02929;0,01418;0,00000;0,00000
;0,35650;0,06709;0,01454;0,00000;0,00000
;0,35700;-0,00339;0,01498;0,00000;0,00000
;0,35750;0,04979;0,01554;0,00000;0,00000
;0,35800;-0,02581;0,01617;0,00000;0,00000
;0,35850;0,10489;0,01686;0,00000;0,00000
;0,35900;-0,01492;0,01761;0,00000;0,00000
;0,35950;0,06132;0,01845;0,00000;0,00000
;0,36000;0,06581;0,01938;0,00000;0,00000
;0,36050;0,02672;0,02045;0,00000;0,00000
;0,36100;0,03890;0,02166;0,00000;0,00000
;0,36150;0,04851;0,02298;0,00000;0,00000
;0,36200;0,02608;0,02439;0,00000;0,00000
;0,36250;0,11834;0,02587;0,00000;0,00000
;0,36300;0,09848;0,02751;0,00000;0,00000
;0,36350;0,03762;0,02940;0,00000;0,00000
;0,36400;-0,01172;0,03152;0,00000;0,00000
;0,36450;0,03697;0,03369;0,00000;0,00000
;0,36500;0,04594;0,03578;0,00000;0,00000
;0,36550;0,06581;0,03772;0,00000;0,00000
;0,36600;0,03697;0,03952;0,00000;0,00000
;0,36650;0,06196;0,04119;0,00000;0,00000
;0,36700;-0,05785;0,04268;0,00000;0,00000
;0,36750;0,05620;0,04389;0,00000;0,00000
;0,36800;-0,02069;0,04470;0,00000;0,00000
;0,36850;0,02800;0,04509;0,00000;0,00000
;0,36900;0,02352;0,04503;0,00000;0,00000
;0,36950;0,11514;0,04460;0,00000;0,00000
;0,37000;0,07093;0,04399;0,00000;0,00000
;0,37050;0,03057;0,04338;0,00000;0,00000
;0,37100;0,04787;0,04285;0,00000;0,00000
;0,37150;0,07542;0,04240;0,00000;0,00000
;0,37200;0,02416;0,04208;0,00000;0,00000
;0,37250;0,04594;0,04188;0,00000;0,00000
;0,37300;-0,02838;0,04175;0,00000;0,00000
;0,37350;0,03057;0,04158;0,00000;0,00000
;0,37400;0,05299;0,04129;0,00000;0,00000
;0,37450;0,04594;0,04090;0,00000;0,00000
;0,37500;0,00686;0,04046;0,00000;0,00000
;0,37550;0,01455;0,03995;0,00000;0,00000
;0,37600;0,03890;0,03935;0,00000;0,00000
;0,37650;0,04082;0,03866;0,00000;0,00000
;0,37700;0,00366;0,03791;0,00000;0,00000
;0,37750;0,03057;0,03711;0,00000;0,00000
;0,37800;0,01007;0,03624;0,00000;0,00000
;0,37850;0,03505;0,03530;0,00000;0,00000
;0,37900;0,01199;0,03431;0,00000;0,00000
;0,37950;0,01711;0,03327;0,00000;0,00000
;0,38000;0,05043;0,03220;0,00000;0,00000
;0,38050;0,02352;0,03115;0,00000;0,00000
;0,38100;-0,01941;0,03014;0,00000;0,00000
;0,38150;0,05748;0,02915;0,00000;0,00000
;0,38200;-0,05593;0,02816;0,00000;0,00000
;0,38250;0,01647;0,02710;0,00000;0,00000
;0,38300;0,02032;0,02594;0,00000;0,00000
;0,38350;0,06901;0,02471;0,00000;0,00000
;0,38400;-0,08155;0,02349;0,00000;0,00000
;0,38450;0,03954;0,02225;0,00000;0,00000
;0,38500;0,01071;0,02095;0,00000;0,00000
;0,38550;-0,01748;0,01962;0,00000;0,00000
;0,38600;-0,01044;0,01826;0,00000;0,00000
;0,38650;0,02672;0,01684;0,00000;0,00000
;0,38700;-0,01044;0,01540;0,00000;0,00000
;0,38750;-0,00147;0,01397;0,00000;0,00000
;0,38800;-0,05913;0,01252;0,00000;0,00000
;0,38850;0,00110;0,01100;0,00000;0,00000
;0,38900;-0,01941;0,00937;0,00000;0,00000
;0,38950;-0,02774;0,00763;0,00000;0,00000
;0,39000;-0,02325;0,00580;0,00000;0,00000
;0,39050;-0,00467;0,00388;0,00000;0,00000
;0,39100;0,00110;0,00191;0,00000;0,00000
;0,39150;-0,03350;-0,00005;0,00000;0,00000
;0,39200;-0,02838;-0,00198;0,00000;0,00000
;0,39250;-0,07899;-0,00390;0,00000;0,00000
;0,39300;0,04915;-0,00586;0,00000;0,00000
;0,39350;-0,01813;-0,00781;0,00000;0,00000
;0,39400;-0,04311;-0,00965;0,00000;0,00000
;0,39450;-0,04119;-0,01138;0,00000;0,00000
;0,39500;0,02224;-0,01302;0,00000;0,00000
;0,39550;0,03569;-0,01452;0,00000;0,00000
;0,39600;-0,01492;-0,01576;0,00000;0,00000
;0,39650;-0,00787;-0,01666;0,00000;0,00000
;0,39700;0,07862;-0,01722;0,00000;0,00000
;0,39750;0,00430;-0,01735;0,00000;0,00000
;0,39800;0,02544;-0,01701;0,00000;0,00000
;0,39850;-0,01620;-0,01620;0,00000;0,00000
;0,39900;0,02224;-0,01502;0,00000;0,00000
;0,39950;-0,04439;-0,01356;0,00000;0,00000
;0,40000;-0,00467;-0,01195;0,00000;0,00000
;0,40050;-0,03991;-0,01033;0,00000;0,00000
;0,40100;0,02288;-0,00878;0,00000;0,00000
;0,40150;-0,01172;-0,00737;0,00000;0,00000
;0,40200;0,04851;-0,00605;0,00000;0,00000
;0,40250;-0,03222;-0,00481;0,00000;0,00000
;0,40300;0,02800;-0,00362;0,00000;0,00000
;0,40350;0,00622;-0,00249;0,00000;0,00000
;0,40400;0,03826;-0,00140;0,00000;0,00000
;0,40450;0,00878;-0,00030;0,00000;0,00000
;0,40500;-0,01492;0,00081;0,00000;0,00000
;0,40550;-0,00916;0,00189;0,00000;0,00000
;0,40600;0,04979;0,00288;0,00000;0,00000
;0,40650;-0,03350;0,00381;0,00000;0,00000
;0,40700;0,01647;0,00464;0,00000;0,00000
;0,40750;-0,03094;0,00536;0,00000;0,00000
;0,40800;0,03826;0,00592;0,00000;0,00000
;0,40850;-0,00851;0,00633;0,00000;0,00000
;0,40900;0,08054;0,00667;0,00000;0,00000
;0,40950;0,02480;0,00702;0,00000;0,00000
;0,41000;0,05107;0,00750;0,00000;0,00000
;0,41050;0,03954;0,00817;0,00000;0,00000
;0,41100;0,04530;0,00907;0,00000;0,00000
;0,41150;-0,00147;0,01019;0,00000;0,00000
;0,41200;0,07413;0,01151;0,00000;0,00000
;0,41250;-0,00403;0,01297;0,00000;0,00000
;0,41300;0,01968;0,01454;0,00000;0,00000
;0,41350;0,06260;0,01615;0,00000;0,00000
;0,41400;0,09464;0,01782;0,00000;0,00000
;0,41450;0,04723;0,01961;0,00000;0,00000
;0,41500;0,06965;0,02160;0,00000;0,00000
;0,41550;0,04851;0,02378;0,00000;0,00000
;0,41600;0,07670;0,02613;0,00000;0,00000
;0,41650;0,00494;0,02862;0,00000;0,00000
;0,41700;0,05620;0,03115;0,00000;0,00000
;0,41750;-0,02197;0,03360;0,00000;0,00000
;0,41800;0,07798;0,03587;0,00000;0,00000
;0,41850;0,05427;0,03790;0,00000;0,00000
;0,41900;0,05684;0,03973;0,00000;0,00000
;0,41950;0,03377;0,04139;0,00000;0,00000
;0,42000;0,07606;0,04289;0,00000;0,00000
;0,42050;-0,02709;0,04423;0,00000;0,00000
;0,42100;0,06452;0,04533;0,00000;0,00000
;0,42150;0,00174;0,04616;0,00000;0,00000
;0,42200;0,02800;0,04668;0,00000;0,00000
;0,42250;0,06004;0,04688;0,00000;0,00000
;0,42300;0,11642;0,04685;0,00000;0,00000
;0,42350;-0,01620;0,04672;0,00000;0,00000
;0,42400;0,01711;0,04652;0,00000;0,00000
;0,42450;0,04466;0,04620;0,00000;0,00000
;0,42500;0,05940;0,04573;0,00000;0,00000
;0,42550;0,00110;0,04517;0,00000;0,00000
;0,42600;0,11258;0,04456;0,00000;0,00000
;0,42650;0,04979;0,04396;0,00000;0,00000
;0,42700;0,04082;0,04348;0,00000;0,00000
;0,42750;-0,02197;0,04311;0,00000;0,00000
;0,42800;0,03569;0,04275;0,00000;0,00000
;0,42850;0,07349;0,04233;0,00000;0,00000
;0,42900;0,03185;0,04189;0,00000;0,00000
;0,42950;-0,00531;0,04145;0,00000;0,00000
;0,43000;0,05171;0,04099;0,00000;0,00000
;0,43050;0,01519;0,04046;0,00000;0,00000
;0,43100;0,04979;0,03987;0,00000;0,00000
;0,43150;0,00622;0,03924;0,00000;0,00000
;0,43200;-0,01877;0,03853;0,00000;0,00000
;0,43250;0,03954;0,03770;0,00000;0,00000
;0,43300;0,01327;0,03672;0,00000;0,00000
;0,43350;-0,01236;0,03560;0,00000;0,00000
;0,43400;-0,00019;0,03431;0,00000;0,00000
;0,43450;-0,03414;0,03283;0,00000;0,00000
;0,43500;0,03057;0,03112;0,00000;0,00000
;0,43550;0,01775;0,02920;0,00000;0,00000
;0,43600;0,01711;0,02717;0,00000;0,00000
;0,43650;0,01519;0,02512;0,00000;0,00000
;0,43700;-0,00916;0,02309;0,00000;0,00000
;0,43750;0,07670;0,02112;0,00000;0,00000
;0,43800;-0,00787;0,01931;0,00000;0,00000
;0,43850;-0,03158;0,01768;0,00000;0,00000
;0,43900;-0,06874;0,01615;0,00000;0,00000
;0,43950;-0,01620;0,01457;0,00000;0,00000
;0,44000;0,00750;0,01284;0,00000;0,00000
;0,44050;0,01519;0,01100;0,00000;0,00000
;0,44100;0,00686;0,00915;0,00000;0,00000
;0,44150;-0,01941;0,00735;0,00000;0,00000
;0,44200;-0,00467;0,00563;0,00000;0,00000
;0,44250;0,01199;0,00400;0,00000;0,00000
;0,44300;0,04530;0,00250;0,00000;0,00000
;0,44350;-0,02774;0,00121;0,00000;0,00000
;0,44400;-0,04696;0,00013;0,00000;0,00000
;0,44450;-0,05400;-0,00085;0,00000;0,00000
;0,44500;-0,01300;-0,00186;0,00000;0,00000
;0,44550;0,02672;-0,00293;0,00000;0,00000
;0,44600;-0,05593;-0,00403;0,00000;0,00000
;0,44650;-0,01492;-0,00514;0,00000;0,00000
;0,44700;0,00238;-0,00626;0,00000;0,00000
;0,44750;0,03954;-0,00735;0,00000;0,00000
;0,44800;0,00942;-0,00831;0,00000;0,00000
;0,44850;-0,01620;-0,00903;0,00000;0,00000
;0,44900;0,02736;-0,00952;0,00000;0,00000
;0,44950;0,02865;-0,00974;0,00000;0,00000
;0,45000;-0,02133;-0,00968;0,00000;0,00000
;0,45050;0,02865;-0,00935;0,00000;0,00000
;0,45100;-0,02517;-0,00880;0,00000;0,00000
;0,45150;0,00878;-0,00807;0,00000;0,00000
;0,45200;-0,01684;-0,00724;0,00000;0,00000
;0,45250;-0,00723;-0,00636;0,00000;0,00000
;0,45300;-0,06682;-0,00552;0,00000;0,00000
;0,45350;0,05555;-0,00480;0,00000;0,00000
;0,45400;-0,02069;-0,00420;0,00000;0,00000
;0,45450;0,01968;-0,00369;0,00000;0,00000
;0,45500;0,00622;-0,00321;0,00000;0,00000
;0,45550;0,04274;-0,00273;0,00000;0,00000
;0,45600;-0,05080;-0,00221;0,00000;0,00000
;0,45650;0,01135;-0,00168;0,00000;0,00000
;0,45700;0,03313;-0,00117;0,00000;0,00000
;0,45750;-0,00531;-0,00067;0,00000;0,00000
;0,45800;0,02544;-0,00013;0,00000;0,00000
;0,45850;0,02544;0,00045;0,00000;0,00000
;0,45900;0,06132;0,00113;0,00000;0,00000
;0,45950;0,05043;0,00200;0,00000;0,00000
;0,46000;0,00494;0,00310;0,00000;0,00000
;0,46050;0,05363;0,00445;0,00000;0,00000
;0,46100;-0,01172;0,00598;0,00000;0,00000
;0,46150;0,02224;0,00765;0,00000;0,00000
;0,46200;-0,00147;0,00934;0,00000;0,00000
;0,46250;0,04210;0,01099;0,00000;0,00000
;0,46300;-0,02581;0,01256;0,00000;0,00000
;0,46350;0,00878;0,01399;0,00000;0,00000
;0,46400;0,04594;0,01523;0,00000;0,00000
;0,46450;0,11642;0,01633;0,00000;0,00000
;0,46500;0,00878;0,01744;0,00000;0,00000
;0,46550;0,04530;0,01865;0,00000;0,00000
;0,46600;0,04274;0,01995;0,00000;0,00000
;0,46650;0,04979;0,02134;0,00000;0,00000
;0,46700;0,01519;0,02281;0,00000;0,00000
;0,46750;0,02800;0,02430;0,00000;0,00000
;0,46800;0,02096;0,02576;0,00000;0,00000
;0,46850;0,12667;0,02717;0,00000;0,00000
;0,46900;-0,01941;0,02858;0,00000;0,00000
;0,46950;0,12411;0,03003;0,00000;0,00000
;0,47000;0,02800;0,03155;0,00000;0,00000
;0,47050;0,04082;0,03315;0,00000;0,00000
;0,47100;0,03377;0,03479;0,00000;0,00000
;0,47150;0,10168;0,03642;0,00000;0,00000
;0,47200;-0,00019;0,03804;0,00000;0,00000
;0,47250;0,09528;0,03964;0,00000;0,00000
;0,47300;-0,02838;0,04119;0,00000;0,00000
;0,47350;0,08823;0,04260;0,00000;0,00000
;0,47400;-0,04247;0,04383;0,00000;0,00000
;0,47450;0,11065;0,04481;0,00000;0,00000
;0,47500;-0,00980;0,04553;0,00000;0,00000
;0,47550;0,03441;0,04602;0,00000;0,00000
;0,47600;0,02865;0,04624;0,00000;0,00000
;0,47650;0,08054;0,04622;0,00000;0,00000
;0,47700;0,00238;0,04602;0,00000;0,00000
;0,47750;0,06004;0,04569;0,00000;0,00000
;0,47800;-0,03222;0,04521;0,00000;0,00000
;0,47850;0,06324;0,04456;0,00000;0,00000
;0,47900;0,00110;0,04373;0,00000;0,00000
;0,47950;0,09528;0,04276;0,00000;0,00000
;0,48000;0,00110;0,04173;0,00000;0,00000
;0,48050;0,02800;0,04069;0,00000;0,00000
;0,48100;0,06709;0,03967;0,00000;0,00000
;0,48150;0,05107;0,03869;0,00000;0,00000
;0,48200;0,00045;0,03783;0,00000;0,00000
;0,48250;0,11130;0,03709;0,00000;0,00000
;0,48300;-0,03350;0,03650;0,00000;0,00000
;0,48350;0,09912;0,03606;0,00000;0,00000
;0,48400;0,00878;0,03576;0,00000;0,00000
;0,48450;0,00622;0,03557;0,00000;0,00000
;0,48500;-0,02453;0,03541;0,00000;0,00000
;0,48550;0,04723;0,03516;0,00000;0,00000
;0,48600;0,02288;0,03477;0,00000;0,00000
;0,48650;-0,01108;0,03425;0,00000;0,00000
;0,48700;-0,03671;0,03358;0,00000;0,00000
;0,48750;0,05235;0,03266;0,00000;0,00000
;0,48800;-0,00147;0,03152;0,00000;0,00000
;0,48850;-0,00723;0,03020;0,00000;0,00000
;0,48900;-0,01172;0,02871;0,00000;0,00000
;0,48950;0,06709;0,02706;0,00000;0,00000
;0,49000;-0,03350;0,02532;0,00000;0,00000
;0,49050;0,04210;0,02357;0,00000;0,00000
;0,49100;-0,00531;0,02182;0,00000;0,00000
;0,49150;-0,00403;0,02012;0,00000;0,00000
;0,49200;-0,04119;0,01843;0,00000;0,00000
;0,49250;-0,00723;0,01671;0,00000;0,00000
;0,49300;0,05043;0,01492;0,00000;0,00000
;0,49350;0,04915;0,01318;0,00000;0,00000
;0,49400;0,00750;0,01162;0,00000;0,00000
;0,49450;-0,03158;0,01029;0,00000;0,00000
;0,49500;0,09336;0,00918;0,00000;0,00000
;0,49550;0,02608;0,00834;0,00000;0,00000
;0,49600;-0,03671;0,00782;0,00000;0,00000
;0,49650;-0,01877;0,00755;0,00000;0,00000
;0,49700;0,00174;0,00739;0,00000;0,00000
;0,49750;0,01647;0,00726;0,00000;0,00000
;0,49800;0,00942;0,00715;0,00000;0,00000
;0,49850;-0,04503;0,00705;0,00000;0,00000
;0,49900;-0,00916;0,00691;0,00000;0,00000
;0,49950;-0,03094;0,00663;0,00000;0,00000
;0,50000;-0,02069;0,00616;0,00000;0,00000
;0,50050;-0,01556;0,00549;0,00000;0,00000
;0,50100;-0,04760;0,00459;0,00000;0,00000
;0,50150;-0,05657;0,00344;0,00000;0,00000
;0,50200;0,02224;0,00201;0,00000;0,00000
;0,50250;-0,06041;0,00035;0,00000;0,00000
;0,50300;0,02736;-0,00149;0,00000;0,00000
;0,50350;-0,02389;-0,00341;0,00000;0,00000
;0,50400;0,08631;-0,00528;0,00000;0,00000
;0,50450;-0,01236;-0,00695;0,00000;0,00000
;0,50500;0,04210;-0,00827;0,00000;0,00000
;0,50550;0,04594;-0,00917;0,00000;0,00000
;0,50600;0,00622;-0,00958;0,00000;0,00000
;0,50650;0,01455;-0,00950;0,00000;0,00000
;0,50700;0,04787;-0,00897;0,00000;0,00000
;0,50750;-0,02581;-0,00803;0,00000;0,00000
;0,50800;0,03377;-0,00676;0,00000;0,00000
;0,50850;-0,01492;-0,00525;0,00000;0,00000
;0,50900;0,06773;-0,00357;0,00000;0,00000
;0,50950;0,00430;-0,00173;0,00000;0,00000
;0,51000;-0,03350;0,00021;0,00000;0,00000
;0,51050;-0,06041;0,00212;0,00000;0,00000
;0,51100;0,02352;0,00382;0,00000;0,00000
;0,51150;-0,01364;0,00522;0,00000;0,00000
;0,51200;0,07542;0,00633;0,00000;0,00000
;0,51250;0,01647;0,00727;0,00000;0,00000
;0,51300;0,00174;0,00813;0,00000;0,00000
;0,51350;0,00366;0,00893;0,00000;0,00000
;0,51400;0,02416;0,00964;0,00000;0,00000
;0,51450;0,01519;0,01026;0,00000;0,00000
;0,51500;0,02865;0,01083;0,00000;0,00000
;0,51550;-0,02261;0,01136;0,00000;0,00000
;0,51600;0,05491;0,01183;0,00000;0,00000
;0,51650;0,00622;0,01225;0,00000;0,00000
;0,51700;0,02160;0,01266;0,00000;0,00000
;0,51750;-0,03863;0,01305;0,00000;0,00000
;0,51800;0,04274;0,01335;0,00000;0,00000
;0,51850;0,00558;0,01355;0,00000;0,00000
;0,51900;0,05299;0,01370;0,00000;0,00000
;0,51950;0,06324;0,01386;0,00000;0,00000
;0,52000;0,07734;0,01417;0,00000;0,00000
;0,52050;0,02224;0,01473;0,00000;0,00000
;0,52100;0,04466;0,01558;0,00000;0,00000
;0,52150;0,01135;0,01666;0,00000;0,00000
;0,52200;0,11642;0,01795;0,00000;0,00000
;0,52250;-0,00403;0,01944;0,00000;0,00000
;0,52300;0,09207;0,02116;0,00000;0,00000
;0,52350;0,01519;0,02305;0,00000;0,00000
;0,52400;0,08695;0,02509;0,00000;0,00000
;0,52450;0,02288;0,02724;0,00000;0,00000
;0,52500;0,04338;0,02947;0,00000;0,00000
;0,52550;0,02288;0,03168;0,00000;0,00000
;0,52600;0,05620;0,03380;0,00000;0,00000
;0,52650;0,02032;0,03579;0,00000;0,00000
;0,52700;0,03249;0,03759;0,00000;0,00000
;0,52750;0,01583;0,03916;0,00000;0,00000
;0,52800;0,09912;0,04048;0,00000;0,00000
;0,52850;0,04402;0,04159;0,00000;0,00000
;0,52900;0,05812;0,04259;0,00000;0,00000
;0,52950;0,03633;0,04349;0,00000;0,00000
;0,53000;0,09015;0,04433;0,00000;0,00000
;0,53050;-0,00083;0,04512;0,00000;0,00000
;0,53100;0,03505;0,04582;0,00000;0,00000
;0,53150;0,02160;0,04638;0,00000;0,00000
;0,53200;0,06581;0,04675;0,00000;0,00000
;0,53250;0,05684;0,04696;0,00000;0,00000
;0,53300;0,02865;0,04706;0,00000;0,00000
;0,53350;0,01199;0,04706;0,00000;0,00000
;0,53400;0,06773;0,04693;0,00000;0,00000
;0,53450;0,08887;0,04670;0,00000;0,00000
;0,53500;0,03890;0,04648;0,00000;0,00000
;0,53550;-0,01236;0,04629;0,00000;0,00000
;0,53600;0,03697;0,04607;0,00000;0,00000
;0,53650;0,05940;0,04575;0,00000;0,00000
;0,53700;0,01263;0,04535;0,00000;0,00000
;0,53750;0,00430;0,04484;0,00000;0,00000
;0,53800;0,03057;0,04420;0,00000;0,00000
;0,53850;0,06324;0,04342;0,00000;0,00000
;0,53900;0,02608;0,04254;0,00000;0,00000
;0,53950;-0,02517;0,04160;0,00000;0,00000
;0,54000;0,04723;0,04057;0,00000;0,00000
;0,54050;0,04082;0,03943;0,00000;0,00000
;0,54100;0,02544;0,03824;0,00000;0,00000
;0,54150;-0,00659;0,03703;0,00000;0,00000
;0,54200;-0,01684;0,03576;0,00000;0,00000
;0,54250;0,03505;0,03439;0,00000;0,00000
;0,54300;-0,00339;0,03289;0,00000;0,00000
;0,54350;-0,08155;0,03125;0,00000;0,00000
;0,54400;0,03313;0,02940;0,00000;0,00000
;0,54450;-0,01748;0,02730;0,00000;0,00000
;0,54500;-0,01364;0,02499;0,00000;0,00000
;0,54550;-0,02005;0,02250;0,00000;0,00000
;0,54600;-0,01428;0,01986;0,00000;0,00000
;0,54650;0,00494;0,01710;0,00000;0,00000
;0,54700;-0,02517;0,01427;0,00000;0,00000
;0,54750;-0,03286;0,01143;0,00000;0,00000
;0,54800;-0,05913;0,00854;0,00000;0,00000
;0,54850;0,00302;0,00560;0,00000;0,00000
;0,54900;-0,05336;0,00261;0,00000;0,00000
;0,54950;0,02288;-0,00038;0,00000;0,00000
;0,55000;-0,06746;-0,00332;0,00000;0,00000
;0,55050;0,00622;-0,00616;0,00000;0,00000
;0,55100;0,01135;-0,00885;0,00000;0,00000
;0,55150;-0,04568;-0,01132;0,00000;0,00000
;0,55200;-0,02197;-0,01355;0,00000;0,00000
;0,55250;0,00494;-0,01553;0,00000;0,00000
;0,55300;-0,03991;-0,01727;0,00000;0,00000
;0,55350;-0,01172;-0,01875;0,00000;0,00000
;0,55400;-0,04183;-0,02000;0,00000;0,00000
;0,55450;-0,02838;-0,02107;0,00000;0,00000
;0,55500;0,02416;-0,02196;0,00000;0,00000
;0,55550;0,02993;-0,02264;0,00000;0,00000
;0,55600;-0,01748;-0,02300;0,00000;0,00000
;0,55650;0,04146;-0,02299;0,00000;0,00000
;0,55700;0,02352;-0,02260;0,00000;0,00000
;0,55750;0,09400;-0,02174;0,00000;0,00000
;0,55800;-0,03158;-0,02036;0,00000;0,00000
;0,55850;0,00045;-0,01849;0,00000;0,00000
;0,55900;0,00494;-0,01629;0,00000;0,00000
;0,55950;-0,02197;-0,01388;0,00000;0,00000
;0,56000;-0,03799;-0,01143;0,00000;0,00000
;0,56050;0,04146;-0,00905;0,00000;0,00000
;0,56100;0,00302;-0,00679;0,00000;0,00000
;0,56150;-0,01364;-0,00466;0,00000;0,00000
;0,56200;0,02993;-0,00268;0,00000;0,00000
;0,56250;0,05748;-0,00083;0,00000;0,00000
;0,56300;-0,00275;0,00094;0,00000;0,00000
;0,56350;0,04915;0,00270;0,00000;0,00000
;0,56400;-0,01748;0,00443;0,00000;0,00000
;0,56450;0,01263;0,00611;0,00000;0,00000
;0,56500;0,02865;0,00768;0,00000;0,00000
;0,56550;0,08631;0,00916;0,00000;0,00000
;0,56600;-0,03030;0,01063;0,00000;0,00000
;0,56650;0,06901;0,01210;0,00000;0,00000
;0,56700;0,04530;0,01357;0,00000;0,00000
;0,56750;0,07926;0,01511;0,00000;0,00000
;0,56800;0,01263;0,01677;0,00000;0,00000
;0,56850;0,04723;0,01855;0,00000;0,00000
;0,56900;0,05299;0,02041;0,00000;0,00000
;0,56950;0,04787;0,02234;0,00000;0,00000
;0,57000;0,02929;0,02432;0,00000;0,00000
;0,57050;0,06388;0,02632;0,00000;0,00000
;0,57100;-0,03350;0,02830;0,00000;0,00000
;0,57150;0,05748;0,03015;0,00000;0,00000
;0,57200;0,02736;0,03181;0,00000;0,00000
;0,57250;0,01775;0,03324;0,00000;0,00000
;0,57300;0,03121;0,03444;0,00000;0,00000
;0,57350;0,09400;0,03542;0,00000;0,00000
;0,57400;0,00110;0,03625;0,00000;0,00000
;0,57450;0,04530;0,03695;0,00000;0,00000
;0,57500;0,01455;0,03752;0,00000;0,00000
;0,57550;0,08182;0,03795;0,00000;0,00000
;0,57600;0,04915;0,03830;0,00000;0,00000
;0,57650;0,06068;0,03864;0,00000;0,00000
;0,57700;0,04594;0,03902;0,00000;0,00000
;0,57750;0,02800;0,03945;0,00000;0,00000
;0,57800;0,01263;0,03989;0,00000;0,00000
;0,57850;0,10425;0,04030;0,00000;0,00000
;0,57900;0,04210;0,04072;0,00000;0,00000
;0,57950;0,05171;0,04119;0,00000;0,00000
;0,58000;-0,01172;0,04171;0,00000;0,00000
;0,58050;0,01775;0,04217;0,00000;0,00000
;0,58100;0,01199;0,04247;0,00000;0,00000
;0,58150;0,00686;0,04252;0,00000;0,00000
;0,58200;0,04082;0,04231;0,00000;0,00000
;0,58250;0,04787;0,04185;0,00000;0,00000
;0,58300;0,04594;0,04123;0,00000;0,00000
;0,58350;-0,00980;0,04050;0,00000;0,00000
;0,58400;0,02224;0,03967;0,00000;0,00000
;0,58450;0,04658;0,03871;0,00000;0,00000
;0,58500;-0,02517;0,03764;0,00000;0,00000
;0,58550;0,02544;0,03646;0,00000;0,00000
;0,58600;0,00110;0,03515;0,00000;0,00000
;0,58650;0,01839;0,03370;0,00000;0,00000
;0,58700;0,01391;0,03214;0,00000;0,00000
;0,58750;-0,02197;0,03049;0,00000;0,00000
;0,58800;-0,00851;0,02873;0,00000;0,00000
;0,58850;0,08567;0,02687;0,00000;0,00000
;0,58900;0,01519;0,02502;0,00000;0,00000
;0,58950;0,07349;0,02332;0,00000;0,00000
;0,59000;0,00494;0,02187;0,00000;0,00000
;0,59050;-0,00595;0,02069;0,00000;0,00000
;0,59100;0,04851;0,01973;0,00000;0,00000
;0,59150;0,01391;0,01897;0,00000;0,00000
;0,59200;0,06324;0,01843;0,00000;0,00000
;0,59250;0,00494;0,01813;0,00000;0,00000
;0,59300;0,03057;0,01805;0,00000;0,00000
;0,59350;0,07798;0,01819;0,00000;0,00000
;0,59400;0,02800;0,01856;0,00000;0,00000
;0,59450;0,04787;0,01920;0,00000;0,00000
;0,59500;-0,04824;0,02005;0,00000;0,00000
;0,59550;-0,02517;0,02094;0,00000;0,00000
;0,59600;-0,00019;0,02170;0,00000;0,00000
;0,59650;0,00878;0,02220;0,00000;0,00000
;0,59700;-0,05849;0,02240;0,00000;0,00000
;0,59750;-0,02453;0,02223;0,00000;0,00000
;0,59800;-0,04568;0,02159;0,00000;0,00000
;0,59850;-0,02133;0,02045;0,00000;0,00000
;0,59900;-0,01748;0,01881;0,00000;0,00000
;0,59950;0,01327;0,01676;0,00000;0,00000
;0,60000;0,02800;0,01443;0,00000;0,00000
;0,60050;-0,00019;0,01199;0,00000;0,00000
;0,60100;0,02736;0,00958;0,00000;0,00000
;0,60150;0,04979;0,00732;0,00000;0,00000
;0,60200;-0,01813;0,00533;0,00000;0,00000
;0,60250;0,02608;0,00366;0,00000;0,00000
;0,60300;0,00558;0,00231;0,00000;0,00000
;0,60350;0,02608;0,00129;0,00000;0,00000
;0,60400;-0,03286;0,00058;0,00000;0,00000
;0,60450;0,03826;0,00014;0,00000;0,00000
;0,60500;-0,00211;-0,00008;0,00000;0,00000
;0,60550;-0,04760;-0,00011;0,00000;0,00000
;0,60600;0,02929;-0,00004;0,00000;0,00000
;0,60650;0,01455;0,00009;0,00000;0,00000
;0,60700;0,00238;0,00029;0,00000;0,00000
;0,60750;-0,03735;0,00055;0,00000;0,00000
;0,60800;0,04979;0,00083;0,00000;0,00000
;0,60850;0,07798;0,00115;0,00000;0,00000
;0,60900;-0,01748;0,00162;0,00000;0,00000
;0,60950;-0,01044;0,00228;0,00000;0,00000
;0,61000;0,04146;0,00304;0,00000;0,00000
;0,61050;-0,01172;0,00387;0,00000;0,00000
;0,61100;0,03697;0,00476;0,00000;0,00000
;0,61150;-0,01364;0,00567;0,00000;0,00000
;0,61200;0,00238;0,00657;0,00000;0,00000
;0,61250;0,00494;0,00740;0,00000;0,00000
;0,61300;0,11194;0,00819;0,00000;0,00000
;0,61350;0,02288;0,00903;0,00000;0,00000
;0,61400;0,04274;0,01004;0,00000;0,00000
;0,61450;-0,00019;0,01122;0,00000;0,00000
;0,61500;0,01711;0,01252;0,00000;0,00000
;0,61550;0,00302;0,01384;0,00000;0,00000
;0,61600;0,07157;0,01514;0,00000;0,00000
;0,61650;0,01135;0,01642;0,00000;0,00000
;0,61700;0,02544;0,01770;0,00000;0,00000
;0,61750;-0,02069;0,01893;0,00000;0,00000
;0,61800;0,05748;0,02005;0,00000;0,00000
;0,61850;0,01007;0,02104;0,00000;0,00000
;0,61900;0,04338;0,02191;0,00000;0,00000
;0,61950;0,00686;0,02269;0,00000;0,00000
;0,62000;0,06517;0,02338;0,00000;0,00000
;0,62050;-0,00147;0,02401;0,00000;0,00000
;0,62100;0,10553;0,02461;0,00000;0,00000
;0,62150;0,04915;0,02527;0,00000;0,00000
;0,62200;0,06068;0,02608;0,00000;0,00000
;0,62250;0,05427;0,02708;0,00000;0,00000
;0,62300;0,10873;0,02829;0,00000;0,00000
;0,62350;0,07542;0,02979;0,00000;0,00000
;0,62400;0,07221;0,03160;0,00000;0,00000
;0,62450;0,05491;0,03373;0,00000;0,00000
;0,62500;0,04594;0,03609;0,00000;0,00000
;0,62550;-0,01748;0,03856;0,00000;0,00000
;0,62600;0,06388;0,04096;0,00000;0,00000
;0,62650;0,02865;0,04317;0,00000;0,00000
;0,62700;0,08695;0,04515;0,00000;0,00000
;0,62750;0,01839;0,04690;0,00000;0,00000
;0,62800;0,08246;0,04845;0,00000;0,00000
;0,62850;0,06260;0,04980;0,00000;0,00000
;0,62900;0,04915;0,05101;0,00000;0,00000
;0,62950;0,12475;0,05211;0,00000;0,00000
;0,63000;0,10168;0,05321;0,00000;0,00000
;0,63050;0,06388;0,05440;0,00000;0,00000
;0,63100;0,09784;0,05575;0,00000;0,00000
;0,63150;0,09400;0,05724;0,00000;0,00000
;0,63200;0,04530;0,05887;0,00000;0,00000
;0,63250;0,05748;0,06058;0,00000;0,00000
;0,63300;0,07093;0,06228;0,00000;0,00000
;0,63350;0,06260;0,06389;0,00000;0,00000
;0,63400;0,04146;0,06538;0,00000;0,00000
;0,63450;0,01199;0,06665;0,00000;0,00000
;0,63500;0,07926;0,06762;0,00000;0,00000
;0,63550;0,01711;0,06825;0,00000;0,00000
;0,63600;0,01071;0,06850;0,00000;0,00000
;0,63650;0,04979;0,06833;0,00000;0,00000
;0,63700;0,04530;0,06773;0,00000;0,00000
;0,63750;0,05363;0,06676;0,00000;0,00000
;0,63800;0,06132;0,06550;0,00000;0,00000
;0,63850;-0,02581;0,06403;0,00000;0,00000
;0,63900;0,06004;0,06233;0,00000;0,00000
;0,63950;0,02288;0,06041;0,00000;0,00000
;0,64000;0,02544;0,05830;0,00000;0,00000
;0,64050;0,05107;0,05606;0,00000;0,00000
;0,64100;0,00494;0,05373;0,00000;0,00000
;0,64150;0,02672;0,05135;0,00000;0,00000
;0,64200;0,08951;0,04895;0,00000;0,00000
;0,64250;-0,03350;0,04660;0,00000;0,00000
;0,64300;0,05107;0,04433;0,00000;0,00000
;0,64350;0,00045;0,04213;0,00000;0,00000
;0,64400;0,04594;0,04000;0,00000;0,00000
;0,64450;0,01007;0,03795;0,00000;0,00000
;0,64500;0,05235;0,03601;0,00000;0,00000
;0,64550;0,01455;0,03422;0,00000;0,00000
;0,64600;0,01968;0,03258;0,00000;0,00000
;0,64650;-0,02389;0,03107;0,00000;0,00000
;0,64700;0,03249;0,02963;0,00000;0,00000
;0,64750;-0,02966;0,02821;0,00000;0,00000
;0,64800;0,04018;0,02677;0,00000;0,00000
;0,64850;-0,03478;0,02530;0,00000;0,00000
;0,64900;0,01199;0,02378;0,00000;0,00000
;0,64950;-0,03863;0,02218;0,00000;0,00000
;0,65000;-0,07963;0,02044;0,00000;0,00000
;0,65050;0,00110;0,01845;0,00000;0,00000
;0,65100;-0,02453;0,01617;0,00000;0,00000
;0,65150;-0,01941;0,01366;0,00000;0,00000
;0,65200;0,00558;0,01097;0,00000;0,00000
;0,65250;-0,02197;0,00819;0,00000;0,00000
;0,65300;-0,01620;0,00540;0,00000;0,00000
;0,65350;0,00558;0,00265;0,00000;0,00000
;0,65400;0,01391;0,00002;0,00000;0,00000
;0,65450;0,00686;-0,00240;0,00000;0,00000
;0,65500;-0,03222;-0,00454;0,00000;0,00000
;0,65550;0,05491;-0,00638;0,00000;0,00000
;0,65600;-0,01620;-0,00788;0,00000;0,00000
;0,65650;-0,01172;-0,00902;0,00000;0,00000
;0,65700;0,01071;-0,00982;0,00000;0,00000
;0,65750;-0,03991;-0,01033;0,00000;0,00000
;0,65800;-0,02453;-0,01063;0,00000;0,00000
;0,65850;0,02032;-0,01079;0,00000;0,00000
;0,65900;-0,03222;-0,01085;0,00000;0,00000
;0,65950;0,03954;-0,01080;0,00000;0,00000
;0,66000;-0,04503;-0,01065;0,00000;0,00000
;0,66050;0,00174;-0,01039;0,00000;0,00000
;0,66100;0,02865;-0,01008;0,00000;0,00000
;0,66150;0,02096;-0,00967;0,00000;0,00000
;0,66200;0,05940;-0,00908;0,00000;0,00000
;0,66250;0,05491;-0,00823;0,00000;0,00000
;0,66300;0,01263;-0,00703;0,00000;0,00000
;0,66350;-0,03222;-0,00551;0,00000;0,00000
;0,66400;0,02352;-0,00379;0,00000;0,00000
;0,66450;0,05171;-0,00197;0,00000;0,00000
;0,66500;-0,02709;-0,00006;0,00000;0,00000
;0,66550;0,01583;0,00187;0,00000;0,00000
;0,66600;0,00942;0,00375;0,00000;0,00000
;0,66650;0,06004;0,00554;0,00000;0,00000
;0,66700;-0,00851;0,00727;0,00000;0,00000
;0,66750;0,05876;0,00896;0,00000;0,00000
;0,66800;0,07734;0,01063;0,00000;0,00000
;0,66850;0,10361;0,01240;0,00000;0,00000
;0,66900;0,06709;0,01440;0,00000;0,00000
;0,66950;0,14077;0,01676;0,00000;0,00000
;0,67000;0,12859;0,01957;0,00000;0,00000
;0,67050;0,12923;0,02295;0,00000;0,00000
;0,67100;0,10233;0,02696;0,00000;0,00000
;0,67150;0,13820;0,03158;0,00000;0,00000
;0,67200;0,08567;0,03674;0,00000;0,00000
;0,67250;0,16191;0,04235;0,00000;0,00000
;0,67300;0,04915;0,04830;0,00000;0,00000
;0,67350;0,16960;0,05448;0,00000;0,00000
;0,67400;0,02288;0,06074;0,00000;0,00000
;0,67450;0,12026;0,06691;0,00000;0,00000
;0,67500;0,02352;0,07279;0,00000;0,00000
;0,67550;0,07029;0,07822;0,00000;0,00000
;0,67600;0,05171;0,08300;0,00000;0,00000
;0,67650;0,09207;0,08706;0,00000;0,00000
;0,67700;-0,00147;0,09033;0,00000;0,00000
;0,67750;0,04658;0,09275;0,00000;0,00000
;0,67800;0,00238;0,09424;0,00000;0,00000
;0,67850;0,05427;0,09476;0,00000;0,00000
;0,67900;-0,00851;0,09431;0,00000;0,00000
;0,67950;0,05427;0,09295;0,00000;0,00000
;0,68000;0,05491;0,09077;0,00000;0,00000
;0,68050;0,09464;0,08794;0,00000;0,00000
;0,68100;0,03121;0,08470;0,00000;0,00000
;0,68150;0,09207;0,08121;0,00000;0,00000
;0,68200;-0,01556;0,07760;0,00000;0,00000
;0,68250;0,02224;0,07392;0,00000;0,00000
;0,68300;0,04338;0,07014;0,00000;0,00000
;0,68350;0,08823;0,06633;0,00000;0,00000
;0,68400;-0,01044;0,06260;0,00000;0,00000
;0,68450;0,10361;0,05903;0,00000;0,00000
;0,68500;0,03569;0,05569;0,00000;0,00000
;0,68550;0,04594;0,05266;0,00000;0,00000
;0,68600;0,04274;0,04997;0,00000;0,00000
;0,68650;0,06965;0,04762;0,00000;0,00000
;0,68700;0,01391;0,04562;0,00000;0,00000
;0,68750;0,06517;0,04396;0,00000;0,00000
;0,68800;-0,00083;0,04259;0,00000;0,00000
;0,68850;0,04402;0,04146;0,00000;0,00000
;0,68900;-0,00916;0,04048;0,00000;0,00000
;0,68950;0,02032;0,03957;0,00000;0,00000
;0,69000;-0,00595;0,03865;0,00000;0,00000
;0,69050;0,04018;0,03766;0,00000;0,00000
;0,69100;0,09015;0,03662;0,00000;0,00000
;0,69150;0,05043;0,03564;0,00000;0,00000
;0,69200;-0,00083;0,03483;0,00000;0,00000
;0,69250;0,08887;0,03419;0,00000;0,00000
;0,69300;0,06581;0,03374;0,00000;0,00000
;0,69350;0,11450;0,03359;0,00000;0,00000
;0,69400;-0,01492;0,03379;0,00000;0,00000
;0,69450;0,04082;0,03431;0,00000;0,00000
;0,69500;-0,01172;0,03500;0,00000;0,00000
;0,69550;-0,00980;0,03569;0,00000;0,00000
;0,69600;0,00110;0,03622;0,00000;0,00000
;0,69650;0,03441;0,03650;0,00000;0,00000
;0,69700;-0,04503;0,03649;0,00000;0,00000
;0,69750;0,00622;0,03612;0,00000;0,00000
;0,69800;-0,03606;0,03534;0,00000;0,00000
;0,69850;0,02544;0,03413;0,00000;0,00000
;0,69900;-0,01364;0,03253;0,00000;0,00000
;0,69950;0,03762;0,03061;0,00000;0,00000
;0,70000;0,01199;0,02848;0,00000;0,00000
;0,70050;0,02160;0,02626;0,00000;0,00000
;0,70100;-0,00211;0,02402;0,00000;0,00000
;0,70150;0,03890;0,02184;0,00000;0,00000
;0,70200;-0,04439;0,01974;0,00000;0,00000
;0,70250;-0,02389;0,01771;0,00000;0,00000
;0,70300;0,02224;0,01569;0,00000;0,00000
;0,70350;0,05043;0,01371;0,00000;0,00000
;0,70400;0,03633;0,01189;0,00000;0,00000
;0,70450;0,04018;0,01035;0,00000;0,00000
;0,70500;0,01647;0,00918;0,00000;0,00000
;0,70550;-0,01236;0,00836;0,00000;0,00000
;0,70600;0,07093;0,00787;0,00000;0,00000
;0,70650;0,01775;0,00769;0,00000;0,00000
;0,70700;0,00238;0,00783;0,00000;0,00000
;0,70750;-0,00467;0,00822;0,00000;0,00000
;0,70800;-0,01620;0,00875;0,00000;0,00000
;0,70850;-0,04632;0,00929;0,00000;0,00000
;0,70900;-0,01492;0,00969;0,00000;0,00000
;0,70950;-0,04119;0,00985;0,00000;0,00000
;0,71000;0,01327;0,00970;0,00000;0,00000
;0,71050;-0,01236;0,00926;0,00000;0,00000
;0,71100;0,00302;0,00858;0,00000;0,00000
;0,71150;0,00494;0,00771;0,00000;0,00000
;0,71200;-0,03222;0,00672;0,00000;0,00000
;0,71250;0,03697;0,00562;0,00000;0,00000
;0,71300;-0,00787;0,00449;0,00000;0,00000
;0,71350;0,00814;0,00339;0,00000;0,00000
;0,71400;0,01455;0,00236;0,00000;0,00000
;0,71450;-0,00403;0,00145;0,00000;0,00000
;0,71500;0,03762;0,00068;0,00000;0,00000
;0,71550;-0,00467;0,00009;0,00000;0,00000
;0,71600;0,03697;-0,00028;0,00000;0,00000
;0,71650;0,01839;-0,00042;0,00000;0,00000
;0,71700;0,02865;-0,00030;0,00000;0,00000
;0,71750;-0,00083;0,00008;0,00000;0,00000
;0,71800;0,02352;0,00068;0,00000;0,00000
;0,71850;-0,01620;0,00145;0,00000;0,00000
;0,71900;0,02352;0,00233;0,00000;0,00000
;0,71950;-0,03478;0,00325;0,00000;0,00000
;0,72000;0,04338;0,00415;0,00000;0,00000
;0,72050;0,02288;0,00501;0,00000;0,00000
;0,72100;0,04851;0,00588;0,00000;0,00000
;0,72150;0,01904;0,00681;0,00000;0,00000
;0,72200;0,02416;0,00784;0,00000;0,00000
;0,72250;0,02480;0,00896;0,00000;0,00000
;0,72300;0,04530;0,01015;0,00000;0,00000
;0,72350;0,05363;0,01143;0,00000;0,00000
;0,72400;0,06581;0,01285;0,00000;0,00000
;0,72450;-0,03286;0,01442;0,00000;0,00000
;0,72500;0,12795;0,01611;0,00000;0,00000
;0,72550;0,03185;0,01793;0,00000;0,00000
;0,72600;0,02544;0,01990;0,00000;0,00000
;0,72650;-0,02261;0,02194;0,00000;0,00000
;0,72700;0,06517;0,02394;0,00000;0,00000
;0,72750;0,08567;0,02583;0,00000;0,00000
;0,72800;0,10937;0,02772;0,00000;0,00000
;0,72850;0,00750;0,02970;0,00000;0,00000
;0,72900;0,09015;0,03178;0,00000;0,00000
;0,72950;0,02929;0,03394;0,00000;0,00000
;0,73000;0,05363;0,03613;0,00000;0,00000
;0,73050;-0,01428;0,03825;0,00000;0,00000
;0,73100;0,07798;0,04022;0,00000;0,00000
;0,73150;-0,02005;0,04195;0,00000;0,00000
;0,73200;0,10617;0,04340;0,00000;0,00000
;0,73250;0,00622;0,04459;0,00000;0,00000
;0,73300;0,06068;0,04556;0,00000;0,00000
;0,73350;0,03121;0,04630;0,00000;0,00000
;0,73400;0,09848;0,04686;0,00000;0,00000
;0,73450;0,03697;0,04731;0,00000;0,00000
;0,73500;0,13180;0,04774;0,00000;0,00000
;0,73550;0,01519;0,04824;0,00000;0,00000
;0,73600;0,03441;0,04881;0,00000;0,00000
;0,73650;-0,01813;0,04937;0,00000;0,00000
;0,73700;0,08439;0,04979;0,00000;0,00000
;0,73750;-0,00019;0,05003;0,00000;0,00000
;0,73800;0,07478;0,05008;0,00000;0,00000
;0,73850;0,01968;0,04996;0,00000;0,00000
;0,73900;0,07734;0,04971;0,00000;0,00000
;0,73950;0,02416;0,04937;0,00000;0,00000
;0,74000;0,06260;0,04898;0,00000;0,00000
;0,74050;-0,01044;0,04853;0,00000;0,00000
;0,74100;-0,01748;0,04797;0,00000;0,00000
;0,74150;0,01775;0,04719;0,00000;0,00000
;0,74200;0,06709;0,04615;0,00000;0,00000
;0,74250;0,01135;0,04490;0,00000;0,00000
;0,74300;0,02672;0,04353;0,00000;0,00000
;0,74350;0,00494;0,04205;0,00000;0,00000
;0,74400;0,03954;0,04048;0,00000;0,00000
;0,74450;0,01327;0,03884;0,00000;0,00000
;0,74500;0,04402;0,03717;0,00000;0,00000
;0,74550;0,00110;0,03551;0,00000;0,00000
;0,74600;0,07285;0,03390;0,00000;0,00000
;0,74650;0,02800;0,03241;0,00000;0,00000
;0,74700;0,03249;0,03109;0,00000;0,00000
;0,74750;-0,02966;0,02994;0,00000;0,00000
;0,74800;-0,00659;0,02888;0,00000;0,00000
;0,74850;0,02032;0,02780;0,00000;0,00000
;0,74900;0,01968;0,02668;0,00000;0,00000
;0,74950;0,00366;0,02552;0,00000;0,00000
;0,75000;0,01519;0,02436;0,00000;0,00000
;0,75050;-0,03030;0,02316;0,00000;0,00000
;0,75100;0,00302;0,02190;0,00000;0,00000
;0,75150;-0,04247;0,02053;0,00000;0,00000
;0,75200;0,02800;0,01902;0,00000;0,00000
;0,75250;-0,05464;0,01735;0,00000;0,00000
;0,75300;-0,00595;0,01554;0,00000;0,00000
;0,75350;-0,08924;0,01353;0,00000;0,00000
;0,75400;0,05043;0,01130;0,00000;0,00000
;0,75450;-0,01684;0,00891;0,00000;0,00000
;0,75500;0,00238;0,00646;0,00000;0,00000
;0,75550;-0,00723;0,00406;0,00000;0,00000
;0,75600;0,00622;0,00176;0,00000;0,00000
;0,75650;-0,02133;-0,00038;0,00000;0,00000
;0,75700;-0,02709;-0,00236;0,00000;0,00000
;0,75750;-0,00595;-0,00418;0,00000;0,00000
;0,75800;0,00045;-0,00586;0,00000;0,00000
;0,75850;0,02032;-0,00735;0,00000;0,00000
;0,75900;-0,04696;-0,00861;0,00000;0,00000
;0,75950;0,00238;-0,00967;0,00000;0,00000
;0,76000;0,00366;-0,01053;0,00000;0,00000
;0,76050;-0,01428;-0,01122;0,00000;0,00000
;0,76100;0,01135;-0,01170;0,00000;0,00000
;0,76150;0,02800;-0,01198;0,00000;0,00000
;0,76200;0,06709;-0,01198;0,00000;0,00000
;0,76250;0,04210;-0,01160;0,00000;0,00000
;0,76300;0,01968;-0,01076;0,00000;0,00000
;0,76350;0,05043;-0,00946;0,00000;0,00000
;0,76400;-0,04824;-0,00776;0,00000;0,00000
;0,76450;0,03762;-0,00578;0,00000;0,00000
;0,76500;0,01007;-0,00364;0,00000;0,00000
;0,76550;-0,00723;-0,00144;0,00000;0,00000
;0,76600;-0,02069;0,00075;0,00000;0,00000
;0,76650;-0,01620;0,00279;0,00000;0,00000
;0,76700;0,02480;0,00459;0,00000;0,00000
;0,76750;0,02800;0,00615;0,00000;0,00000
;0,76800;-0,02902;0,00749;0,00000;0,00000
;0,76850;0,04210;0,00862;0,00000;0,00000
;0,76900;-0,03350;0,00953;0,00000;0,00000
;0,76950;0,02160;0,01023;0,00000;0,00000
;0,77000;-0,01364;0,01070;0,00000;0,00000
;0,77050;0,09784;0,01098;0,00000;0,00000
;0,77100;0,02544;0,01122;0,00000;0,00000
;0,77150;0,07862;0,01154;0,00000;0,00000
;0,77200;-0,00211;0,01205;0,00000;0,00000
;0,77250;0,07157;0,01277;0,00000;0,00000
;0,77300;-0,00403;0,01369;0,00000;0,00000
;0,77350;0,18433;0,01484;0,00000;0,00000
;0,77400;-0,00916;0,01630;0,00000;0,00000
;0,77450;0,06773;0,01813;0,00000;0,00000
;0,77500;0,03633;0,02025;0,00000;0,00000
;0,77550;0,05043;0,02259;0,00000;0,00000
;0,77600;-0,03030;0,02503;0,00000;0,00000
;0,77650;0,06068;0,02743;0,00000;0,00000
;0,77700;0,05491;0,02969;0,00000;0,00000
;0,77750;0,06901;0,03183;0,00000;0,00000
;0,77800;0,00430;0,03386;0,00000;0,00000
;0,77850;0,05299;0,03575;0,00000;0,00000
;0,77900;0,00942;0,03746;0,00000;0,00000
;0,77950;0,03633;0,03892;0,00000;0,00000
;0,78000;0,01839;0,04011;0,00000;0,00000
;0,78050;0,06132;0,04101;0,00000;0,00000
;0,78100;0,04466;0,04166;0,00000;0,00000
;0,78150;0,07157;0,04214;0,00000;0,00000
;0,78200;-0,02389;0,04248;0,00000;0,00000
;0,78250;0,04851;0,04268;0,00000;0,00000
;0,78300;0,00622;0,04268;0,00000;0,00000
;0,78350;0,06388;0,04248;0,00000;0,00000
;0,78400;0,00494;0,04210;0,00000;0,00000
;0,78450;0,03249;0,04158;0,00000;0,00000
;0,78500;0,02672;0,04092;0,00000;0,00000
;0,78550;0,12411;0,04018;0,00000;0,00000
;0,78600;-0,00787;0,03947;0,00000;0,00000
;0,78650;0,02993;0,03885;0,00000;0,00000
;0,78700;0,08951;0,03830;0,00000;0,00000
;0,78750;0,01647;0,03787;0,00000;0,00000
;0,78800;0,00430;0,03754;0,00000;0,00000
;0,78850;0,04851;0,03728;0,00000;0,00000
;0,78900;0,03505;0,03702;0,00000;0,00000
;0,78950;0,08759;0,03681;0,00000;0,00000
;0,79000;0,01455;0,03669;0,00000;0,00000
;0,79050;0,05235;0,03669;0,00000;0,00000
;0,79100;0,00878;0,03677;0,00000;0,00000
;0,79150;0,01263;0,03688;0,00000;0,00000
;0,79200;0,00302;0,03693;0,00000;0,00000
;0,79250;0,03441;0,03685;0,00000;0,00000
;0,79300;-0,01813;0,03660;0,00000;0,00000
;0,79350;0,05363;0,03615;0,00000;0,00000
;0,79400;0,03185;0,03554;0,00000;0,00000
;0,79450;0,02032;0,03481;0,00000;0,00000
;0,79500;0,01519;0,03401;0,00000;0,00000
;0,79550;0,04979;0,03316;0,00000;0,00000
;0,79600;-0,03222;0,03226;0,00000;0,00000
;0,79650;0,01455;0,03130;0,00000;0,00000
;0,79700;0,01199;0,03023;0,00000;0,00000
;0,79750;0,09976;0,02908;0,00000;0,00000
;0,79800;0,00942;0,02798;0,00000;0,00000
;0,79850;0,01391;0,02700;0,00000;0,00000
;0,79900;-0,01044;0,02614;0,00000;0,00000
;0,79950;0,03377;0,02533;0,00000;0,00000
;0,80000;-0,01877;0,02454;0,00000;0,00000
;0,80050;0,01711;0,02372;0,00000;0,00000
;0,80100;-0,03030;0,02285;0,00000;0,00000
;0,80150;0,02800;0,02188;0,00000;0,00000
;0,80200;0,02608;0,02082;0,00000;0,00000
;0,80250;0,01904;0,01973;0,00000;0,00000
;0,80300;-0,04311;0,01865;0,00000;0,00000
;0,80350;0,01647;0,01755;0,00000;0,00000
;0,80400;0,01071;0,01639;0,00000;0,00000
;0,80450;-0,01748;0,01519;0,00000;0,00000
;0,80500;0,02800;0,01398;0,00000;0,00000
;0,80550;-0,03286;0,01276;0,00000;0,00000
;0,80600;-0,03799;0,01151;0,00000;0,00000
;0,80650;-0,04503;0,01016;0,00000;0,00000
;0,80700;0,03249;0,00865;0,00000;0,00000
;0,80750;0,01007;0,00703;0,00000;0,00000
;0,80800;-0,00723;0,00540;0,00000;0,00000
;0,80850;-0,04247;0,00382;0,00000;0,00000
;0,80900;0,03377;0,00227;0,00000;0,00000
;0,80950;-0,00595;0,00080;0,00000;0,00000
;0,81000;-0,02389;-0,00057;0,00000;0,00000
;0,81050;-0,01877;-0,00182;0,00000;0,00000
;0,81100;-0,01492;-0,00300;0,00000;0,00000
;0,81150;-0,04439;-0,00414;0,00000;0,00000
;0,81200;0,03569;-0,00525;0,00000;0,00000
;0,81250;-0,04055;-0,00632;0,00000;0,00000
;0,81300;-0,00659;-0,00731;0,00000;0,00000
;0,81350;0,01391;-0,00823;0,00000;0,00000
;0,81400;0,03121;-0,00902;0,00000;0,00000
;0,81450;-0,06361;-0,00963;0,00000;0,00000
;0,81500;0,02288;-0,01007;0,00000;0,00000
;0,81550;-0,00083;-0,01038;0,00000;0,00000
;0,81600;0,00814;-0,01055;0,00000;0,00000
;0,81650;-0,03863;-0,01055;0,00000;0,00000
;0,81700;0,04530;-0,01043;0,00000;0,00000
;0,81750;-0,01941;-0,01019;0,00000;0,00000
;0,81800;-0,00211;-0,00981;0,00000;0,00000
;0,81850;-0,02261;-0,00933;0,00000;0,00000
;0,81900;0,04338;-0,00879;0,00000;0,00000
;0,81950;-0,01556;-0,00819;0,00000;0,00000
;0,82000;0,01904;-0,00749;0,00000;0,00000
;0,82050;-0,02453;-0,00673;0,00000;0,00000
;0,82100;0,05812;-0,00590;0,00000;0,00000
;0,82150;-0,02389;-0,00502;0,00000;0,00000
;0,82200;0,08823;-0,00403;0,00000;0,00000
;0,82250;-0,01877;-0,00290;0,00000;0,00000
;0,82300;0,04723;-0,00161;0,00000;0,00000
;0,82350;0,04723;-0,00015;0,00000;0,00000
;0,82400;0,06773;0,00151;0,00000;0,00000
;0,82450;-0,03927;0,00339;0,00000;0,00000
;0,82500;0,08439;0,00543;0,00000;0,00000
;0,82550;0,01327;0,00758;0,00000;0,00000
;0,82600;0,04274;0,00982;0,00000;0,00000
;0,82650;-0,02517;0,01209;0,00000;0,00000
;0,82700;0,00686;0,01429;0,00000;0,00000
;0,82750;-0,01877;0,01629;0,00000;0,00000
;0,82800;0,05363;0,01799;0,00000;0,00000
;0,82850;0,06260;0,01943;0,00000;0,00000
;0,82900;0,02096;0,02070;0,00000;0,00000
;0,82950;0,06196;0,02187;0,00000;0,00000
;0,83000;0,06388;0,02301;0,00000;0,00000
;0,83050;-0,04760;0,02415;0,00000;0,00000
;0,83100;0,08631;0,02525;0,00000;0,00000
;0,83150;0,00622;0,02626;0,00000;0,00000
;0,83200;0,09848;0,02721;0,00000;0,00000
;0,83250;0,04338;0,02818;0,00000;0,00000
;0,83300;0,15550;0,02928;0,00000;0,00000
;0,83350;0,02800;0,03063;0,00000;0,00000
;0,83400;0,06517;0,03227;0,00000;0,00000
;0,83450;0,09720;0,03418;0,00000;0,00000
;0,83500;0,07349;0,03634;0,00000;0,00000
;0,83550;-0,01556;0,03870;0,00000;0,00000
;0,83600;0,07221;0,04114;0,00000;0,00000
;0,83650;0,01711;0,04349;0,00000;0,00000
;0,83700;0,08951;0,04569;0,00000;0,00000
;0,83750;0,04466;0,04772;0,00000;0,00000
;0,83800;0,08695;0,04959;0,00000;0,00000
;0,83850;0,03569;0,05132;0,00000;0,00000
;0,83900;0,09336;0,05292;0,00000;0,00000
;0,83950;0,03249;0,05439;0,00000;0,00000
;0,84000;0,08054;0,05573;0,00000;0,00000
;0,84050;-0,02517;0,05691;0,00000;0,00000
;0,84100;0,07734;0,05785;0,00000;0,00000
;0,84150;0,01071;0,05848;0,00000;0,00000
;0,84200;0,04594;0,05879;0,00000;0,00000
;0,84250;0,00622;0,05876;0,00000;0,00000
;0,84300;0,03762;0,05837;0,00000;0,00000
;0,84350;0,00942;0,05762;0,00000;0,00000
;0,84400;0,05491;0,05652;0,00000;0,00000
;0,84450;0,03377;0,05515;0,00000;0,00000
;0,84500;0,04658;0,05357;0,00000;0,00000
;0,84550;-0,00723;0,05186;0,00000;0,00000
;0,84600;0,09848;0,05004;0,00000;0,00000
;0,84650;0,05235;0,04821;0,00000;0,00000
;0,84700;0,05235;0,04649;0,00000;0,00000
;0,84750;-0,01108;0,04494;0,00000;0,00000
;0,84800;0,01391;0,04350;0,00000;0,00000
;0,84850;0,03954;0,04210;0,00000;0,00000
;0,84900;0,01007;0,04071;0,00000;0,00000
;0,84950;-0,02005;0,03931;0,00000;0,00000
;0,85000;0,00878;0,03783;0,00000;0,00000
;0,85050;0,01519;0,03623;0,00000;0,00000
;0,85100;0,04466;0,03452;0,00000;0,00000
;0,85150;0,01968;0,03277;0,00000;0,00000
;0,85200;-0,00019;0,03105;0,00000;0,00000
;0,85250;0,09912;0,02939;0,00000;0,00000
;0,85300;-0,03735;0,02787;0,00000;0,00000
;0,85350;0,03762;0,02651;0,00000;0,00000
;0,85400;-0,02838;0,02526;0,00000;0,00000
;0,85450;0,01968;0,02407;0,00000;0,00000
;0,85500;0,01904;0,02289;0,00000;0,00000
;0,85550;0,01904;0,02175;0,00000;0,00000
;0,85600;0,02224;0,02067;0,00000;0,00000
;0,85650;0,00430;0,01967;0,00000;0,00000
;0,85700;-0,01492;0,01874;0,00000;0,00000
;0,85750;0,01583;0,01784;0,00000;0,00000
;0,85800;-0,02261;0,01693;0,00000;0,00000
;0,85850;-0,01684;0,01597;0,00000;0,00000
;0,85900;-0,02261;0,01491;0,00000;0,00000
;0,85950;-0,06682;0,01369;0,00000;0,00000
;0,86000;-0,03414;0,01221;0,00000;0,00000
;0,86050;0,01968;0,01044;0,00000;0,00000
;0,86100;0,03377;0,00847;0,00000;0,00000
;0,86150;0,03633;0,00646;0,00000;0,00000
;0,86200;0,04210;0,00461;0,00000;0,00000
;0,86250;0,01135;0,00304;0,00000;0,00000
;0,86300;0,02929;0,00183;0,00000;0,00000
;0,86350;0,05491;0,00101;0,00000;0,00000
;0,86400;0,10040;0,00067;0,00000;0,00000
;0,86450;0,04723;0,00090;0,00000;0,00000
;0,86500;-0,03478;0,00174;0,00000;0,00000
;0,86550;0,02288;0,00305;0,00000;0,00000
;0,86600;-0,04503;0,00462;0,00000;0,00000
;0,86650;0,02544;0,00628;0,00000;0,00000
;0,86700;-0,02389;0,00788;0,00000;0,00000
;0,86750;0,02480;0,00934;0,00000;0,00000
;0,86800;-0,04119;0,01061;0,00000;0,00000
;0,86850;-0,01364;0,01162;0,00000;0,00000
;0,86900;0,00622;0,01229;0,00000;0,00000
;0,86950;0,00430;0,01263;0,00000;0,00000
;0,87000;-0,01300;0,01267;0,00000;0,00000
;0,87050;0,04338;0,01246;0,00000;0,00000
;0,87100;-0,03542;0,01206;0,00000;0,00000
;0,87150;0,02865;0,01152;0,00000;0,00000
;0,87200;-0,07322;0,01082;0,00000;0,00000
;0,87250;0,00366;0,00995;0,00000;0,00000
;0,87300;0,00110;0,00887;0,00000;0,00000
;0,87350;0,01135;0,00763;0,00000;0,00000
;0,87400;-0,05144;0,00631;0,00000;0,00000
;0,87450;0,05620;0,00492;0,00000;0,00000
;0,87500;-0,01492;0,00353;0,00000;0,00000
;0,87550;0,06132;0,00224;0,00000;0,00000
;0,87600;0,04018;0,00117;0,00000;0,00000
;0,87650;0,06132;0,00044;0,00000;0,00000
;0,87700;0,02929;0,00015;0,00000;0,00000
;0,87750;0,01904;0,00034;0,00000;0,00000
;0,87800;-0,04888;0,00093;0,00000;0,00000
;0,87850;0,03954;0,00178;0,00000;0,00000
;0,87900;0,00814;0,00278;0,00000;0,00000
;0,87950;0,00045;0,00387;0,00000;0,00000
;0,88000;-0,02517;0,00499;0,00000;0,00000
;0,88050;0,08246;0,00608;0,00000;0,00000
;0,88100;0,06004;0,00718;0,00000;0,00000
;0,88150;0,07221;0,00841;0,00000;0,00000
;0,88200;-0,00211;0,00987;0,00000;0,00000
;0,88250;0,07990;0,01153;0,00000;0,00000
;0,88300;0,04082;0,01339;0,00000;0,00000
;0,88350;0,05812;0,01545;0,00000;0,00000
;0,88400;0,01199;0,01767;0,00000;0,00000
;0,88450;0,08823;0,02002;0,00000;0,00000
;0,88500;0,05299;0,02245;0,00000;0,00000
;0,88550;0,06965;0,02499;0,00000;0,00000
;0,88600;0,00814;0,02762;0,00000;0,00000
;0,88650;0,09656;0,03026;0,00000;0,00000
;0,88700;0,03890;0,03289;0,00000;0,00000
;0,88750;0,10553;0,03551;0,00000;0,00000
;0,88800;0,08310;0,03815;0,00000;0,00000
;0,88850;0,07285;0,04086;0,00000;0,00000
;0,88900;0,05620;0,04362;0,00000;0,00000
;0,88950;0,10553;0,04641;0,00000;0,00000
;0,89000;0,07349;0,04922;0,00000;0,00000
;0,89050;0,17280;0,05208;0,00000;0,00000
;0,89100;0,15166;0,05511;0,00000;0,00000
;0,89150;0,23367;0,05848;0,00000;0,00000
;0,89200;0,15358;0,06238;0,00000;0,00000
;0,89250;0,29581;0,06699;0,00000;0,00000
;0,89300;0,22278;0,07244;0,00000;0,00000
;0,89350;0,31055;0,07889;0,00000;0,00000
;0,89400;0,26250;0,08644;0,00000;0,00000
;0,89450;0,32529;0,09515;0,00000;0,00000
;0,89500;0,27467;0,10501;0,00000;0,00000
;0,89550;0,28428;0,11594;0,00000;0,00000
;0,89600;0,26058;0,12775;0,00000;0,00000
;0,89650;0,33298;0,14024;0,00000;0,00000
;0,89700;0,27659;0,15323;0,00000;0,00000
;0,89750;0,33938;0,16655;0,00000;0,00000
;0,89800;0,25865;0,18004;0,00000;0,00000
;0,89850;0,37270;0,19351;0,00000;0,00000
;0,89900;0,37078;0,20687;0,00000;0,00000
;0,89950;0,38103;0,22010;0,00000;0,00000
;0,90000;0,42459;0,23325;0,00000;0,00000
;0,90050;0,50148;0,24638;0,00000;0,00000
;0,90100;0,52390;0,25970;0,00000;0,00000
;0,90150;0,53800;0,27341;0,00000;0,00000
;0,90200;0,53415;0,28771;0,00000;0,00000
;0,90250;0,60335;0,30270;0,00000;0,00000
;0,90300;0,66934;0,31850;0,00000;0,00000
;0,90350;0,76480;0,33533;0,00000;0,00000
;0,90400;0,65653;0,35341;0,00000;0,00000
;0,90450;0,76416;0,37288;0,00000;0,00000
;0,90500;0,75904;0,39373;0,00000;0,00000
;0,90550;0,88269;0,41598;0,00000;0,00000
;0,90600;0,88910;0,43969;0,00000;0,00000
;0,90650;0,92049;0,46496;0,00000;0,00000
;0,90700;0,94932;0,49181;0,00000;0,00000
;0,90750;1,01916;0,52022;0,00000;0,00000
;0,90800;0,93010;0,55010;0,00000;0,00000
;0,90850;0,94868;0,58125;0,00000;0,00000
;0,90900;0,95125;0,61327;0,00000;0,00000
;0,90950;0,98200;0,64576;0,00000;0,00000
;0,91000;0,98456;0,67835;0,00000;0,00000
;0,91050;1,06209;0,71071;0,00000;0,00000
;0,91100;1,08002;0,74264;0,00000;0,00000
;0,91150;1,08835;0,77402;0,00000;0,00000
;0,91200;1,17805;0,80478;0,00000;0,00000
;0,91250;1,18638;0,83494;0,00000;0,00000
;0,91300;1,10757;0,86452;0,00000;0,00000
;0,91350;1,21585;0,89346;0,00000;0,00000
;0,91400;1,17933;0,92166;0,00000;0,00000
;0,91450;1,20368;0,94906;0,00000;0,00000
;0,91500;1,27800;0,97561;0,00000;0,00000
;0,91550;1,32733;1,00136;0,00000;0,00000
;0,91600;1,32413;1,02645;0,00000;0,00000
;0,91650;1,34912;1,05103;0,00000;0,00000
;0,91700;1,42408;1,07521;0,00000;0,00000
;0,91750;1,49712;1,09918;0,00000;0,00000
;0,91800;1,44971;1,12317;0,00000;0,00000
;0,91850;1,46252;1,14735;0,00000;0,00000
;0,91900;1,53876;1,17175;0,00000;0,00000
;0,91950;1,55798;1,19643;0,00000;0,00000
;0,92000;1,61629;1,22147;0,00000;0,00000
;0,92050;1,60347;1,24697;0,00000;0,00000
;0,92100;1,62205;1,27295;0,00000;0,00000
;0,92150;1,66306;1,29938;0,00000;0,00000
;0,92200;1,81234;1,32626;0,00000;0,00000
;0,92250;1,89114;1,35377;0,00000;0,00000
;0,92300;1,93343;1,38223;0,00000;0,00000
;0,92350;1,89947;1,41194;0,00000;0,00000
;0,92400;1,98276;1,44307;0,00000;0,00000
;0,92450;1,87320;1,47558;0,00000;0,00000
;0,92500;1,98404;1,50930;0,00000;0,00000
;0,92550;1,92766;1,54396;0,00000;0,00000
;0,92600;1,88153;1,57920;0,00000;0,00000
;0,92650;1,80081;1,61449;0,00000;0,00000
;0,92700;1,86423;1,64920;0,00000;0,00000
;0,92750;1,87256;1,68272;0,00000;0,00000
;0,92800;1,84181;1,71458;0,00000;0,00000
;0,92850;1,82067;1,74440;0,00000;0,00000
;0,92900;1,96290;1,77187;0,00000;0,00000
;0,92950;1,90780;1,79691;0,00000;0,00000
;0,93000;2,08912;1,81962;0,00000;0,00000
;0,93050;2,06926;1,84032;0,00000;0,00000
;0,93100;2,12051;1,85945;0,00000;0,00000
;0,93150;2,21598;1,87749;0,00000;0,00000
;0,93200;2,24993;1,89497;0,00000;0,00000
;0,93250;2,21469;1,91239;0,00000;0,00000
;0,93300;2,30183;1,93015;0,00000;0,00000
;0,93350;2,32169;1,94855;0,00000;0,00000
;0,93400;2,34411;1,96786;0,00000;0,00000
;0,93450;2,28709;1,98822;0,00000;0,00000
;0,93500;2,37679;2,00965;0,00000;0,00000
;0,93550;2,37102;2,03208;0,00000;0,00000
;0,93600;2,41459;2,05545;0,00000;0,00000
;0,93650;2,27620;2,07962;0,00000;0,00000
;0,93700;2,39409;2,10431;0,00000;0,00000
;0,93750;2,33899;2,12918;0,00000;0,00000
;0,93800;2,38063;2,15393;0,00000;0,00000
;0,93850;2,42676;2,17832;0,00000;0,00000
;0,93900;2,44983;2,20218;0,00000;0,00000
;0,93950;2,44791;2,22547;0,00000;0,00000
;0,94000;2,54465;2,24815;0,00000;0,00000
;0,94050;2,50429;2,27030;0,00000;0,00000
;0,94100;2,56387;2,29197;0,00000;0,00000
;0,94150;2,55298;2,31324;0,00000;0,00000
;0,94200;2,69201;2,33419;0,00000;0,00000
;0,94250;2,60488;2,35500;0,00000;0,00000
;0,94300;2,68112;2,37580;0,00000;0,00000
;0,94350;2,66126;2,39667;0,00000;0,00000
;0,94400;2,79004;2,41768;0,00000;0,00000
;0,94450;2,73814;2,43895;0,00000;0,00000
;0,94500;2,79068;2,46060;0,00000;0,00000
;0,94550;2,72341;2,48264;0,00000;0,00000
;0,94600;2,77786;2,50500;0,00000;0,00000
;0,94650;2,69970;2,52749;0,00000;0,00000
;0,94700;2,78940;2,54987;0,00000;0,00000
;0,94750;2,82271;2,57197;0,00000;0,00000
;0,94800;2,98609;2,59377;0,00000;0,00000
;0,94850;3,02453;2,61550;0,00000;0,00000
;0,94900;3,16420;2,63759;0,00000;0,00000
;0,94950;3,15652;2,66055;0,00000;0,00000
;0,95000;3,20777;2,68482;0,00000;0,00000
;0,95050;3,11615;2,71071;0,00000;0,00000
;0,95100;3,18727;2,73822;0,00000;0,00000
;0,95150;3,15011;2,76720;0,00000;0,00000
;0,95200;3,20136;2,79741;0,00000;0,00000
;0,95250;3,04055;2,82849;0,00000;0,00000
;0,95300;3,05016;2,85991;0,00000;0,00000
;0,95350;3,02325;2,89096;0,00000;0,00000
;0,95400;3,07387;2,92099;0,00000;0,00000
;0,95450;3,10142;2,94950;0,00000;0,00000
;0,95500;3,10013;2,97617;0,00000;0,00000
;0,95550;3,10846;3,00083;0,00000;0,00000
;0,95600;3,19432;3,02340;0,00000;0,00000
;0,95650;3,18663;3,04394;0,00000;0,00000
;0,95700;3,38204;3,06270;0,00000;0,00000
;0,95750;3,36602;3,08013;0,00000;0,00000
;0,95800;3,49032;3,09683;0,00000;0,00000
;0,95850;3,54029;3,11345;0,00000;0,00000
;0,95900;3,52427;3,13061;0,00000;0,00000
;0,95950;3,57489;3,14882;0,00000;0,00000
;0,96000;3,57489;3,16839;0,00000;0,00000
;0,96050;3,52427;3,18946;0,00000;0,00000
;0,96100;3,55118;3,21199;0,00000;0,00000
;0,96150;3,50569;3,23576;0,00000;0,00000
;0,96200;3,54926;3,26045;0,00000;0,00000
;0,96250;3,49929;3,28568;0,00000;0,00000
;0,96300;3,60949;3,31112;0,00000;0,00000
;0,96350;3,56464;3,33648;0,00000;0,00000
;0,96400;3,49096;3,36152;0,00000;0,00000
;0,96450;3,55118;3,38589;0,00000;0,00000
;0,96500;3,53004;3,40926;0,00000;0,00000
;0,96550;3,57873;3,43139;0,00000;0,00000
;0,96600;3,65690;3,45215;0,00000;0,00000
;0,96650;3,64024;3,47160;0,00000;0,00000
;0,96700;3,65177;3,48986;0,00000;0,00000
;0,96750;3,66330;3,50705;0,00000;0,00000
;0,96800;3,78440;3,52329;0,00000;0,00000
;0,96850;3,94073;3,53892;0,00000;0,00000
;0,96900;3,93752;3,55449;0,00000;0,00000
;0,96950;4,14254;3,57068;0,00000;0,00000
;0,97000;4,24826;3,58828;0,00000;0,00000
;0,97050;4,30336;3,60815;0,00000;0,00000
;0,97100;4,28670;3,63105;0,00000;0,00000
;0,97150;4,26171;3,65740;0,00000;0,00000
;0,97200;4,13486;3,68721;0,00000;0,00000
;0,97250;4,14639;3,72006;0,00000;0,00000
;0,97300;4,05349;3,75520;0,00000;0,00000
;0,97350;3,99711;3,79171;0,00000;0,00000
;0,97400;3,97020;3,82854;0,00000;0,00000
;0,97450;4,03875;3,86467;0,00000;0,00000
;0,97500;3,95162;3,89926;0,00000;0,00000
;0,97550;4,06182;3,93166;0,00000;0,00000
;0,97600;4,04516;3,96142;0,00000;0,00000
;0,97650;4,25082;3,98839;0,00000;0,00000
;0,97700;4,21174;4,01274;0,00000;0,00000
;0,97750;4,38537;4,03492;0,00000;0,00000
;0,97800;4,44175;4,05551;0,00000;0,00000
;0,97850;4,53016;4,07528;0,00000;0,00000
;0,97900;4,55195;4,09498;0,00000;0,00000
;0,97950;4,60384;4,11532;0,00000;0,00000
;0,98000;4,56540;4,13680;0,00000;0,00000
;0,98050;4,61666;4,15974;0,00000;0,00000
;0,98100;4,60128;4,18425;0,00000;0,00000
;0,98150;4,60256;4,21032;0,00000;0,00000
;0,98200;4,49813;4,23772;0,00000;0,00000
;0,98250;4,56796;4,26605;0,00000;0,00000
;0,98300;4,60320;4,29487;0,00000;0,00000
;0,98350;4,57886;4,32379;0,00000;0,00000
;0,98400;4,59680;4,35249;0,00000;0,00000
;0,98450;4,71340;4,38071;0,00000;0,00000
;0,98500;4,63524;4,40830;0,00000;0,00000
;0,98550;4,72173;4,43519;0,00000;0,00000
;0,98600;4,67881;4,46130;0,00000;0,00000
;0,98650;4,73711;4,48656;0,00000;0,00000
;0,98700;4,65061;4,51088;0,00000;0,00000
;0,98750;4,71917;4,53416;0,00000;0,00000
;0,98800;4,78196;4,55629;0,00000;0,00000
;0,98850;5,01517;4,57739;0,00000;0,00000
;0,98900;5,09398;4,59796;0,00000;0,00000
;0,98950;5,26824;4,61880;0,00000;0,00000
;0,99000;5,16701;4,64080;0,00000;0,00000
;0,99050;5,30669;4,66465;0,00000;0,00000
;0,99100;5,23237;4,69080;0,00000;0,00000
;0,99150;5,32270;4,71947;0,00000;0,00000
;0,99200;5,14139;4,75064;0,00000;0,00000
;0,99250;5,19520;4,78395;0,00000;0,00000
;0,99300;5,12281;4,81879;0,00000;0,00000
;0,99350;5,11320;4,85444;0,00000;0,00000
;0,99400;4,97801;4,89009;0,00000;0,00000
;0,99450;5,05617;4,92484;0,00000;0,00000
;0,99500;5,00428;4,95786;0,00000;0,00000
;0,99550;5,09974;4,98852;0,00000;0,00000
;0,99600;5,13946;5,01646;0,00000;0,00000
;0,99650;5,30540;5,04166;0,00000;0,00000
;0,99700;5,27785;5,06440;0,00000;0,00000
;0,99750;5,38101;5,08515;0,00000;0,00000
;0,99800;5,42329;5,10445;0,00000;0,00000
;0,99850;5,54182;5,12290;0,00000;0,00000
;0,99900;5,51427;5,14115;0,00000;0,00000
;0,99950;5,56360;5,15977;0,00000;0,00000
;1,00000;5,50722;5,17916;0,00000;0,00000
;1,00050;5,51619;5,19949;0,00000;0,00000
;1,00100;5,55976;5,22077;0,00000;0,00000
;1,00150;5,52708;5,24290;0,00000;0,00000
;1,00200;5,43867;5,26571;0,00000;0,00000
;1,00250;5,45853;5,28883;0,00000;0,00000
;1,00300;5,35666;5,31177;0,00000;0,00000
;1,00350;5,37204;5,33395;0,00000;0,00000
;1,00400;5,46878;5,35487;0,00000;0,00000
;1,00450;5,56873;5,37426;0,00000;0,00000
;1,00500;5,57706;5,39220;0,00000;0,00000
;1,00550;5,71993;5,40897;0,00000;0,00000
;1,00600;5,66227;5,42497;0,00000;0,00000
;1,00650;5,77760;5,44063;0,00000;0,00000
;1,00700;5,85320;5,45639;0,00000;0,00000
;1,00750;6,02747;5,47282;0,00000;0,00000
;1,00800;5,93969;5,49054;0,00000;0,00000
;1,00850;5,92496;5,51006;0,00000;0,00000
;1,00900;5,93969;5,53154;0,00000;0,00000
;1,00950;5,86153;5,55489;0,00000;0,00000
;1,01000;5,81732;5,57978;0,00000;0,00000
;1,01050;5,92175;5,60573;0,00000;0,00000
;1,01100;5,86473;5,63227;0,00000;0,00000
;1,01150;5,85128;5,65898;0,00000;0,00000
;1,01200;5,80194;5,68540;0,00000;0,00000
;1,01250;5,81732;5,71100;0,00000;0,00000
;1,01300;5,83590;5,73534;0,00000;0,00000
;1,01350;5,83974;5,75805;0,00000;0,00000
;1,01400;5,88908;5,77894;0,00000;0,00000
;1,01450;5,96468;5,79795;0,00000;0,00000
;1,01500;6,15625;5,81531;0,00000;0,00000
;1,01550;6,21583;5,83158;0,00000;0,00000
;1,01600;6,22224;5,84748;0,00000;0,00000
;1,01650;6,23249;5,86369;0,00000;0,00000
;1,01700;6,26580;5,88069;0,00000;0,00000
;1,01750;6,26580;5,89879;0,00000;0,00000
;1,01800;6,15881;5,91813;0,00000;0,00000
;1,01850;6,18636;5,93858;0,00000;0,00000
;1,01900;6,12485;5,95981;0,00000;0,00000
;1,01950;6,09987;5,98137;0,00000;0,00000
;1,02000;6,09538;6,00275;0,00000;0,00000
;1,02050;6,10755;6,02348;0,00000;0,00000
;1,02100;6,10115;6,04313;0,00000;0,00000
;1,02150;6,07872;6,06139;0,00000;0,00000
;1,02200;6,19213;6,07804;0,00000;0,00000
;1,02250;6,12613;6,09301;0,00000;0,00000
;1,02300;6,29464;6,10638;0,00000;0,00000
;1,02350;6,34205;6,11845;0,00000;0,00000
;1,02400;6,37793;6,12967;0,00000;0,00000
;1,02450;6,41509;6,14058;0,00000;0,00000
;1,02500;6,65343;6,15177;0,00000;0,00000
;1,02550;6,81104;6,16402;0,00000;0,00000
;1,02600;6,79502;6,17834;0,00000;0,00000
;1,02650;6,69699;6,19556;0,00000;0,00000
;1,02700;6,74633;6,21607;0,00000;0,00000
;1,02750;6,59897;6,23980;0,00000;0,00000
;1,02800;6,50799;6,26630;0,00000;0,00000
;1,02850;6,48428;6,29476;0,00000;0,00000
;1,02900;6,46698;6,32419;0,00000;0,00000
;1,02950;6,41637;6,35363;0,00000;0,00000
;1,03000;6,37600;6,38216;0,00000;0,00000
;1,03050;6,27029;6,40888;0,00000;0,00000
;1,03100;6,42726;6,43301;0,00000;0,00000
;1,03150;6,42598;6,45401;0,00000;0,00000
;1,03200;6,60089;6,47180;0,00000;0,00000
;1,03250;6,61691;6,48665;0,00000;0,00000
;1,03300;6,77259;6,49917;0,00000;0,00000
;1,03350;6,78669;6,51012;0,00000;0,00000
;1,03400;7,01029;6,52041;0,00000;0,00000
;1,03450;6,94046;6,53102;0,00000;0,00000
;1,03500;7,05514;6,54286;0,00000;0,00000
;1,03550;6,95135;6,55663;0,00000;0,00000
;1,03600;6,83474;6,57264;0,00000;0,00000
;1,03650;6,64253;6,59066;0,00000;0,00000
;1,03700;6,62844;6,60996;0,00000;0,00000
;1,03750;6,50158;6,62951;0,00000;0,00000
;1,03800;6,55220;6,64826;0,00000;0,00000
;1,03850;6,50607;6,66530;0,00000;0,00000
;1,03900;6,61050;6,67997;0,00000;0,00000
;1,03950;6,67393;6,69194;0,00000;0,00000
;1,04000;6,79566;6,70130;0,00000;0,00000
;1,04050;6,80847;6,70847;0,00000;0,00000
;1,04100;6,97826;6,71407;0,00000;0,00000
;1,04150;7,05194;6,71892;0,00000;0,00000
;1,04200;7,26721;6,72404;0,00000;0,00000
;1,04250;7,27170;6,73057;0,00000;0,00000
;1,04300;7,35050;6,73959;0,00000;0,00000
;1,04350;7,20955;6,75192;0,00000;0,00000
;1,04400;7,21595;6,76789;0,00000;0,00000
;1,04450;7,02247;6,78732;0,00000;0,00000
;1,04500;7,00581;6,80960;0,00000;0,00000
;1,04550;6,72198;6,83368;0,00000;0,00000
;1,04600;6,81680;6,85826;0,00000;0,00000
;1,04650;6,77708;6,88200;0,00000;0,00000
;1,04700;6,80014;6,90385;0,00000;0,00000
;1,04750;6,72967;6,92303;0,00000;0,00000
;1,04800;6,80655;6,93898;0,00000;0,00000
;1,04850;6,87382;6,95141;0,00000;0,00000
;1,04900;7,07436;6,96045;0,00000;0,00000
;1,04950;7,13074;6,96668;0,00000;0,00000
;1,05000;7,34986;6,97107;0,00000;0,00000
;1,05050;7,24991;6,97477;0,00000;0,00000
;1,05100;7,28323;6,97882;0,00000;0,00000
;1,05150;7,28131;6,98396;0,00000;0,00000
;1,05200;7,34089;6,99069;0,00000;0,00000
;1,05250;7,26080;6,99935;0,00000;0,00000
;1,05300;7,16598;7,01000;0,00000;0,00000
;1,05350;7,08846;7,02235;0,00000;0,00000
;1,05400;7,00965;7,03580;0,00000;0,00000
;1,05450;6,83859;7,04951;0,00000;0,00000
;1,05500;6,91739;7,06249;0,00000;0,00000
;1,05550;6,90586;7,07387;0,00000;0,00000
;1,05600;6,94686;7,08307;0,00000;0,00000
;1,05650;6,88023;7,08974;0,00000;0,00000
;1,05700;6,96160;7,09373;0,00000;0,00000
;1,05750;7,01414;7,09508;0,00000;0,00000
;1,05800;7,08141;7,09408;0,00000;0,00000
;1,05850;7,13010;7,09125;0,00000;0,00000
;1,05900;7,25632;7,08726;0,00000;0,00000
;1,05950;7,41521;7,08300;0,00000;0,00000
;1,06000;7,53886;7,07956;0,00000;0,00000
;1,06050;7,47159;7,07807;0,00000;0,00000
;1,06100;7,48633;7,07946;0,00000;0,00000
;1,06150;7,34666;7,08419;0,00000;0,00000
;1,06200;7,27554;7,09223;0,00000;0,00000
;1,06250;7,21724;7,10314;0,00000;0,00000
;1,06300;7,05001;7,11613;0,00000;0,00000
;1,06350;7,00260;7,13018;0,00000;0,00000
;1,06400;6,97762;7,14413;0,00000;0,00000
;1,06450;6,81488;7,15689;0,00000;0,00000
;1,06500;6,80719;7,16740;0,00000;0,00000
;1,06550;6,86934;7,17475;0,00000;0,00000
;1,06600;7,01414;7,17842;0,00000;0,00000
;1,06650;7,10832;7,17850;0,00000;0,00000
;1,06700;7,13010;7,17549;0,00000;0,00000
;1,06750;7,20699;7,17017;0,00000;0,00000
;1,06800;7,34666;7,16342;0,00000;0,00000
;1,06850;7,40304;7,15626;0,00000;0,00000
;1,06900;7,40880;7,14978;0,00000;0,00000
;1,06950;7,45429;7,14489;0,00000;0,00000
;1,07000;7,36844;7,14230;0,00000;0,00000
;1,07050;7,31590;7,14233;0,00000;0,00000
;1,07100;7,10832;7,14490;0,00000;0,00000
;1,07150;7,03848;7,14942;0,00000;0,00000
;1,07200;6,92636;7,15499;0,00000;0,00000
;1,07250;6,88664;7,16052;0,00000;0,00000
;1,07300;6,85653;7,16499;0,00000;0,00000
;1,07350;6,86165;7,16755;0,00000;0,00000
;1,07400;6,89048;7,16760;0,00000;0,00000
;1,07450;7,04169;7,16490;0,00000;0,00000
;1,07500;7,10063;7,15967;0,00000;0,00000
;1,07550;7,20699;7,15247;0,00000;0,00000
;1,07600;7,38638;7,14420;0,00000;0,00000
;1,07650;7,45493;7,13596;0,00000;0,00000
;1,07700;7,40624;7,12894;0,00000;0,00000
;1,07750;7,42162;7,12408;0,00000;0,00000
;1,07800;7,39407;7,12196;0,00000;0,00000
;1,07850;7,34537;7,12287;0,00000;0,00000
;1,07900;7,14292;7,12669;0,00000;0,00000
;1,07950;7,13395;7,13289;0,00000;0,00000
;1,08000;7,02631;7,14064;0,00000;0,00000
;1,08050;6,94238;7,14897;0,00000;0,00000
;1,08100;6,78413;7,15681;0,00000;0,00000
;1,08150;6,82193;7,16305;0,00000;0,00000
;1,08200;6,71814;7,16669;0,00000;0,00000
;1,08250;6,78797;7,16698;0,00000;0,00000
;1,08300;6,88408;7,16351;0,00000;0,00000
;1,08350;7,05130;7,15639;0,00000;0,00000
;1,08400;7,01926;7,14621;0,00000;0,00000
;1,08450;7,13843;7,13382;0,00000;0,00000
;1,08500;7,12882;7,12014;0,00000;0,00000
;1,08550;7,20634;7,10611;0,00000;0,00000
;1,08600;7,19417;7,09260;0,00000;0,00000
;1,08650;7,23261;7,08036;0,00000;0,00000
;1,08700;7,11088;7,06994;0,00000;0,00000
;1,08750;7,03400;7,06156;0,00000;0,00000
;1,08800;6,89048;7,05505;0,00000;0,00000
;1,08850;6,89881;7,04989;0,00000;0,00000
;1,08900;6,72903;7,04539;0,00000;0,00000
;1,08950;6,72198;7,04079;0,00000;0,00000
;1,09000;6,63228;7,03528;0,00000;0,00000
;1,09050;6,67905;7,02816;0,00000;0,00000
;1,09100;6,65471;7,01894;0,00000;0,00000
;1,09150;6,73607;7,00740;0,00000;0,00000
;1,09200;6,69507;6,99359;0,00000;0,00000
;1,09250;6,76683;6,97776;0,00000;0,00000
;1,09300;6,74761;6,96028;0,00000;0,00000
;1,09350;6,96672;6,94169;0,00000;0,00000
;1,09400;6,95455;6,92276;0,00000;0,00000
;1,09450;7,03848;6,90444;0,00000;0,00000
;1,09500;6,92828;6,88756;0,00000;0,00000
;1,09550;6,95455;6,87273;0,00000;0,00000
;1,09600;6,83026;6,86021;0,00000;0,00000
;1,09650;6,70020;6,84992;0,00000;0,00000
;1,09700;6,61370;6,84143;0,00000;0,00000
;1,09750;6,61755;6,83403;0,00000;0,00000
;1,09800;6,39715;6,82695;0,00000;0,00000
;1,09850;6,31962;6,81928;0,00000;0,00000
;1,09900;6,24722;6,81003;0,00000;0,00000
;1,09950;6,27413;6,79829;0,00000;0,00000
;1,10000;6,22864;6,78342;0,00000;0,00000
;1,10050;6,36383;6,76515;0,00000;0,00000
;1,10100;6,35999;6,74359;0,00000;0,00000
;1,10150;6,40868;6,71920;0,00000;0,00000
;1,10200;6,39587;6,69261;0,00000;0,00000
;1,10250;6,45225;6,66454;0,00000;0,00000
;1,10300;6,41381;6,63572;0,00000;0,00000
;1,10350;6,56501;6,60688;0,00000;0,00000
;1,10400;6,41637;6,57876;0,00000;0,00000
;1,10450;6,42149;6,55197;0,00000;0,00000
;1,10500;6,20942;6,52675;0,00000;0,00000
;1,10550;6,13190;6,50298;0,00000;0,00000
;1,10600;5,90958;6,48012;0,00000;0,00000
;1,10650;5,92560;6,45736;0,00000;0,00000
;1,10700;5,83782;6,43386;0,00000;0,00000
;1,10750;5,87306;6,40894;0,00000;0,00000
;1,10800;5,81091;6,38216;0,00000;0,00000
;1,10850;5,85448;6,35332;0,00000;0,00000
;1,10900;5,96019;6,32248;0,00000;0,00000
;1,10950;5,88908;6,29001;0,00000;0,00000
;1,11000;5,90381;6,25641;0,00000;0,00000
;1,11050;5,92111;6,22219;0,00000;0,00000
;1,11100;5,83782;6,18783;0,00000;0,00000
;1,11150;5,90638;6,15377;0,00000;0,00000
;1,11200;5,76350;6,12034;0,00000;0,00000
;1,11250;5,81347;6,08778;0,00000;0,00000
;1,11300;5,78849;6,05623;0,00000;0,00000
;1,11350;5,60909;6,02575;0,00000;0,00000
;1,11400;5,46814;5,99616;0,00000;0,00000
;1,11450;5,44508;5,96696;0,00000;0,00000
;1,11500;5,34321;5,93754;0,00000;0,00000
;1,11550;5,44315;5,90741;0,00000;0,00000
;1,11600;5,30604;5,87625;0,00000;0,00000
;1,11650;5,29067;5,84389;0,00000;0,00000
;1,11700;5,26440;5,81020;0,00000;0,00000
;1,11750;5,22211;5,77512;0,00000;0,00000
;1,11800;5,13049;5,73865;0,00000;0,00000
;1,11850;5,12665;5,70079;0,00000;0,00000
;1,11900;5,13114;5,66160;0,00000;0,00000
;1,11950;5,08949;5,62123;0,00000;0,00000
;1,12000;5,08949;5,57994;0,00000;0,00000
;1,12050;5,06771;5,53803;0,00000;0,00000
;1,12100;5,04592;5,49583;0,00000;0,00000
;1,12150;4,97096;5,45366;0,00000;0,00000
;1,12200;4,90946;5,41171;0,00000;0,00000
;1,12250;4,87614;5,37009;0,00000;0,00000
;1,12300;4,72301;5,32877;0,00000;0,00000
;1,12350;4,63780;5,28756;0,00000;0,00000
;1,12400;4,59616;5,24613;0,00000;0,00000
;1,12450;4,59167;5,20416;0,00000;0,00000
;1,12500;4,61153;5,16151;0,00000;0,00000
;1,12550;4,61345;5,11822;0,00000;0,00000
;1,12600;4,59295;5,07452;0,00000;0,00000
;1,12650;4,54426;5,03072;0,00000;0,00000
;1,12700;4,56284;4,98709;0,00000;0,00000
;1,12750;4,49493;4,94392;0,00000;0,00000
;1,12800;4,41996;4,90141;0,00000;0,00000
;1,12850;4,37063;4,85964;0,00000;0,00000
;1,12900;4,30272;4,81857;0,00000;0,00000
;1,12950;4,27196;4,77808;0,00000;0,00000
;1,13000;4,19252;4,73802;0,00000;0,00000
;1,13050;4,12781;4,69821;0,00000;0,00000
;1,13100;4,15856;4,65844;0,00000;0,00000
;1,13150;4,14447;4,61864;0,00000;0,00000
;1,13200;4,25082;4,57890;0,00000;0,00000
;1,13250;4,15920;4,53952;0,00000;0,00000
;1,13300;4,14190;4,50083;0,00000;0,00000
;1,13350;4,02402;4,46306;0,00000;0,00000
;1,13400;4,09705;4,42625;0,00000;0,00000
;1,13450;4,00736;4,39044;0,00000;0,00000
;1,13500;4,06886;4,35568;0,00000;0,00000
;1,13550;3,97789;4,32205;0,00000;0,00000
;1,13600;3,95482;4,28957;0,00000;0,00000
;1,13650;3,84014;4,25818;0,00000;0,00000
;1,13700;3,80169;4,22764;0,00000;0,00000
;1,13750;3,71136;4,19762;0,00000;0,00000
;1,13800;3,73058;4,16776;0,00000;0,00000
;1,13850;3,51723;4,13769;0,00000;0,00000
;1,13900;3,54349;4,10698;0,00000;0,00000
;1,13950;3,49672;4,07520;0,00000;0,00000
;1,14000;3,51594;4,04208;0,00000;0,00000
;1,14050;3,46213;4,00753;0,00000;0,00000
;1,14100;3,50441;3,97164;0,00000;0,00000
;1,14150;3,47494;3,93460;0,00000;0,00000
;1,14200;3,55695;3,89677;0,00000;0,00000
;1,14250;3,50633;3,85862;0,00000;0,00000
;1,14300;3,52043;3,82067;0,00000;0,00000
;1,14350;3,30195;3,78332;0,00000;0,00000
;1,14400;3,41279;3,74672;0,00000;0,00000
;1,14450;3,31220;3,71091;0,00000;0,00000
;1,14500;3,39998;3,67597;0,00000;0,00000
;1,14550;3,27825;3,64201;0,00000;0,00000
;1,14600;3,29683;3,60910;0,00000;0,00000
;1,14650;3,08348;3,57719;0,00000;0,00000
;1,14700;3,11167;3,54602;0,00000;0,00000
;1,14750;2,95598;3,51520;0,00000;0,00000
;1,14800;3,01428;3,48428;0,00000;0,00000
;1,14850;2,96174;3,45294;0,00000;0,00000
;1,14900;3,00275;3,42100;0,00000;0,00000
;1,14950;2,93996;3,38846;0,00000;0,00000
;1,15000;3,01556;3,35543;0,00000;0,00000
;1,15050;2,88742;3,32210;0,00000;0,00000
;1,15100;2,94252;3,28866;0,00000;0,00000
;1,15150;2,90472;3,25530;0,00000;0,00000
;1,15200;2,93227;3,22223;0,00000;0,00000
;1,15250;2,88358;3,18970;0,00000;0,00000
;1,15300;2,97520;3,15798;0,00000;0,00000
;1,15350;2,87653;3,12736;0,00000;0,00000
;1,15400;2,90024;3,09809;0,00000;0,00000
;1,15450;2,76825;3,07027;0,00000;0,00000
;1,15500;2,70995;3,04384;0,00000;0,00000
;1,15550;2,62602;3,01849;0,00000;0,00000
;1,15600;2,69265;2,99385;0,00000;0,00000
;1,15650;2,53568;2,96958;0,00000;0,00000
;1,15700;2,48955;2,94534;0,00000;0,00000
;1,15750;2,38768;2,92069;0,00000;0,00000
;1,15800;2,46328;2,89519;0,00000;0,00000
;1,15850;2,40947;2,86855;0,00000;0,00000
;1,15900;2,40754;2,84070;0,00000;0,00000
;1,15950;2,41844;2,81168;0,00000;0,00000
;1,16000;2,53120;2,78171;0,00000;0,00000
;1,16050;2,51902;2,75123;0,00000;0,00000
;1,16100;2,50365;2,72081;0,00000;0,00000
;1,16150;2,43317;2,69095;0,00000;0,00000
;1,16200;2,47802;2,66200;0,00000;0,00000
;1,16250;2,44663;2,63421;0,00000;0,00000
;1,16300;2,38320;2,60779;0,00000;0,00000
;1,16350;2,25954;2,58277;0,00000;0,00000
;1,16400;2,23520;2,55891;0,00000;0,00000
;1,16450;2,19483;2,53589;0,00000;0,00000
;1,16500;2,15447;2,51333;0,00000;0,00000
;1,16550;2,03082;2,49087;0,00000;0,00000
;1,16600;2,02761;2,46807;0,00000;0,00000
;1,16650;2,05516;2,44456;0,00000;0,00000
;1,16700;1,96290;2,42011;0,00000;0,00000
;1,16750;1,98597;2,39459;0,00000;0,00000
;1,16800;2,02505;2,36798;0,00000;0,00000
;1,16850;2,02953;2,34045;0,00000;0,00000
;1,16900;2,02889;2,31230;0,00000;0,00000
;1,16950;2,07118;2,28392;0,00000;0,00000
;1,17000;2,07374;2,25574;0,00000;0,00000
;1,17050;2,00583;2,22820;0,00000;0,00000
;1,17100;2,03017;2,20164;0,00000;0,00000
;1,17150;2,00583;2,17626;0,00000;0,00000
;1,17200;1,94688;2,15223;0,00000;0,00000
;1,17250;1,95778;2,12958;0,00000;0,00000
;1,17300;1,88089;2,10827;0,00000;0,00000
;1,17350;1,88922;2,08817;0,00000;0,00000
;1,17400;1,76172;2,06908;0,00000;0,00000
;1,17450;1,73225;2,05066;0,00000;0,00000
;1,17500;1,67971;2,03252;0,00000;0,00000
;1,17550;1,64832;2,01421;0,00000;0,00000
;1,17600;1,63166;1,99539;0,00000;0,00000
;1,17650;1,62782;1,97577;0,00000;0,00000
;1,17700;1,56952;1,95521;0,00000;0,00000
;1,17750;1,56952;1,93361;0,00000;0,00000
;1,17800;1,61693;1,91095;0,00000;0,00000
;1,17850;1,69189;1,88742;0,00000;0,00000
;1,17900;1,63999;1,86339;0,00000;0,00000
;1,17950;1,70726;1,83932;0,00000;0,00000
;1,18000;1,66242;1,81564;0,00000;0,00000
;1,18050;1,75275;1,79278;0,00000;0,00000
;1,18100;1,67203;1,77116;0,00000;0,00000
;1,18150;1,65088;1,75107;0,00000;0,00000
;1,18200;1,52787;1,73261;0,00000;0,00000
;1,18250;1,58361;1,71564;0,00000;0,00000
;1,18300;1,44330;1,69991;0,00000;0,00000
;1,18350;1,50545;1,68511;0,00000;0,00000
;1,18400;1,43305;1,67091;0,00000;0,00000
;1,18450;1,40101;1,65701;0,00000;0,00000
;1,18500;1,30939;1,64310;0,00000;0,00000
;1,18550;1,37538;1,62883;0,00000;0,00000
;1,18600;1,32349;1,61392;0,00000;0,00000
;1,18650;1,40870;1,59830;0,00000;0,00000
;1,18700;1,33310;1,58200;0,00000;0,00000
;1,18750;1,38051;1,56515;0,00000;0,00000
;1,18800;1,42151;1,54794;0,00000;0,00000
;1,18850;1,45996;1,53067;0,00000;0,00000
;1,18900;1,43817;1,51373;0,00000;0,00000
;1,18950;1,43433;1,49750;0,00000;0,00000
;1,19000;1,40806;1,48223;0,00000;0,00000
;1,19050;1,40998;1,46808;0,00000;0,00000
;1,19100;1,34591;1,45512;0,00000;0,00000
;1,19150;1,36193;1,44330;0,00000;0,00000
;1,19200;1,23699;1,43248;0,00000;0,00000
;1,19250;1,23892;1,42236;0,00000;0,00000
;1,19300;1,19471;1,41260;0,00000;0,00000
;1,19350;1,20688;1,40284;0,00000;0,00000
;1,19400;1,13897;1,39280;0,00000;0,00000
;1,19450;1,13064;1,38223;0,00000;0,00000
;1,19500;1,07618;1,37087;0,00000;0,00000
;1,19550;1,06529;1,35851;0,00000;0,00000
;1,19600;1,03133;1,34497;0,00000;0,00000
;1,19650;1,10437;1,33017;0,00000;0,00000
;1,19700;1,07618;1,31417;0,00000;0,00000
;1,19750;1,13320;1,29720;0,00000;0,00000
;1,19800;1,15370;1,27960;0,00000;0,00000
;1,19850;1,18766;1,26177;0,00000;0,00000
;1,19900;1,13961;1,24418;0,00000;0,00000
;1,19950;1,17933;1,22722;0,00000;0,00000
;1,20000;1,11911;1,21116;0,00000;0,00000
;1,20050;1,18638;1,19623;0,00000;0,00000
;1,20100;1,09476;1,18257;0,00000;0,00000
;1,20150;1,15178;1,17025;0,00000;0,00000
;1,20200;1,00058;1,15923;0,00000;0,00000
;1,20250;1,00314;1,14931;0,00000;0,00000
;1,20300;0,92562;1,14012;0,00000;0,00000
;1,20350;1,02428;1,13131;0,00000;0,00000
;1,20400;0,85578;1,12257;0,00000;0,00000
;1,20450;0,99802;1,11365;0,00000;0,00000
;1,20500;0,88141;1,10435;0,00000;0,00000
;1,20550;0,92049;1,09457;0,00000;0,00000
;1,20600;0,85578;1,08421;0,00000;0,00000
;1,20650;0,95381;1,07322;0,00000;0,00000
;1,20700;0,91601;1,06166;0,00000;0,00000
;1,20750;0,98841;1,04973;0,00000;0,00000
;1,20800;0,86219;1,03765;0,00000;0,00000
;1,20850;0,98905;1,02560;0,00000;0,00000
;1,20900;0,97111;1,01378;0,00000;0,00000
;1,20950;0,95829;1,00243;0,00000;0,00000
;1,21000;0,90576;0,99174;0,00000;0,00000
;1,21050;0,96918;0,98182;0,00000;0,00000
;1,21100;0,85386;0,97267;0,00000;0,00000
;1,21150;0,83464;0,96422;0,00000;0,00000
;1,21200;0,72124;0,95624;0,00000;0,00000
;1,21250;0,76608;0,94835;0,00000;0,00000
;1,21300;0,66550;0,94017;0,00000;0,00000
;1,21350;0,73149;0,93137;0,00000;0,00000
;1,21400;0,68472;0,92173;0,00000;0,00000
;1,21450;0,70586;0,91113;0,00000;0,00000
;1,21500;0,72316;0,89957;0,00000;0,00000
;1,21550;0,76288;0,88717;0,00000;0,00000
;1,21600;0,69753;0,87415;0,00000;0,00000
;1,21650;0,73341;0,86072;0,00000;0,00000
;1,21700;0,75776;0,84709;0,00000;0,00000
;1,21750;0,72380;0,83351;0,00000;0,00000
;1,21800;0,71867;0,82019;0,00000;0,00000
;1,21850;0,73149;0,80729;0,00000;0,00000
;1,21900;0,73021;0,79495;0,00000;0,00000
;1,21950;0,77570;0,78333;0,00000;0,00000
;1,22000;0,71419;0,77257;0,00000;0,00000
;1,22050;0,66293;0,76275;0,00000;0,00000
;1,22100;0,67254;0,75379;0,00000;0,00000
;1,22150;0,61232;0,74555;0,00000;0,00000
;1,22200;0,67895;0,73783;0,00000;0,00000
;1,22250;0,65268;0,73052;0,00000;0,00000
;1,22300;0,56298;0,72353;0,00000;0,00000
;1,22350;0,51493;0,71666;0,00000;0,00000
;1,22400;0,55722;0,70961;0,00000;0,00000
;1,22450;0,54440;0,70217;0,00000;0,00000
;1,22500;0,56683;0,69422;0,00000;0,00000
;1,22550;0,56298;0,68577;0,00000;0,00000
;1,22600;0,53928;0,67688;0,00000;0,00000
;1,22650;0,50724;0,66759;0,00000;0,00000
;1,22700;0,53672;0,65793;0,00000;0,00000
;1,22750;0,55273;0,64797;0,00000;0,00000
;1,22800;0,52903;0,63781;0,00000;0,00000
;1,22850;0,52775;0,62761;0,00000;0,00000
;1,22900;0,57067;0,61747;0,00000;0,00000
;1,22950;0,53095;0,60756;0,00000;0,00000
;1,23000;0,54248;0,59802;0,00000;0,00000
;1,23050;0,50596;0,58892;0,00000;0,00000
;1,23100;0,48802;0,58029;0,00000;0,00000
;1,23150;0,46880;0,57209;0,00000;0,00000
;1,23200;0,53415;0,56425;0,00000;0,00000
;1,23250;0,48610;0,55678;0,00000;0,00000
;1,23300;0,42972;0,54968;0,00000;0,00000
;1,23350;0,46304;0,54285;0,00000;0,00000
;1,23400;0,46111;0,53621;0,00000;0,00000
;1,23450;0,45599;0,52972;0,00000;0,00000
;1,23500;0,48674;0,52337;0,00000;0,00000
;1,23550;0,41434;0,51718;0,00000;0,00000
;1,23600;0,47072;0,51115;0,00000;0,00000
;1,23650;0,40409;0,50525;0,00000;0,00000
;1,23700;0,44958;0,49947;0,00000;0,00000
;1,23750;0,40409;0,49376;0,00000;0,00000
;1,23800;0,43933;0,48812;0,00000;0,00000
;1,23850;0,40794;0,48254;0,00000;0,00000
;1,23900;0,42652;0,47703;0,00000;0,00000
;1,23950;0,45022;0,47161;0,00000;0,00000
;1,24000;0,42972;0,46636;0,00000;0,00000
;1,24050;0,39512;0,46133;0,00000;0,00000
;1,24100;0,40409;0,45652;0,00000;0,00000
;1,24150;0,38743;0,45187;0,00000;0,00000
;1,24200;0,43997;0,44738;0,00000;0,00000
;1,24250;0,41755;0,44305;0,00000;0,00000
;1,24300;0,39640;0,43895;0,00000;0,00000
;1,24350;0,40601;0,43509;0,00000;0,00000
;1,24400;0,40345;0,43146;0,00000;0,00000
;1,24450;0,29197;0,42799;0,00000;0,00000
;1,24500;0,36565;0,42456;0,00000;0,00000
;1,24550;0,29774;0,42099;0,00000;0,00000
;1,24600;0,39192;0,41718;0,00000;0,00000
;1,24650;0,31504;0,41309;0,00000;0,00000
;1,24700;0,32913;0,40875;0,00000;0,00000
;1,24750;0,31952;0,40413;0,00000;0,00000
;1,24800;0,30414;0,39921;0,00000;0,00000
;1,24850;0,31824;0,39401;0,00000;0,00000
;1,24900;0,31375;0,38853;0,00000;0,00000
;1,24950;0,30094;0,38282;0,00000;0,00000
;1,25000;0,35540;0,37694;0,00000;0,00000
;1,25050;0,26506;0,37099;0,00000;0,00000
;1,25100;0,33746;0,36504;0,00000;0,00000
;1,25150;0,29069;0,35912;0,00000;0,00000
;1,25200;0,34387;0,35332;0,00000;0,00000
;1,25250;0,32721;0,34773;0,00000;0,00000
;1,25300;0,32336;0,34246;0,00000;0,00000
;1,25350;0,27211;0,33756;0,00000;0,00000
;1,25400;0,33874;0,33303;0,00000;0,00000
;1,25450;0,19459;0,32883;0,00000;0,00000
;1,25500;0,34707;0,32486;0,00000;0,00000
;1,25550;0,24136;0,32106;0,00000;0,00000
;1,25600;0,30735;0,31741;0,00000;0,00000
;1,25650;0,24136;0,31389;0,00000;0,00000
;1,25700;0,25545;0,31047;0,00000;0,00000
;1,25750;0,21188;0,30704;0,00000;0,00000
;1,25800;0,28492;0,30354;0,00000;0,00000
;1,25850;0,22854;0,29994;0,00000;0,00000
;1,25900;0,25161;0,29625;0,00000;0,00000
;1,25950;0,24712;0,29247;0,00000;0,00000
;1,26000;0,31952;0,28866;0,00000;0,00000
;1,26050;0,22918;0,28493;0,00000;0,00000
;1,26100;0,24584;0,28135;0,00000;0,00000
;1,26150;0,23815;0,27791;0,00000;0,00000
;1,26200;0,29069;0,27462;0,00000;0,00000
;1,26250;0,20163;0,27149;0,00000;0,00000
;1,26300;0,26250;0,26854;0,00000;0,00000
;1,26350;0,19907;0,26571;0,00000;0,00000
;1,26400;0,19394;0,26296;0,00000;0,00000
;1,26450;0,14397;0,26015;0,00000;0,00000
;1,26500;0,20612;0,25714;0,00000;0,00000
;1,26550;0,16127;0,25383;0,00000;0,00000
;1,26600;0,20740;0,25020;0,00000;0,00000
;1,26650;0,11065;0,24625;0,00000;0,00000
;1,26700;0,22214;0,24195;0,00000;0,00000
;1,26750;0,09015;0,23731;0,00000;0,00000
;1,26800;0,15422;0,23232;0,00000;0,00000
;1,26850;0,14013;0,22695;0,00000;0,00000
;1,26900;0,16511;0,22126;0,00000;0,00000
;1,26950;0,16704;0,21532;0,00000;0,00000
;1,27000;0,15935;0,20928;0,00000;0,00000
;1,27050;0,09656;0,20323;0,00000;0,00000
;1,27100;0,12603;0,19718;0,00000;0,00000
;1,27150;0,12091;0,19111;0,00000;0,00000
;1,27200;0,19138;0,18507;0,00000;0,00000
;1,27250;0,09464;0,17916;0,00000;0,00000
;1,27300;0,16896;0,17346;0,00000;0,00000
;1,27350;0,04530;0,16801;0,00000;0,00000
;1,27400;0,11898;0,16275;0,00000;0,00000
;1,27450;0,10233;0,15763;0,00000;0,00000
;1,27500;0,13372;0,15263;0,00000;0,00000
;1,27550;0,11834;0,14782;0,00000;0,00000
;1,27600;0,12411;0,14325;0,00000;0,00000
;1,27650;0,11001;0,13898;0,00000;0,00000
;1,27700;0,08503;0,13501;0,00000;0,00000
;1,27750;0,12475;0,13131;0,00000;0,00000
;1,27800;0,08759;0,12788;0,00000;0,00000
;1,27850;0,06517;0,12468;0,00000;0,00000
;1,27900;0,00942;0,12162;0,00000;0,00000
;1,27950;0,04082;0,11851;0,00000;0,00000
;1,28000;0,10617;0,11524;0,00000;0,00000
;1,28050;0,04274;0,11181;0,00000;0,00000
;1,28100;0,06452;0,10825;0,00000;0,00000
;1,28150;0,05107;0,10459;0,00000;0,00000
;1,28200;0,07478;0,10084;0,00000;0,00000
;1,28250;0,07990;0,09707;0,00000;0,00000
;1,28300;0,04018;0,09334;0,00000;0,00000
;1,28350;0,04594;0,08968;0,00000;0,00000
;1,28400;0,13180;0,08611;0,00000;0,00000
;1,28450;0,09400;0,08276;0,00000;0,00000
;1,28500;0,09912;0,07976;0,00000;0,00000
;1,28550;0,04787;0,07719;0,00000;0,00000
;1,28600;0,06260;0,07503;0,00000;0,00000
;1,28650;0,05043;0,07321;0,00000;0,00000
;1,28700;0,02352;0,07164;0,00000;0,00000
;1,28750;0,05299;0,07021;0,00000;0,00000
;1,28800;0,03762;0,06885;0,00000;0,00000
;1,28850;0,06645;0,06752;0,00000;0,00000
;1,28900;0,01007;0,06618;0,00000;0,00000
;1,28950;0,08054;0,06482;0,00000;0,00000
;1,29000;0,05812;0,06346;0,00000;0,00000
;1,29050;0,04915;0,06213;0,00000;0,00000
;1,29100;-0,00019;0,06084;0,00000;0,00000
;1,29150;0,08054;0,05955;0,00000;0,00000
;1,29200;0,01711;0,05823;0,00000;0,00000
;1,29250;0,14013;0,05695;0,00000;0,00000
;1,29300;0,05107;0,05579;0,00000;0,00000
;1,29350;0,07734;0,05487;0,00000;0,00000
;1,29400;0,02736;0,05421;0,00000;0,00000
;1,29450;0,08375;0,05377;0,00000;0,00000
;1,29500;0,04274;0,05352;0,00000;0,00000
;1,29550;0,09848;0,05345;0,00000;0,00000
;1,29600;0,07926;0,05358;0,00000;0,00000
;1,29650;0,09528;0,05395;0,00000;0,00000
;1,29700;0,05171;0,05459;0,00000;0,00000
;1,29750;0,09848;0,05546;0,00000;0,00000
;1,29800;-0,00916;0,05652;0,00000;0,00000
;1,29850;0,08951;0,05765;0,00000;0,00000
;1,29900;-0,05464;0,05871;0,00000;0,00000
;1,29950;0,05299;0,05954;0,00000;0,00000
;1,30000;0,01711;0,06001;0,00000;0,00000
;1,30050;0,00045;0,06008;0,00000;0,00000
;1,30100;-0,03799;0,05966;0,00000;0,00000
;1,30150;0,04274;0,05870;0,00000;0,00000
;1,30200;-0,00659;0,05718;0,00000;0,00000
;1,30250;0,03377;0,05516;0,00000;0,00000
;1,30300;-0,00916;0,05274;0,00000;0,00000
;1,30350;0,11578;0,05001;0,00000;0,00000
;1,30400;0,07285;0,04719;0,00000;0,00000
;1,30450;0,06709;0,04450;0,00000;0,00000
;1,30500;0,03505;0,04213;0,00000;0,00000
;1,30550;0,10168;0,04013;0,00000;0,00000
;1,30600;0,07478;0,03859;0,00000;0,00000
;1,30650;0,12219;0,03760;0,00000;0,00000
;1,30700;0,01199;0,03722;0,00000;0,00000
;1,30750;0,07734;0,03741;0,00000;0,00000
;1,30800;0,02993;0,03806;0,00000;0,00000
;1,30850;0,10361;0,03907;0,00000;0,00000
;1,30900;0,01968;0,04038;0,00000;0,00000
;1,30950;0,03890;0,04191;0,00000;0,00000
;1,31000;-0,00339;0,04350;0,00000;0,00000
;1,31050;-0,00916;0,04499;0,00000;0,00000
;1,31100;0,01455;0,04619;0,00000;0,00000
;1,31150;0,06260;0,04702;0,00000;0,00000
;1,31200;0,02929;0,04748;0,00000;0,00000
;1,31250;0,07798;0,04765;0,00000;0,00000
;1,31300;0,02416;0,04762;0,00000;0,00000
;1,31350;0,07990;0,04745;0,00000;0,00000
;1,31400;0,04723;0,04722;0,00000;0,00000
;1,31450;0,05812;0,04698;0,00000;0,00000
;1,31500;-0,01556;0,04675;0,00000;0,00000
;1,31550;-0,00147;0,04645;0,00000;0,00000
;1,31600;-0,01556;0,04596;0,00000;0,00000
;1,31650;0,06388;0,04519;0,00000;0,00000
;1,31700;-0,05849;0,04413;0,00000;0,00000
;1,31750;0,01263;0,04277;0,00000;0,00000
;1,31800;0,05043;0,04108;0,00000;0,00000
;1,31850;0,07734;0,03918;0,00000;0,00000
;1,31900;0,02096;0,03724;0,00000;0,00000
;1,31950;0,08118;0,03541;0,00000;0,00000
;1,32000;0,02224;0,03378;0,00000;0,00000
;1,32050;0,04658;0,03240;0,00000;0,00000
;1,32100;0,02608;0,03130;0,00000;0,00000
;1,32150;0,04082;0,03045;0,00000;0,00000
;1,32200;-0,03286;0,02980;0,00000;0,00000
;1,32250;0,01071;0,02926;0,00000;0,00000
;1,32300;-0,00659;0,02871;0,00000;0,00000
;1,32350;0,08631;0,02810;0,00000;0,00000
;1,32400;-0,02709;0,02747;0,00000;0,00000
;1,32450;0,02160;0,02685;0,00000;0,00000
;1,32500;-0,01428;0,02618;0,00000;0,00000
;1,32550;-0,02325;0,02542;0,00000;0,00000
;1,32600;-0,05272;0,02447;0,00000;0,00000
;1,32650;0,05555;0,02326;0,00000;0,00000
;1,32700;-0,00659;0,02182;0,00000;0,00000
;1,32750;-0,03478;0,02024;0,00000;0,00000
;1,32800;-0,02453;0,01849;0,00000;0,00000
;1,32850;0,01775;0,01658;0,00000;0,00000
;1,32900;0,03249;0,01455;0,00000;0,00000
;1,32950;0,00110;0,01253;0,00000;0,00000
;1,33000;-0,02902;0,01059;0,00000;0,00000
;1,33050;0,00366;0,00873;0,00000;0,00000
;1,33100;0,00366;0,00695;0,00000;0,00000
;1,33150;0,00494;0,00527;0,00000;0,00000
;1,33200;-0,02389;0,00373;0,00000;0,00000
;1,33250;-0,01941;0,00229;0,00000;0,00000
;1,33300;-0,01813;0,00094;0,00000;0,00000
;1,33350;-0,08476;-0,00041;0,00000;0,00000
;1,33400;-0,04183;-0,00184;0,00000;0,00000
;1,33450;0,01711;-0,00342;0,00000;0,00000
;1,33500;-0,05144;-0,00514;0,00000;0,00000
;1,33550;0,00750;-0,00692;0,00000;0,00000
;1,33600;-0,01172;-0,00870;0,00000;0,00000
;1,33650;-0,02581;-0,01042;0,00000;0,00000
;1,33700;-0,01172;-0,01204;0,00000;0,00000
;1,33750;-0,03542;-0,01354;0,00000;0,00000
;1,33800;0,01583;-0,01492;0,00000;0,00000
;1,33850;-0,04952;-0,01616;0,00000;0,00000
;1,33900;-0,01620;-0,01724;0,00000;0,00000
;1,33950;-0,01172;-0,01819;0,00000;0,00000
;1,34000;-0,00595;-0,01901;0,00000;0,00000
;1,34050;0,06388;-0,01964;0,00000;0,00000
;1,34100;0,03249;-0,01995;0,00000;0,00000
;1,34150;0,03185;-0,01982;0,00000;0,00000
;1,34200;0,03377;-0,01919;0,00000;0,00000
;1,34250;0,02032;-0,01805;0,00000;0,00000
;1,34300;0,04466;-0,01643;0,00000;0,00000
;1,34350;0,04402;-0,01435;0,00000;0,00000
;1,34400;-0,00403;-0,01185;0,00000;0,00000
;1,34450;0,00110;-0,00905;0,00000;0,00000
;1,34500;0,01968;-0,00608;0,00000;0,00000
;1,34550;0,01968;-0,00306;0,00000;0,00000
;1,34600;0,01839;-0,00005;0,00000;0,00000
;1,34650;-0,02453;0,00286;0,00000;0,00000
;1,34700;0,00430;0,00559;0,00000;0,00000
;1,34750;-0,03414;0,00801;0,00000;0,00000
;1,34800;0,05684;0,01007;0,00000;0,00000
;1,34850;0,01327;0,01177;0,00000;0,00000
;1,34900;0,05235;0,01321;0,00000;0,00000
;1,34950;-0,03542;0,01443;0,00000;0,00000
;1,35000;0,03185;0,01545;0,00000;0,00000
;1,35050;0,01455;0,01625;0,00000;0,00000
;1,35100;0,07542;0,01687;0,00000;0,00000
;1,35150;0,04210;0,01742;0,00000;0,00000
;1,35200;0,03697;0,01801;0,00000;0,00000
;1,35250;0,03441;0,01870;0,00000;0,00000
;1,35300;0,03826;0,01948;0,00000;0,00000
;1,35350;0,01071;0,02034;0,00000;0,00000
;1,35400;0,06773;0,02127;0,00000;0,00000
;1,35450;0,01327;0,02226;0,00000;0,00000
;1,35500;0,01968;0,02329;0,00000;0,00000
;1,35550;0,00686;0,02430;0,00000;0,00000
;1,35600;0,05171;0,02523;0,00000;0,00000
;1,35650;0,01839;0,02608;0,00000;0,00000
;1,35700;0,05299;0,02686;0,00000;0,00000
;1,35750;-0,02069;0,02756;0,00000;0,00000
;1,35800;0,04658;0,02816;0,00000;0,00000
;1,35850;0,00814;0,02862;0,00000;0,00000
;1,35900;0,09912;0,02897;0,00000;0,00000
;1,35950;0,03633;0,02929;0,00000;0,00000
;1,36000;0,05171;0,02968;0,00000;0,00000
;1,36050;0,00686;0,03015;0,00000;0,00000
;1,36100;0,03826;0,03068;0,00000;0,00000
;1,36150;-0,01300;0,03118;0,00000;0,00000
;1,36200;0,04851;0,03161;0,00000;0,00000
;1,36250;0,02032;0,03192;0,00000;0,00000
;1,36300;0,01711;0,03212;0,00000;0,00000
;1,36350;0,00942;0,03219;0,00000;0,00000
;1,36400;0,03249;0,03211;0,00000;0,00000
;1,36450;0,02352;0,03189;0,00000;0,00000
;1,36500;0,05491;0,03157;0,00000;0,00000
;1,36550;0,07157;0,03122;0,00000;0,00000
;1,36600;0,07349;0,03095;0,00000;0,00000
;1,36650;-0,00339;0,03086;0,00000;0,00000
;1,36700;0,07606;0,03095;0,00000;0,00000
;1,36750;0,06004;0,03121;0,00000;0,00000
;1,36800;0,04018;0,03167;0,00000;0,00000
;1,36850;-0,02966;0,03228;0,00000;0,00000
;1,36900;0,04338;0,03294;0,00000;0,00000
;1,36950;-0,00916;0,03353;0,00000;0,00000
;1,37000;0,01711;0,03396;0,00000;0,00000
;1,37050;0,03313;0,03419;0,00000;0,00000
;1,37100;0,03441;0,03422;0,00000;0,00000
;1,37150;0,02608;0,03410;0,00000;0,00000
;1,37200;0,02480;0,03385;0,00000;0,00000
;1,37250;-0,00851;0,03349;0,00000;0,00000
;1,37300;-0,04824;0,03295;0,00000;0,00000
;1,37350;-0,02645;0,03213;0,00000;0,00000
;1,37400;0,00878;0,03093;0,00000;0,00000
;1,37450;0,04723;0,02938;0,00000;0,00000
;1,37500;0,06709;0,02763;0,00000;0,00000
;1,37550;0,00366;0,02586;0,00000;0,00000
;1,37600;0,05620;0,02418;0,00000;0,00000
;1,37650;-0,02838;0,02266;0,00000;0,00000
;1,37700;0,03249;0,02129;0,00000;0,00000
;1,37750;0,04466;0,02006;0,00000;0,00000
;1,37800;0,01263;0,01900;0,00000;0,00000
;1,37850;-0,03030;0,01812;0,00000;0,00000
;1,37900;0,03377;0,01736;0,00000;0,00000
;1,37950;0,01199;0,01668;0,00000;0,00000
;1,38000;-0,03286;0,01605;0,00000;0,00000
;1,38050;-0,00083;0,01542;0,00000;0,00000
;1,38100;-0,02069;0,01472;0,00000;0,00000
;1,38150;0,00238;0,01391;0,00000;0,00000
;1,38200;0,02224;0,01299;0,00000;0,00000
;1,38250;-0,07963;0,01197;0,00000;0,00000
;1,38300;0,07413;0,01085;0,00000;0,00000
;1,38350;-0,03735;0,00964;0,00000;0,00000
;1,38400;0,00110;0,00840;0,00000;0,00000
;1,38450;-0,01684;0,00714;0,00000;0,00000
;1,38500;0,00174;0,00586;0,00000;0,00000
;1,38550;-0,01684;0,00457;0,00000;0,00000
;1,38600;0,02993;0,00329;0,00000;0,00000
;1,38650;-0,01556;0,00208;0,00000;0,00000
;1,38700;-0,02774;0,00096;0,00000;0,00000
;1,38750;-0,01236;-0,00010;0,00000;0,00000
;1,38800;-0,05336;-0,00115;0,00000;0,00000
;1,38850;0,01199;-0,00224;0,00000;0,00000
;1,38900;-0,03094;-0,00338;0,00000;0,00000
;1,38950;-0,00211;-0,00453;0,00000;0,00000
;1,39000;0,04787;-0,00566;0,00000;0,00000
;1,39050;-0,03158;-0,00666;0,00000;0,00000
;1,39100;-0,01428;-0,00751;0,00000;0,00000
;1,39150;0,01519;-0,00820;0,00000;0,00000
;1,39200;-0,06746;-0,00878;0,00000;0,00000
;1,39250;0,02736;-0,00927;0,00000;0,00000
;1,39300;0,01135;-0,00969;0,00000;0,00000
;1,39350;0,05555;-0,00997;0,00000;0,00000
;1,39400;0,05812;-0,00997;0,00000;0,00000
;1,39450;-0,00339;-0,00960;0,00000;0,00000
;1,39500;-0,01044;-0,00885;0,00000;0,00000
;1,39550;0,01839;-0,00781;0,00000;0,00000
;1,39600;0,04402;-0,00655;0,00000;0,00000
;1,39650;0,04146;-0,00506;0,00000;0,00000
;1,39700;0,00494;-0,00334;0,00000;0,00000
;1,39750;0,04530;-0,00141;0,00000;0,00000
;1,39800;-0,00275;0,00068;0,00000;0,00000
;1,39850;0,05299;0,00287;0,00000;0,00000
;1,39900;-0,04632;0,00511;0,00000;0,00000
;1,39950;0,00174;0,00727;0,00000;0,00000
;1,40000;0,01711;0,00924;0,00000;0,00000
;1,40050;0,02288;0,01098;0,00000;0,00000
;1,40100;-0,02709;0,01248;0,00000;0,00000
;1,40150;0,05171;0,01372;0,00000;0,00000
;1,40200;-0,03991;0,01470;0,00000;0,00000
;1,40250;0,06132;0,01544;0,00000;0,00000
;1,40300;-0,02133;0,01595;0,00000;0,00000
;1,40350;0,08759;0,01629;0,00000;0,00000
;1,40400;0,02800;0,01657;0,00000;0,00000
;1,40450;0,06709;0,01689;0,00000;0,00000
;1,40500;0,04594;0,01735;0,00000;0,00000
;1,40550;0,01904;0,01799;0,00000;0,00000
;1,40600;0,01071;0,01880;0,00000;0,00000
;1,40650;0,03377;0,01970;0,00000;0,00000
;1,40700;0,01327;0,02063;0,00000;0,00000
;1,40750;0,06965;0,02158;0,00000;0,00000
;1,40800;-0,00211;0,02254;0,00000;0,00000
;1,40850;0,05748;0,02351;0,00000;0,00000
;1,40900;-0,02133;0,02446;0,00000;0,00000
;1,40950;0,05876;0,02535;0,00000;0,00000
;1,41000;0,07221;0,02616;0,00000;0,00000
;1,41050;0,08631;0,02700;0,00000;0,00000
;1,41100;0,00238;0,02795;0,00000;0,00000
;1,41150;0,07478;0,02903;0,00000;0,00000
;1,41200;0,02544;0,03019;0,00000;0,00000
;1,41250;0,04274;0,03142;0,00000;0,00000
;1,41300;0,06581;0,03269;0,00000;0,00000
;1,41350;0,05876;0,03399;0,00000;0,00000
;1,41400;0,01071;0,03533;0,00000;0,00000
;1,41450;0,00494;0,03665;0,00000;0,00000
;1,41500;0,05107;0,03783;0,00000;0,00000
;1,41550;0,02096;0,03882;0,00000;0,00000
;1,41600;0,02800;0,03962;0,00000;0,00000
;1,41650;0,05876;0,04021;0,00000;0,00000
;1,41700;0,07285;0,04063;0,00000;0,00000
;1,41750;0,08310;0,04100;0,00000;0,00000
;1,41800;-0,03478;0,04138;0,00000;0,00000
;1,41850;0,04851;0,04173;0,00000;0,00000
;1,41900;-0,01684;0,04194;0,00000;0,00000
;1,41950;0,02800;0,04194;0,00000;0,00000
;1,42000;0,01455;0,04169;0,00000;0,00000
;1,42050;0,01839;0,04118;0,00000;0,00000
;1,42100;0,02929;0,04043;0,00000;0,00000
;1,42150;0,04018;0,03948;0,00000;0,00000
;1,42200;0,04338;0,03840;0,00000;0,00000
;1,42250;0,09336;0,03731;0,00000;0,00000
;1,42300;0,03505;0,03632;0,00000;0,00000
;1,42350;0,07029;0,03555;0,00000;0,00000
;1,42400;0,02608;0,03501;0,00000;0,00000
;1,42450;0,04274;0,03471;0,00000;0,00000
;1,42500;0,02993;0,03461;0,00000;0,00000
;1,42550;0,03441;0,03466;0,00000;0,00000
;1,42600;0,01968;0,03480;0,00000;0,00000
;1,42650;0,01968;0,03499;0,00000;0,00000
;1,42700;-0,02645;0,03512;0,00000;0,00000
;1,42750;0,02608;0,03512;0,00000;0,00000
;1,42800;0,01199;0,03490;0,00000;0,00000
;1,42850;-0,00211;0,03446;0,00000;0,00000
;1,42900;-0,04632;0,03377;0,00000;0,00000
;1,42950;0,00878;0,03275;0,00000;0,00000
;1,43000;-0,03222;0,03136;0,00000;0,00000
;1,43050;-0,01748;0,02960;0,00000;0,00000
;1,43100;-0,08604;0,02745;0,00000;0,00000
;1,43150;-0,00275;0,02487;0,00000;0,00000
;1,43200;-0,00980;0,02187;0,00000;0,00000
;1,43250;0,01968;0,01857;0,00000;0,00000
;1,43300;0,02672;0,01515;0,00000;0,00000
;1,43350;0,03954;0,01179;0,00000;0,00000
;1,43400;-0,01108;0,00867;0,00000;0,00000
;1,43450;-0,03030;0,00586;0,00000;0,00000
;1,43500;0,02736;0,00333;0,00000;0,00000
;1,43550;-0,03863;0,00109;0,00000;0,00000
;1,43600;0,02096;-0,00088;0,00000;0,00000
;1,43650;-0,02709;-0,00259;0,00000;0,00000
;1,43700;0,02352;-0,00404;0,00000;0,00000
;1,43750;-0,01300;-0,00524;0,00000;0,00000
;1,43800;-0,02902;-0,00619;0,00000;0,00000
;1,43850;0,01327;-0,00694;0,00000;0,00000
;1,43900;0,02032;-0,00751;0,00000;0,00000
;1,43950;-0,00916;-0,00787;0,00000;0,00000
;1,44000;0,05427;-0,00799;0,00000;0,00000
;1,44050;-0,05721;-0,00787;0,00000;0,00000
;1,44100;-0,00916;-0,00756;0,00000;0,00000
;1,44150;-0,07258;-0,00720;0,00000;0,00000
;1,44200;-0,02069;-0,00691;0,00000;0,00000
;1,44250;0,04530;-0,00678;0,00000;0,00000
;1,44300;0,01775;-0,00672;0,00000;0,00000
;1,44350;-0,02517;-0,00666;0,00000;0,00000
;1,44400;0,02672;-0,00653;0,00000;0,00000
;1,44450;-0,08732;-0,00638;0,00000;0,00000
;1,44500;-0,04632;-0,00630;0,00000;0,00000
;1,44550;-0,02709;-0,00642;0,00000;0,00000
;1,44600;0,05043;-0,00676;0,00000;0,00000
;1,44650;0,01647;-0,00722;0,00000;0,00000
;1,44700;0,01327;-0,00764;0,00000;0,00000
;1,44750;0,07734;-0,00790;0,00000;0,00000
;1,44800;0,05107;-0,00786;0,00000;0,00000
;1,44850;0,02544;-0,00740;0,00000;0,00000
;1,44900;0,00430;-0,00651;0,00000;0,00000
;1,44950;-0,03927;-0,00527;0,00000;0,00000
;1,45000;0,05043;-0,00381;0,00000;0,00000
;1,45050;-0,02005;-0,00225;0,00000;0,00000
;1,45100;0,03249;-0,00062;0,00000;0,00000
;1,45150;-0,00275;0,00103;0,00000;0,00000
;1,45200;-0,02197;0,00264;0,00000;0,00000
;1,45250;0,02865;0,00414;0,00000;0,00000
;1,45300;0,01711;0,00550;0,00000;0,00000
;1,45350;0,04274;0,00675;0,00000;0,00000
;1,45400;0,07349;0,00796;0,00000;0,00000
;1,45450;0,04915;0,00925;0,00000;0,00000
;1,45500;0,04466;0,01069;0,00000;0,00000
;1,45550;-0,00019;0,01231;0,00000;0,00000
;1,45600;0,06452;0,01404;0,00000;0,00000
;1,45650;0,07542;0,01587;0,00000;0,00000
;1,45700;0,00558;0,01783;0,00000;0,00000
;1,45750;0,01135;0,01987;0,00000;0,00000
;1,45800;0,09912;0,02191;0,00000;0,00000
;1,45850;0,01519;0,02395;0,00000;0,00000
;1,45900;-0,00659;0,02597;0,00000;0,00000
;1,45950;-0,00083;0,02786;0,00000;0,00000
;1,46000;0,05363;0,02949;0,00000;0,00000
;1,46050;-0,00787;0,03085;0,00000;0,00000
;1,46100;0,04723;0,03191;0,00000;0,00000
;1,46150;0,05684;0,03271;0,00000;0,00000
;1,46200;0,02224;0,03331;0,00000;0,00000
;1,46250;0,01775;0,03375;0,00000;0,00000
;1,46300;0,12283;0,03407;0,00000;0,00000
;1,46350;-0,01172;0,03436;0,00000;0,00000
;1,46400;0,07734;0,03468;0,00000;0,00000
;1,46450;-0,01748;0,03501;0,00000;0,00000
;1,46500;0,05812;0,03533;0,00000;0,00000
;1,46550;-0,00531;0,03557;0,00000;0,00000
;1,46600;0,06965;0,03573;0,00000;0,00000
;1,46650;0,00814;0,03580;0,00000;0,00000
;1,46700;0,01711;0,03579;0,00000;0,00000
;1,46750;0,01071;0,03567;0,00000;0,00000
;1,46800;0,06773;0,03542;0,00000;0,00000
;1,46850;0,04018;0,03509;0,00000;0,00000
;1,46900;0,04787;0,03476;0,00000;0,00000
;1,46950;-0,00595;0,03446;0,00000;0,00000
;1,47000;0,04979;0,03416;0,00000;0,00000
;1,47050;0,03762;0,03386;0,00000;0,00000
;1,47100;0,07478;0,03360;0,00000;0,00000
;1,47150;0,05043;0,03344;0,00000;0,00000
;1,47200;0,01519;0,03344;0,00000;0,00000
;1,47250;0,00302;0,03354;0,00000;0,00000
;1,47300;0,05043;0,03368;0,00000;0,00000
;1,47350;-0,00595;0,03380;0,00000;0,00000
;1,47400;0,06004;0,03386;0,00000;0,00000
;1,47450;0,00750;0,03385;0,00000;0,00000
;1,47500;0,00878;0,03378;0,00000;0,00000
;1,47550;0,02480;0,03360;0,00000;0,00000
;1,47600;0,07029;0,03331;0,00000;0,00000
;1,47650;0,03569;0,03298;0,00000;0,00000
;1,47700;0,02993;0,03268;0,00000;0,00000
;1,47750;-0,00595;0,03241;0,00000;0,00000
;1,47800;0,04466;0,03213;0,00000;0,00000
;1,47850;-0,01108;0,03181;0,00000;0,00000
;1,47900;0,01647;0,03140;0,00000;0,00000
;1,47950;-0,04375;0,03086;0,00000;0,00000
;1,48000;-0,02325;0,03008;0,00000;0,00000
;1,48050;-0,01364;0,02899;0,00000;0,00000
;1,48100;-0,00659;0,02754;0,00000;0,00000
;1,48150;0,00878;0,02577;0,00000;0,00000
;1,48200;-0,04119;0,02373;0,00000;0,00000
;1,48250;-0,09693;0,02142;0,00000;0,00000
;1,48300;-0,03350;0,01874;0,00000;0,00000
;1,48350;-0,02517;0,01565;0,00000;0,00000
;1,48400;0,02929;0,01224;0,00000;0,00000
;1,48450;-0,02966;0,00867;0,00000;0,00000
;1,48500;-0,01748;0,00508;0,00000;0,00000
;1,48550;-0,00595;0,00155;0,00000;0,00000
;1,48600;-0,00211;-0,00183;0,00000;0,00000
;1,48650;0,01071;-0,00498;0,00000;0,00000
;1,48700;-0,04503;-0,00782;0,00000;0,00000
;1,48750;-0,01813;-0,01035;0,00000;0,00000
;1,48800;0,02288;-0,01257;0,00000;0,00000
;1,48850;0,01904;-0,01445;0,00000;0,00000
;1,48900;-0,02005;-0,01591;0,00000;0,00000
;1,48950;0,00302;-0,01695;0,00000;0,00000
;1,49000;-0,01428;-0,01760;0,00000;0,00000
;1,49050;0,00558;-0,01790;0,00000;0,00000
;1,49100;-0,04247;-0,01790;0,00000;0,00000
;1,49150;-0,00019;-0,01767;0,00000;0,00000
;1,49200;-0,05657;-0,01730;0,00000;0,00000
;1,49250;-0,02838;-0,01689;0,00000;0,00000
;1,49300;0,00686;-0,01651;0,00000;0,00000
;1,49350;0,04530;-0,01614;0,00000;0,00000
;1,49400;0,01135;-0,01569;0,00000;0,00000
;1,49450;-0,01941;-0,01508;0,00000;0,00000
;1,49500;-0,03863;-0,01433;0,00000;0,00000
;1,49550;-0,00275;-0,01353;0,00000;0,00000
;1,49600;-0,04439;-0,01276;0,00000;0,00000
;1,49650;0,02160;-0,01207;0,00000;0,00000
;1,49700;-0,02517;-0,01146;0,00000;0,00000
;1,49750;0,00430;-0,01092;0,00000;0,00000
;1,49800;-0,03478;-0,01045;0,00000;0,00000
;1,49850;0,01519;-0,01006;0,00000;0,00000
;1,49900;-0,05657;-0,00975;0,00000;0,00000
;1,49950;0,05363;-0,00952;0,00000;0,00000
;1,50000;0,00174;-0,00934;0,00000;0,00000
;1,50050;0,02929;-0,00909;0,00000;0,00000
;1,50100;-0,00339;-0,00873;0,00000;0,00000
;1,50150;0,04915;-0,00821;0,00000;0,00000
;1,50200;0,01775;-0,00750;0,00000;0,00000
;1,50250;0,01135;-0,00656;0,00000;0,00000
;1,50300;-0,04119;-0,00543;0,00000;0,00000
;1,50350;0,07285;-0,00419;0,00000;0,00000
;1,50400;0,03762;-0,00284;0,00000;0,00000
;1,50450;0,05299;-0,00132;0,00000;0,00000
;1,50500;0,06581;0,00043;0,00000;0,00000
;1,50550;0,01263;0,00246;0,00000;0,00000
;1,50600;0,01647;0,00473;0,00000;0,00000
;1,50650;0,02736;0,00713;0,00000;0,00000
;1,50700;-0,02133;0,00957;0,00000;0,00000
;1,50750;0,04530;0,01193;0,00000;0,00000
;1,50800;-0,02838;0,01413;0,00000;0,00000
;1,50850;0,04146;0,01610;0,00000;0,00000
;1,50900;-0,03863;0,01780;0,00000;0,00000
;1,50950;0,00174;0,01915;0,00000;0,00000
;1,51000;-0,02645;0,02010;0,00000;0,00000
;1,51050;0,05427;0,02062;0,00000;0,00000
;1,51100;0,00878;0,02078;0,00000;0,00000
;1,51150;0,07606;0,02070;0,00000;0,00000
;1,51200;0,01904;0,02052;0,00000;0,00000
;1,51250;0,14205;0,02037;0,00000;0,00000
;1,51300;0,05684;0,02046;0,00000;0,00000
;1,51350;0,09848;0,02093;0,00000;0,00000
;1,51400;0,03121;0,02187;0,00000;0,00000
;1,51450;0,02672;0,02324;0,00000;0,00000
;1,51500;0,01391;0,02490;0,00000;0,00000
;1,51550;0,03441;0,02670;0,00000;0,00000
;1,51600;0,00366;0,02852;0,00000;0,00000
;1,51650;0,09271;0,03027;0,00000;0,00000
;1,51700;-0,02453;0,03192;0,00000;0,00000
;1,51750;0,07734;0,03346;0,00000;0,00000
;1,51800;0,01839;0,03484;0,00000;0,00000
;1,51850;0,11258;0,03609;0,00000;0,00000
;1,51900;0,03185;0,03729;0,00000;0,00000
;1,51950;0,08887;0,03850;0,00000;0,00000
;1,52000;0,02480;0,03975;0,00000;0,00000
;1,52050;0,05235;0,04102;0,00000;0,00000
;1,52100;0,02608;0,04226;0,00000;0,00000
;1,52150;0,12795;0,04346;0,00000;0,00000
;1,52200;-0,01172;0,04463;0,00000;0,00000
;1,52250;-0,00339;0,04575;0,00000;0,00000
;1,52300;0,06773;0,04669;0,00000;0,00000
;1,52350;0,10168;0,04742;0,00000;0,00000
;1,52400;0,02672;0,04804;0,00000;0,00000
;1,52450;0,03121;0,04859;0,00000;0,00000
;1,52500;0,00558;0,04903;0,00000;0,00000
;1,52550;0,06645;0,04928;0,00000;0,00000
;1,52600;-0,00467;0,04932;0,00000;0,00000
;1,52650;-0,00787;0,04913;0,00000;0,00000
;1,52700;0,03633;0,04863;0,00000;0,00000
;1,52750;0,07990;0,04783;0,00000;0,00000
;1,52800;-0,01684;0,04683;0,00000;0,00000
;1,52850;0,04082;0,04567;0,00000;0,00000
;1,52900;0,03697;0,04436;0,00000;0,00000
;1,52950;0,02800;0,04297;0,00000;0,00000
;1,53000;-0,02325;0,04150;0,00000;0,00000
;1,53050;0,03890;0,03994;0,00000;0,00000
;1,53100;0,05235;0,03830;0,00000;0,00000
;1,53150;-0,00659;0,03664;0,00000;0,00000
;1,53200;0,00174;0,03499;0,00000;0,00000
;1,53250;0,02544;0,03332;0,00000;0,00000
;1,53300;-0,00851;0,03161;0,00000;0,00000
;1,53350;-0,02453;0,02986;0,00000;0,00000
;1,53400;0,00750;0,02803;0,00000;0,00000
;1,53450;0,03762;0,02609;0,00000;0,00000
;1,53500;-0,04247;0,02411;0,00000;0,00000
;1,53550;0,02865;0,02211;0,00000;0,00000
;1,53600;-0,03094;0,02008;0,00000;0,00000
;1,53650;-0,03414;0,01801;0,00000;0,00000
;1,53700;-0,02453;0,01586;0,00000;0,00000
;1,53750;-0,02261;0,01359;0,00000;0,00000
;1,53800;-0,01684;0,01119;0,00000;0,00000
;1,53850;-0,04952;0,00869;0,00000;0,00000
;1,53900;-0,00083;0,00608;0,00000;0,00000
;1,53950;-0,04696;0,00341;0,00000;0,00000
;1,54000;-0,01364;0,00068;0,00000;0,00000
;1,54050;0,03633;-0,00203;0,00000;0,00000
;1,54100;0,00494;-0,00460;0,00000;0,00000
;1,54150;0,01904;-0,00689;0,00000;0,00000
;1,54200;0,02352;-0,00881;0,00000;0,00000
;1,54250;-0,01941;-0,01031;0,00000;0,00000
;1,54300;0,05299;-0,01136;0,00000;0,00000
;1,54350;-0,02261;-0,01197;0,00000;0,00000
;1,54400;-0,01684;-0,01217;0,00000;0,00000
;1,54450;-0,04632;-0,01206;0,00000;0,00000
;1,54500;-0,06490;-0,01181;0,00000;0,00000
;1,54550;-0,02069;-0,01158;0,00000;0,00000
;1,54600;-0,04503;-0,01148;0,00000;0,00000
;1,54650;-0,02517;-0,01157;0,00000;0,00000
;1,54700;-0,01492;-0,01185;0,00000;0,00000
;1,54750;-0,00851;-0,01229;0,00000;0,00000
;1,54800;0,00302;-0,01283;0,00000;0,00000
;1,54850;-0,00787;-0,01339;0,00000;0,00000
;1,54900;0,01071;-0,01391;0,00000;0,00000
;1,54950;0,00302;-0,01432;0,00000;0,00000
;1,55000;0,01007;-0,01457;0,00000;0,00000
;1,55050;-0,00147;-0,01462;0,00000;0,00000
;1,55100;0,07221;-0,01444;0,00000;0,00000
;1,55150;-0,00787;-0,01396;0,00000;0,00000
;1,55200;0,07734;-0,01311;0,00000;0,00000
;1,55250;-0,06618;-0,01191;0,00000;0,00000
;1,55300;0,02736;-0,01043;0,00000;0,00000
;1,55350;0,00622;-0,00878;0,00000;0,00000
;1,55400;0,11194;-0,00700;0,00000;0,00000
;1,55450;-0,02325;-0,00501;0,00000;0,00000
;1,55500;0,01711;-0,00281;0,00000;0,00000
;1,55550;0,02032;-0,00050;0,00000;0,00000
;1,55600;0,04851;0,00186;0,00000;0,00000
;1,55650;-0,00147;0,00425;0,00000;0,00000
;1,55700;0,00878;0,00662;0,00000;0,00000
;1,55750;0,02352;0,00890;0,00000;0,00000
;1,55800;0,11642;0,01107;0,00000;0,00000
;1,55850;-0,02005;0,01321;0,00000;0,00000
;1,55900;0,05555;0,01536;0,00000;0,00000
;1,55950;-0,02517;0,01744;0,00000;0,00000
;1,56000;0,02288;0,01938;0,00000;0,00000
;1,56050;0,04210;0,02111;0,00000;0,00000
;1,56100;0,06581;0,02265;0,00000;0,00000
;1,56150;0,02544;0,02405;0,00000;0,00000
;1,56200;0,02096;0,02537;0,00000;0,00000
;1,56250;0,00302;0,02657;0,00000;0,00000
;1,56300;0,05171;0,02761;0,00000;0,00000
;1,56350;0,09784;0,02852;0,00000;0,00000
;1,56400;0,08439;0,02942;0,00000;0,00000
;1,56450;-0,01941;0,03042;0,00000;0,00000
;1,56500;0,09400;0,03151;0,00000;0,00000
;1,56550;0,01455;0,03266;0,00000;0,00000
;1,56600;0,01071;0,03383;0,00000;0,00000
;1,56650;-0,00595;0,03491;0,00000;0,00000
;1,56700;0,06004;0,03581;0,00000;0,00000
;1,56750;-0,00531;0,03649;0,00000;0,00000
;1,56800;0,07606;0,03696;0,00000;0,00000
;1,56850;0,06196;0,03727;0,00000;0,00000
;1,56900;0,08439;0,03754;0,00000;0,00000
;1,56950;-0,00339;0,03785;0,00000;0,00000
;1,57000;0,03377;0,03819;0,00000;0,00000
;1,57050;-0,00211;0,03849;0,00000;0,00000
;1,57100;0,07542;0,03868;0,00000;0,00000
;1,57150;0,02224;0,03878;0,00000;0,00000
;1,57200;0,02929;0,03881;0,00000;0,00000
;1,57250;-0,00595;0,03875;0,00000;0,00000
;1,57300;0,09015;0,03857;0,00000;0,00000
;1,57350;0,02544;0,03832;0,00000;0,00000
;1,57400;0,08503;0,03806;0,00000;0,00000
;1,57450;-0,00211;0,03787;0,00000;0,00000
;1,57500;0,00430;0,03772;0,00000;0,00000
;1,57550;0,04851;0,03754;0,00000;0,00000
;1,57600;0,02800;0,03730;0,00000;0,00000
;1,57650;0,05748;0,03702;0,00000;0,00000
;1,57700;0,00110;0,03672;0,00000;0,00000
;1,57750;-0,02581;0,03638;0,00000;0,00000
;1,57800;0,06260;0,03592;0,00000;0,00000
;1,57850;0,00174;0,03531;0,00000;0,00000
;1,57900;0,04594;0,03460;0,00000;0,00000
;1,57950;-0,01428;0,03380;0,00000;0,00000
;1,58000;0,02929;0,03291;0,00000;0,00000
;1,58050;-0,05657;0,03189;0,00000;0,00000
;1,58100;0,03633;0,03070;0,00000;0,00000
;1,58150;-0,01300;0,02930;0,00000;0,00000
;1,58200;-0,02838;0,02770;0,00000;0,00000
;1,58250;-0,02581;0,02589;0,00000;0,00000
;1,58300;-0,03222;0,02381;0,00000;0,00000
;1,58350;-0,00851;0,02147;0,00000;0,00000
;1,58400;0,04915;0,01891;0,00000;0,00000
;1,58450;0,02608;0,01628;0,00000;0,00000
;1,58500;0,00750;0,01375;0,00000;0,00000
;1,58550;0,00558;0,01141;0,00000;0,00000
;1,58600;-0,02005;0,00929;0,00000;0,00000
;1,58650;-0,00595;0,00736;0,00000;0,00000
;1,58700;0,02736;0,00562;0,00000;0,00000
;1,58750;-0,02133;0,00406;0,00000;0,00000
;1,58800;0,06324;0,00272;0,00000;0,00000
;1,58850;0,00814;0,00166;0,00000;0,00000
;1,58900;0,00622;0,00092;0,00000;0,00000
;1,58950;-0,02197;0,00048;0,00000;0,00000
;1,59000;-0,03030;0,00024;0,00000;0,00000
;1,59050;0,03249;0,00011;0,00000;0,00000
;1,59100;-0,03478;0,00004;0,00000;0,00000
;1,59150;0,03762;0,00002;0,00000;0,00000
;1,59200;-0,00787;0,00005;0,00000;0,00000
;1,59250;0,00494;0,00014;0,00000;0,00000
;1,59300;-0,04760;0,00027;0,00000;0,00000
;1,59350;0,02736;0,00036;0,00000;0,00000
;1,59400;-0,02261;0,00040;0,00000;0,00000
;1,59450;-0,02389;0,00037;0,00000;0,00000
;1,59500;-0,04247;0,00022;0,00000;0,00000
;1,59550;-0,03671;-0,00011;0,00000;0,00000
;1,59600;-0,05849;-0,00070;0,00000;0,00000
;1,59650;0,03826;-0,00157;0,00000;0,00000
;1,59700;-0,03799;-0,00266;0,00000;0,00000
;1,59750;-0,00083;-0,00388;0,00000;0,00000
;1,59800;-0,00659;-0,00517;0,00000;0,00000
;1,59850;0,04402;-0,00645;0,00000;0,00000
;1,59900;-0,00275;-0,00760;0,00000;0,00000
;1,59950;0,01327;-0,00854;0,00000;0,00000
;1,60000;-0,03158;-0,00922;0,00000;0,00000
;1,60050;0,01007;-0,00969;0,00000;0,00000
;1,60100;0,00045;-0,00997;0,00000;0,00000
;1,60150;0,02224;-0,01006;0,00000;0,00000
;1,60200;-0,02709;-0,00995;0,00000;0,00000
;1,60250;0,02416;-0,00966;0,00000;0,00000
;1,60300;0,03121;-0,00920;0,00000;0,00000
;1,60350;0,01071;-0,00854;0,00000;0,00000
;1,60400;-0,00787;-0,00768;0,00000;0,00000
;1,60450;0,01263;-0,00666;0,00000;0,00000
;1,60500;-0,05272;-0,00555;0,00000;0,00000
;1,60550;0,09464;-0,00442;0,00000;0,00000
;1,60600;-0,02838;-0,00325;0,00000;0,00000
;1,60650;0,00430;-0,00204;0,00000;0,00000
;1,60700;-0,03671;-0,00083;0,00000;0,00000
;1,60750;0,03121;0,00027;0,00000;0,00000
;1,60800;0,03185;0,00127;0,00000;0,00000
;1,60850;0,02736;0,00222;0,00000;0,00000
;1,60900;-0,01877;0,00317;0,00000;0,00000
;1,60950;0,02672;0,00411;0,00000;0,00000
;1,61000;-0,05593;0,00498;0,00000;0,00000
;1,61050;0,08759;0,00574;0,00000;0,00000
;1,61100;0,03185;0,00644;0,00000;0,00000
;1,61150;0,05812;0,00719;0,00000;0,00000
;1,61200;0,02672;0,00808;0,00000;0,00000
;1,61250;0,09271;0,00918;0,00000;0,00000
;1,61300;-0,02133;0,01051;0,00000;0,00000
;1,61350;0,09271;0,01206;0,00000;0,00000
;1,61400;0,03762;0,01382;0,00000;0,00000
;1,61450;0,02224;0,01576;0,00000;0,00000
;1,61500;0,01647;0,01784;0,00000;0,00000
;1,61550;0,06965;0,01996;0,00000;0,00000
;1,61600;0,01647;0,02209;0,00000;0,00000
;1,61650;0,06260;0,02419;0,00000;0,00000
;1,61700;-0,04696;0,02623;0,00000;0,00000
;1,61750;0,06517;0,02810;0,00000;0,00000
;1,61800;0,01519;0,02973;0,00000;0,00000
;1,61850;0,08951;0,03114;0,00000;0,00000
;1,61900;0,04466;0,03240;0,00000;0,00000
;1,61950;0,09079;0,03362;0,00000;0,00000
;1,62000;0,00622;0,03483;0,00000;0,00000
;1,62050;0,05235;0,03606;0,00000;0,00000
;1,62100;0,00622;0,03722;0,00000;0,00000
;1,62150;0,04466;0,03827;0,00000;0,00000
;1,62200;-0,03542;0,03914;0,00000;0,00000
;1,62250;0,08118;0,03975;0,00000;0,00000
;1,62300;-0,00531;0,04009;0,00000;0,00000
;1,62350;0,11065;0,04022;0,00000;0,00000
;1,62400;0,03313;0,04023;0,00000;0,00000
;1,62450;0,06324;0,04022;0,00000;0,00000
;1,62500;-0,03222;0,04021;0,00000;0,00000
;1,62550;0,06196;0,04016;0,00000;0,00000
;1,62600;0,02672;0,04001;0,00000;0,00000
;1,62650;0,09656;0,03981;0,00000;0,00000
;1,62700;0,02544;0,03963;0,00000;0,00000
;1,62750;0,04402;0,03952;0,00000;0,00000
;1,62800;0,03505;0,03948;0,00000;0,00000
;1,62850;0,07798;0,03951;0,00000;0,00000
;1,62900;-0,00019;0,03960;0,00000;0,00000
;1,62950;0,00814;0,03973;0,00000;0,00000
;1,63000;-0,00980;0,03978;0,00000;0,00000
;1,63050;0,03569;0,03966;0,00000;0,00000
;1,63100;0,02800;0,03932;0,00000;0,00000
;1,63150;0,03697;0,03881;0,00000;0,00000
;1,63200;0,01263;0,03816;0,00000;0,00000
;1,63250;0,01647;0,03738;0,00000;0,00000
;1,63300;-0,01748;0,03647;0,00000;0,00000
;1,63350;0,00878;0,03539;0,00000;0,00000
;1,63400;0,03954;0,03411;0,00000;0,00000
;1,63450;0,00622;0,03269;0,00000;0,00000
;1,63500;0,01199;0,03118;0,00000;0,00000
;1,63550;-0,01300;0,02959;0,00000;0,00000
;1,63600;-0,02517;0,02790;0,00000;0,00000
;1,63650;0,00750;0,02608;0,00000;0,00000
;1,63700;-0,01492;0,02411;0,00000;0,00000
;1,63750;0,01455;0,02203;0,00000;0,00000
;1,63800;-0,00980;0,01986;0,00000;0,00000
;1,63850;0,02736;0,01767;0,00000;0,00000
;1,63900;-0,02069;0,01552;0,00000;0,00000
;1,63950;-0,01300;0,01342;0,00000;0,00000
;1,64000;-0,04696;0,01135;0,00000;0,00000
;1,64050;0,02800;0,00928;0,00000;0,00000
;1,64100;-0,02197;0,00723;0,00000;0,00000
;1,64150;0,03826;0,00525;0,00000;0,00000
;1,64200;-0,02389;0,00341;0,00000;0,00000
;1,64250;-0,07194;0,00171;0,00000;0,00000
;1,64300;0,07606;0,00011;0,00000;0,00000
;1,64350;-0,00980;-0,00136;0,00000;0,00000
;1,64400;0,00110;-0,00263;0,00000;0,00000
;1,64450;-0,04183;-0,00368;0,00000;0,00000
;1,64500;-0,01428;-0,00458;0,00000;0,00000
;1,64550;-0,04055;-0,00540;0,00000;0,00000
;1,64600;-0,01813;-0,00620;0,00000;0,00000
;1,64650;0,05427;-0,00700;0,00000;0,00000
;1,64700;0,00686;-0,00771;0,00000;0,00000
;1,64750;0,03377;-0,00821;0,00000;0,00000
;1,64800;0,00558;-0,00844;0,00000;0,00000
;1,64850;0,00430;-0,00838;0,00000;0,00000
;1,64900;-0,00275;-0,00806;0,00000;0,00000
;1,64950;-0,06233;-0,00755;0,00000;0,00000
;1,65000;0,00110;-0,00699;0,00000;0,00000
;1,65050;-0,00019;-0,00645;0,00000;0,00000
;1,65100;0,03313;-0,00596;0,00000;0,00000
;1,65150;-0,02005;-0,00545;0,00000;0,00000
;1,65200;-0,01941;-0,00494;0,00000;0,00000
;1,65250;0,00174;-0,00445;0,00000;0,00000
;1,65300;0,02929;-0,00402;0,00000;0,00000
;1,65350;-0,00723;-0,00359;0,00000;0,00000
;1,65400;0,02929;-0,00314;0,00000;0,00000
;1,65450;-0,05400;-0,00265;0,00000;0,00000
;1,65500;0,05812;-0,00217;0,00000;0,00000
;1,65550;-0,01428;-0,00168;0,00000;0,00000
;1,65600;0,00942;-0,00118;0,00000;0,00000
;1,65650;-0,02197;-0,00066;0,00000;0,00000
;1,65700;-0,02645;-0,00019;0,00000;0,00000
;1,65750;-0,02325;0,00016;0,00000;0,00000
;1,65800;0,00494;0,00034;0,00000;0,00000
;1,65850;-0,04632;0,00033;0,00000;0,00000
;1,65900;0,09720;0,00017;0,00000;0,00000
;1,65950;-0,03478;-0,00005;0,00000;0,00000
;1,66000;-0,00211;-0,00024;0,00000;0,00000
;1,66050;0,00110;-0,00042;0,00000;0,00000
;1,66100;0,03057;-0,00057;0,00000;0,00000
;1,66150;0,09976;-0,00062;0,00000;0,00000
;1,66200;0,03633;-0,00041;0,00000;0,00000
;1,66250;-0,00851;0,00016;0,00000;0,00000
;1,66300;0,03249;0,00106;0,00000;0,00000
;1,66350;0,02544;0,00222;0,00000;0,00000
;1,66400;0,06068;0,00360;0,00000;0,00000
;1,66450;0,00174;0,00520;0,00000;0,00000
;1,66500;0,07478;0,00700;0,00000;0,00000
;1,66550;0,02929;0,00898;0,00000;0,00000
;1,66600;0,03249;0,01113;0,00000;0,00000
;1,66650;0,00622;0,01338;0,00000;0,00000
;1,66700;0,02160;0,01565;0,00000;0,00000
;1,66750;-0,01748;0,01782;0,00000;0,00000
;1,66800;0,07349;0,01981;0,00000;0,00000
;1,66850;0,03185;0,02162;0,00000;0,00000
;1,66900;0,07606;0,02330;0,00000;0,00000
;1,66950;-0,00019;0,02491;0,00000;0,00000
;1,67000;0,03249;0,02644;0,00000;0,00000
;1,67050;0,01391;0,02784;0,00000;0,00000
;1,67100;0,06004;0,02908;0,00000;0,00000
;1,67150;0,03121;0,03017;0,00000;0,00000
;1,67200;0,03826;0,03115;0,00000;0,00000
;1,67250;-0,02838;0,03200;0,00000;0,00000
;1,67300;0,02288;0,03264;0,00000;0,00000
;1,67350;0,05171;0,03304;0,00000;0,00000
;1,67400;0,11194;0,03326;0,00000;0,00000
;1,67450;0,02160;0,03344;0,00000;0,00000
;1,67500;0,01711;0,03369;0,00000;0,00000
;1,67550;0,01199;0,03395;0,00000;0,00000
;1,67600;0,06324;0,03417;0,00000;0,00000
;1,67650;0,05235;0,03436;0,00000;0,00000
;1,67700;0,03185;0,03458;0,00000;0,00000
;1,67750;0,04979;0,03483;0,00000;0,00000
;1,67800;0,07926;0,03515;0,00000;0,00000
;1,67850;0,02288;0,03557;0,00000;0,00000
;1,67900;0,03313;0,03608;0,00000;0,00000
;1,67950;0,01519;0,03664;0,00000;0,00000
;1,68000;0,03185;0,03716;0,00000;0,00000
;1,68050;-0,01556;0,03759;0,00000;0,00000
;1,68100;0,02865;0,03783;0,00000;0,00000
;1,68150;0,03377;0,03785;0,00000;0,00000
;1,68200;-0,01556;0,03765;0,00000;0,00000
;1,68250;-0,01108;0,03719;0,00000;0,00000
;1,68300;0,01711;0,03643;0,00000;0,00000
;1,68350;0,03377;0,03538;0,00000;0,00000
;1,68400;0,03890;0,03412;0,00000;0,00000
;1,68450;0,02800;0,03274;0,00000;0,00000
;1,68500;0,05043;0,03135;0,00000;0,00000
;1,68550;-0,03222;0,03000;0,00000;0,00000
;1,68600;0,03826;0,02869;0,00000;0,00000
;1,68650;0,03185;0,02740;0,00000;0,00000
;1,68700;-0,00275;0,02617;0,00000;0,00000
;1,68750;0,00174;0,02499;0,00000;0,00000
;1,68800;0,00558;0,02383;0,00000;0,00000
;1,68850;0,01327;0,02266;0,00000;0,00000
;1,68900;-0,01428;0,02148;0,00000;0,00000
;1,68950;-0,00916;0,02027;0,00000;0,00000
;1,69000;0,01583;0,01899;0,00000;0,00000
;1,69050;-0,02325;0,01765;0,00000;0,00000
;1,69100;-0,03286;0,01623;0,00000;0,00000
;1,69150;0,04146;0,01472;0,00000;0,00000
;1,69200;0,01583;0,01315;0,00000;0,00000
;1,69250;-0,03286;0,01161;0,00000;0,00000
;1,69300;0,02416;0,01011;0,00000;0,00000
;1,69350;0,00686;0,00868;0,00000;0,00000
;1,69400;0,01327;0,00735;0,00000;0,00000
;1,69450;-0,03991;0,00615;0,00000;0,00000
;1,69500;0,00686;0,00504;0,00000;0,00000
;1,69550;-0,04375;0,00397;0,00000;0,00000
;1,69600;-0,03735;0,00288;0,00000;0,00000
;1,69650;0,01711;0,00173;0,00000;0,00000
;1,69700;-0,02966;0,00050;0,00000;0,00000
;1,69750;0,03185;-0,00074;0,00000;0,00000
;1,69800;0,02096;-0,00192;0,00000;0,00000
;1,69850;0,04146;-0,00293;0,00000;0,00000
;1,69900;-0,01877;-0,00369;0,00000;0,00000
;1,69950;-0,02325;-0,00419;0,00000;0,00000
;1,70000;-0,01492;-0,00450;0,00000;0,00000
;1,70050;0,01711;-0,00471;0,00000;0,00000
;1,70100;0,02480;-0,00480;0,00000;0,00000
;1,70150;-0,00339;-0,00475;0,00000;0,00000
;1,70200;-0,05464;-0,00457;0,00000;0,00000
;1,70250;-0,03222;-0,00437;0,00000;0,00000
;1,70300;-0,02133;-0,00425;0,00000;0,00000
;1,70350;0,05876;-0,00426;0,00000;0,00000
;1,70400;-0,00531;-0,00432;0,00000;0,00000
;1,70450;0,00430;-0,00433;0,00000;0,00000
;1,70500;-0,02774;-0,00428;0,00000;0,00000
;1,70550;0,02736;-0,00419;0,00000;0,00000
;1,70600;-0,01684;-0,00408;0,00000;0,00000
;1,70650;0,02672;-0,00392;0,00000;0,00000
;1,70700;-0,05913;-0,00373;0,00000;0,00000
;1,70750;0,04915;-0,00353;0,00000;0,00000
;1,70800;0,01455;-0,00331;0,00000;0,00000
;1,70850;0,01583;-0,00303;0,00000;0,00000
;1,70900;-0,02133;-0,00264;0,00000;0,00000
;1,70950;0,01199;-0,00218;0,00000;0,00000
;1,71000;-0,04311;-0,00171;0,00000;0,00000
;1,71050;0,04466;-0,00126;0,00000;0,00000
;1,71100;0,01839;-0,00084;0,00000;0,00000
;1,71150;0,06004;-0,00036;0,00000;0,00000
;1,71200;0,02416;0,00027;0,00000;0,00000
;1,71250;0,00558;0,00110;0,00000;0,00000
;1,71300;-0,03735;0,00208;0,00000;0,00000
;1,71350;0,11130;0,00314;0,00000;0,00000
;1,71400;-0,01492;0,00430;0,00000;0,00000
;1,71450;0,01455;0,00557;0,00000;0,00000
;1,71500;0,02736;0,00692;0,00000;0,00000
;1,71550;0,03377;0,00831;0,00000;0,00000
;1,71600;-0,00147;0,00972;0,00000;0,00000
;1,71650;0,06452;0,01113;0,00000;0,00000
;1,71700;0,03249;0,01257;0,00000;0,00000
;1,71750;0,07285;0,01406;0,00000;0,00000
;1,71800;0,02352;0,01566;0,00000;0,00000
;1,71850;0,09143;0,01740;0,00000;0,00000
;1,71900;0,01263;0,01928;0,00000;0,00000
;1,71950;0,06132;0,02129;0,00000;0,00000
;1,72000;0,00686;0,02338;0,00000;0,00000
;1,72050;0,02416;0,02547;0,00000;0,00000
;1,72100;-0,00275;0,02744;0,00000;0,00000
;1,72150;0,07093;0,02922;0,00000;0,00000
;1,72200;-0,03286;0,03077;0,00000;0,00000
;1,72250;0,03697;0,03205;0,00000;0,00000
;1,72300;0,06517;0,03304;0,00000;0,00000
;1,72350;0,06517;0,03380;0,00000;0,00000
;1,72400;0,04210;0,03444;0,00000;0,00000
;1,72450;0,04658;0,03505;0,00000;0,00000
;1,72500;0,03633;0,03564;0,00000;0,00000
;1,72550;0,05363;0,03621;0,00000;0,00000
;1,72600;0,01519;0,03677;0,00000;0,00000
;1,72650;0,11322;0,03732;0,00000;0,00000
;1,72700;-0,02517;0,03789;0,00000;0,00000
;1,72750;0,09528;0,03848;0,00000;0,00000
;1,72800;0,05363;0,03909;0,00000;0,00000
;1,72850;0,07157;0,03976;0,00000;0,00000
;1,72900;0,02032;0,04053;0,00000;0,00000
;1,72950;0,00366;0,04134;0,00000;0,00000
;1,73000;-0,02389;0,04206;0,00000;0,00000
;1,73050;0,02929;0,04253;0,00000;0,00000
;1,73100;0,03057;0,04269;0,00000;0,00000
;1,73150;0,06645;0,04256;0,00000;0,00000
;1,73200;-0,00980;0,04222;0,00000;0,00000
;1,73250;0,02865;0,04168;0,00000;0,00000
;1,73300;-0,00531;0,04094;0,00000;0,00000
;1,73350;0,09400;0,04001;0,00000;0,00000
;1,73400;0,03441;0,03897;0,00000;0,00000
;1,73450;0,03954;0,03796;0,00000;0,00000
;1,73500;0,04338;0,03701;0,00000;0,00000
;1,73550;0,00494;0,03616;0,00000;0,00000
;1,73600;-0,02261;0,03535;0,00000;0,00000
;1,73650;0,06773;0,03452;0,00000;0,00000
;1,73700;-0,01941;0,03364;0,00000;0,00000
;1,73750;0,03185;0,03271;0,00000;0,00000
;1,73800;0,02416;0,03173;0,00000;0,00000
;1,73850;0,03441;0,03071;0,00000;0,00000
;1,73900;-0,00980;0,02970;0,00000;0,00000
;1,73950;-0,01492;0,02867;0,00000;0,00000
;1,74000;0,02800;0,02756;0,00000;0,00000
;1,74050;0,00878;0,02637;0,00000;0,00000
;1,74100;-0,02453;0,02510;0,00000;0,00000
;1,74150;0,04979;0,02376;0,00000;0,00000
;1,74200;-0,04824;0,02236;0,00000;0,00000
;1,74250;0,05363;0,02091;0,00000;0,00000
;1,74300;0,01711;0,01945;0,00000;0,00000
;1,74350;0,07221;0,01807;0,00000;0,00000
;1,74400;0,00045;0,01689;0,00000;0,00000
;1,74450;-0,02069;0,01592;0,00000;0,00000
;1,74500;-0,00595;0,01511;0,00000;0,00000
;1,74550;-0,02838;0,01434;0,00000;0,00000
;1,74600;-0,03863;0,01352;0,00000;0,00000
;1,74650;0,00686;0,01258;0,00000;0,00000
;1,74700;0,01199;0,01148;0,00000;0,00000
;1,74750;0,05043;0,01032;0,00000;0,00000
;1,74800;0,00430;0,00919;0,00000;0,00000
;1,74850;0,01647;0,00820;0,00000;0,00000
;1,74900;-0,01941;0,00735;0,00000;0,00000
;1,74950;-0,03158;0,00660;0,00000;0,00000
;1,75000;-0,03414;0,00586;0,00000;0,00000
;1,75050;-0,01684;0,00504;0,00000;0,00000
;1,75100;-0,03927;0,00409;0,00000;0,00000
;1,75150;0,02736;0,00299;0,00000;0,00000
;1,75200;-0,06361;0,00177;0,00000;0,00000
;1,75250;-0,05593;0,00042;0,00000;0,00000
;1,75300;-0,01172;-0,00111;0,00000;0,00000
;1,75350;-0,02133;-0,00282;0,00000;0,00000
;1,75400;0,02544;-0,00466;0,00000;0,00000
;1,75450;-0,00851;-0,00648;0,00000;0,00000
;1,75500;0,07349;-0,00817;0,00000;0,00000
;1,75550;-0,04055;-0,00957;0,00000;0,00000
;1,75600;0,02865;-0,01064;0,00000;0,00000
;1,75650;0,02224;-0,01136;0,00000;0,00000
;1,75700;0,01775;-0,01170;0,00000;0,00000
;1,75750;-0,00467;-0,01165;0,00000;0,00000
;1,75800;-0,00595;-0,01126;0,00000;0,00000
;1,75850;-0,00851;-0,01061;0,00000;0,00000
;1,75900;-0,02069;-0,00978;0,00000;0,00000
;1,75950;-0,03606;-0,00888;0,00000;0,00000
;1,76000;0,01839;-0,00800;0,00000;0,00000
;1,76050;-0,03542;-0,00720;0,00000;0,00000
;1,76100;0,00366;-0,00649;0,00000;0,00000
;1,76150;0,02929;-0,00587;0,00000;0,00000
;1,76200;0,05620;-0,00529;0,00000;0,00000
;1,76250;-0,03094;-0,00463;0,00000;0,00000
;1,76300;0,08054;-0,00385;0,00000;0,00000
;1,76350;-0,10718;-0,00297;0,00000;0,00000
;1,76400;0,04787;-0,00206;0,00000;0,00000
;1,76450;0,01583;-0,00120;0,00000;0,00000
;1,76500;0,05107;-0,00034;0,00000;0,00000
;1,76550;-0,04375;0,00056;0,00000;0,00000
;1,76600;0,14013;0,00153;0,00000;0,00000
;1,76650;-0,00467;0,00265;0,00000;0,00000
;1,76700;0,04979;0,00399;0,00000;0,00000
;1,76750;0,04338;0,00556;0,00000;0,00000
;1,76800;0,01583;0,00734;0,00000;0,00000
;1,76850;0,02800;0,00927;0,00000;0,00000
;1,76900;0,03505;0,01130;0,00000;0,00000
;1,76950;0,00430;0,01337;0,00000;0,00000
;1,77000;0,04594;0,01541;0,00000;0,00000
;1,77050;0,00814;0,01738;0,00000;0,00000
;1,77100;0,04915;0,01925;0,00000;0,00000
;1,77150;0,00942;0,02101;0,00000;0,00000
;1,77200;0,01904;0,02262;0,00000;0,00000
;1,77250;-0,01300;0,02404;0,00000;0,00000
;1,77300;0,07734;0,02522;0,00000;0,00000
;1,77350;0,00494;0,02619;0,00000;0,00000
;1,77400;0,09848;0,02701;0,00000;0,00000
;1,77450;0,04594;0,02778;0,00000;0,00000
;1,77500;0,13820;0,02864;0,00000;0,00000
;1,77550;-0,00851;0,02969;0,00000;0,00000
;1,77600;0,07157;0,03095;0,00000;0,00000
;1,77650;0,03185;0,03236;0,00000;0,00000
;1,77700;0,04530;0,03387;0,00000;0,00000
;1,77750;0,06581;0,03541;0,00000;0,00000
;1,77800;0,04082;0,03698;0,00000;0,00000
;1,77850;-0,00403;0,03853;0,00000;0,00000
;1,77900;0,01904;0,03995;0,00000;0,00000
;1,77950;0,00494;0,04113;0,00000;0,00000
;1,78000;0,04146;0,04198;0,00000;0,00000
;1,78050;0,02480;0,04251;0,00000;0,00000
;1,78100;0,00878;0,04272;0,00000;0,00000
;1,78150;-0,00403;0,04261;0,00000;0,00000
;1,78200;0,08375;0,04217;0,00000;0,00000
;1,78250;0,02865;0,04149;0,00000;0,00000
;1,78300;0,09784;0,04071;0,00000;0,00000
;1,78350;-0,01364;0,03992;0,00000;0,00000
;1,78400;0,04146;0,03917;0,00000;0,00000
;1,78450;-0,02902;0,03842;0,00000;0,00000
;1,78500;0,10745;0,03761;0,00000;0,00000
;1,78550;-0,02325;0,03678;0,00000;0,00000
;1,78600;0,02288;0,03594;0,00000;0,00000
;1,78650;0,01968;0,03507;0,00000;0,00000
;1,78700;0,05235;0,03416;0,00000;0,00000
;1,78750;0,01647;0,03325;0,00000;0,00000
;1,78800;0,02672;0,03236;0,00000;0,00000
;1,78850;0,05235;0,03153;0,00000;0,00000
;1,78900;0,06196;0,03079;0,00000;0,00000
;1,78950;0,02672;0,03021;0,00000;0,00000
;1,79000;0,10681;0,02986;0,00000;0,00000
;1,79050;-0,01877;0,02976;0,00000;0,00000
;1,79100;0,01519;0,02988;0,00000;0,00000
;1,79150;-0,05913;0,03008;0,00000;0,00000
;1,79200;0,03057;0,03017;0,00000;0,00000
;1,79250;-0,07515;0,03002;0,00000;0,00000
;1,79300;0,02736;0,02953;0,00000;0,00000
;1,79350;-0,02133;0,02865;0,00000;0,00000
;1,79400;0,00430;0,02742;0,00000;0,00000
;1,79450;0,03185;0,02589;0,00000;0,00000
;1,79500;0,04082;0,02416;0,00000;0,00000
;1,79550;0,00750;0,02238;0,00000;0,00000
;1,79600;0,09912;0,02068;0,00000;0,00000
;1,79650;-0,02389;0,01917;0,00000;0,00000
;1,79700;0,01968;0,01790;0,00000;0,00000
;1,79750;-0,02005;0,01683;0,00000;0,00000
;1,79800;-0,02133;0,01588;0,00000;0,00000
;1,79850;-0,01428;0,01494;0,00000;0,00000
;1,79900;-0,04311;0,01394;0,00000;0,00000
;1,79950;-0,00339;0,01279;0,00000;0,00000
;1,80000;0,00110;0,01149;0,00000;0,00000
;1,80050;-0,03286;0,01005;0,00000;0,00000
;1,80100;-0,02774;0,00848;0,00000;0,00000
;1,80150;-0,03094;0,00677;0,00000;0,00000
;1,80200;0,03057;0,00492;0,00000;0,00000
;1,80250;-0,00531;0,00302;0,00000;0,00000
;1,80300;-0,04952;0,00115;0,00000;0,00000
;1,80350;0,03762;-0,00067;0,00000;0,00000
;1,80400;-0,04760;-0,00242;0,00000;0,00000
;1,80450;-0,00723;-0,00406;0,00000;0,00000
;1,80500;0,00045;-0,00561;0,00000;0,00000
;1,80550;-0,05913;-0,00705;0,00000;0,00000
;1,80600;-0,00467;-0,00842;0,00000;0,00000
;1,80650;-0,01044;-0,00972;0,00000;0,00000
;1,80700;-0,00787;-0,01095;0,00000;0,00000
;1,80750;-0,03158;-0,01207;0,00000;0,00000
;1,80800;-0,06105;-0,01311;0,00000;0,00000
;1,80850;-0,03863;-0,01413;0,00000;0,00000
;1,80900;-0,01941;-0,01520;0,00000;0,00000
;1,80950;0,05363;-0,01629;0,00000;0,00000
;1,81000;0,04210;-0,01725;0,00000;0,00000
;1,81050;0,01583;-0,01789;0,00000;0,00000
;1,81100;-0,00147;-0,01813;0,00000;0,00000
;1,81150;-0,02966;-0,01798;0,00000;0,00000
;1,81200;-0,01556;-0,01753;0,00000;0,00000
;1,81250;0,04274;-0,01686;0,00000;0,00000
;1,81300;0,03249;-0,01597;0,00000;0,00000
;1,81350;-0,01813;-0,01481;0,00000;0,00000
;1,81400;-0,01428;-0,01344;0,00000;0,00000
;1,81450;0,09528;-0,01189;0,00000;0,00000
;1,81500;-0,03671;-0,01018;0,00000;0,00000
;1,81550;0,08695;-0,00827;0,00000;0,00000
;1,81600;0,00622;-0,00616;0,00000;0,00000
;1,81650;0,02736;-0,00386;0,00000;0,00000
;1,81700;0,03377;-0,00140;0,00000;0,00000
;1,81750;0,02224;0,00115;0,00000;0,00000
;1,81800;-0,00980;0,00375;0,00000;0,00000
;1,81850;0,02288;0,00631;0,00000;0,00000
;1,81900;-0,02325;0,00872;0,00000;0,00000
;1,81950;0,05235;0,01092;0,00000;0,00000
;1,82000;0,01263;0,01289;0,00000;0,00000
;1,82050;0,07413;0,01466;0,00000;0,00000
;1,82100;0,03890;0,01633;0,00000;0,00000
;1,82150;0,01775;0,01794;0,00000;0,00000
;1,82200;-0,00723;0,01949;0,00000;0,00000
;1,82250;0,09207;0,02094;0,00000;0,00000
;1,82300;-0,01300;0,02228;0,00000;0,00000
;1,82350;0,02032;0,02353;0,00000;0,00000
;1,82400;-0,03991;0,02461;0,00000;0,00000
;1,82450;0,08182;0,02544;0,00000;0,00000
;1,82500;0,03697;0,02606;0,00000;0,00000
;1,82550;0,06004;0,02655;0,00000;0,00000
;1,82600;0,03249;0,02703;0,00000;0,00000
;1,82650;0,02480;0,02751;0,00000;0,00000
;1,82700;0,02480;0,02800;0,00000;0,00000
;1,82750;0,00942;0,02846;0,00000;0,00000
;1,82800;-0,01684;0,02884;0,00000;0,00000
;1,82850;0,06388;0,02906;0,00000;0,00000
;1,82900;0,09784;0,02917;0,00000;0,00000
;1,82950;0,08439;0,02933;0,00000;0,00000
;1,83000;0,02993;0,02969;0,00000;0,00000
;1,83050;0,09976;0,03030;0,00000;0,00000
;1,83100;0,04466;0,03119;0,00000;0,00000
;1,83150;0,07413;0,03236;0,00000;0,00000
;1,83200;0,04210;0,03380;0,00000;0,00000
;1,83250;0,06324;0,03544;0,00000;0,00000
;1,83300;0,08375;0,03725;0,00000;0,00000
;1,83350;0,03569;0,03920;0,00000;0,00000
;1,83400;0,04530;0,04124;0,00000;0,00000
;1,83450;0,06581;0,04328;0,00000;0,00000
;1,83500;0,02288;0,04526;0,00000;0,00000
;1,83550;0,10681;0,04714;0,00000;0,00000
;1,83600;0,03057;0,04892;0,00000;0,00000
;1,83650;0,03313;0,05058;0,00000;0,00000
;1,83700;0,03505;0,05205;0,00000;0,00000
;1,83750;0,04658;0,05328;0,00000;0,00000
;1,83800;0,07670;0,05425;0,00000;0,00000
;1,83850;0,03313;0,05498;0,00000;0,00000
;1,83900;0,00814;0,05550;0,00000;0,00000
;1,83950;0,09143;0,05577;0,00000;0,00000
;1,84000;0,03377;0,05582;0,00000;0,00000
;1,84050;0,03121;0,05569;0,00000;0,00000
;1,84100;0,03249;0,05538;0,00000;0,00000
;1,84150;0,00686;0,05486;0,00000;0,00000
;1,84200;-0,00980;0,05410;0,00000;0,00000
;1,84250;0,07349;0,05304;0,00000;0,00000
;1,84300;0,04466;0,05173;0,00000;0,00000
;1,84350;0,08375;0,05030;0,00000;0,00000
;1,84400;0,03313;0,04888;0,00000;0,00000
;1,84450;0,03697;0,04753;0,00000;0,00000
;1,84500;-0,03414;0,04626;0,00000;0,00000
;1,84550;0,05299;0,04496;0,00000;0,00000
;1,84600;0,02480;0,04360;0,00000;0,00000
;1,84650;0,02096;0,04221;0,00000;0,00000
;1,84700;0,00110;0,04077;0,00000;0,00000
;1,84750;0,02736;0,03929;0,00000;0,00000
;1,84800;0,01711;0,03774;0,00000;0,00000
;1,84850;-0,01556;0,03614;0,00000;0,00000
;1,84900;-0,01556;0,03445;0,00000;0,00000
;1,84950;0,06517;0,03264;0,00000;0,00000
;1,85000;0,01199;0,03078;0,00000;0,00000
;1,85050;0,05427;0,02895;0,00000;0,00000
;1,85100;-0,01044;0,02725;0,00000;0,00000
;1,85150;0,02608;0,02567;0,00000;0,00000
;1,85200;0,00942;0,02421;0,00000;0,00000
;1,85250;0,06965;0,02290;0,00000;0,00000
;1,85300;0,03697;0,02178;0,00000;0,00000
;1,85350;-0,04696;0,02090;0,00000;0,00000
;1,85400;0,04146;0,02020;0,00000;0,00000
;1,85450;-0,00659;0,01959;0,00000;0,00000
;1,85500;-0,01236;0,01902;0,00000;0,00000
;1,85550;-0,00659;0,01844;0,00000;0,00000
;1,85600;0,06388;0,01782;0,00000;0,00000
;1,85650;0,00622;0,01719;0,00000;0,00000
;1,85700;0,06324;0,01664;0,00000;0,00000
;1,85750;-0,00275;0,01622;0,00000;0,00000
;1,85800;0,01199;0,01596;0,00000;0,00000
;1,85850;0,00366;0,01580;0,00000;0,00000
;1,85900;0,01711;0,01569;0,00000;0,00000
;1,85950;0,04402;0,01562;0,00000;0,00000
;1,86000;0,06388;0,01564;0,00000;0,00000
;1,86050;0,02096;0,01582;0,00000;0,00000
;1,86100;0,08631;0,01622;0,00000;0,00000
;1,86150;0,01263;0,01687;0,00000;0,00000
;1,86200;0,06388;0,01778;0,00000;0,00000
;1,86250;0,04851;0,01894;0,00000;0,00000
;1,86300;0,02032;0,02033;0,00000;0,00000
;1,86350;0,01711;0,02187;0,00000;0,00000
;1,86400;0,09143;0,02350;0,00000;0,00000
;1,86450;0,03121;0,02520;0,00000;0,00000
;1,86500;0,01391;0,02698;0,00000;0,00000
;1,86550;0,07413;0,02876;0,00000;0,00000
;1,86600;0,05107;0,03053;0,00000;0,00000
;1,86650;0,02160;0,03229;0,00000;0,00000
;1,86700;0,05748;0,03400;0,00000;0,00000
;1,86750;-0,01236;0,03561;0,00000;0,00000
;1,86800;0,06388;0,03706;0,00000;0,00000
;1,86850;-0,03927;0,03828;0,00000;0,00000
;1,86900;0,03377;0,03919;0,00000;0,00000
;1,86950;0,03826;0,03975;0,00000;0,00000
;1,87000;0,09848;0,04001;0,00000;0,00000
;1,87050;0,05620;0,04011;0,00000;0,00000
;1,87100;0,13564;0,04023;0,00000;0,00000
;1,87150;0,04851;0,04052;0,00000;0,00000
;1,87200;0,12283;0,04109;0,00000;0,00000
;1,87250;0,05555;0,04201;0,00000;0,00000
;1,87300;0,11001;0,04328;0,00000;0,00000
;1,87350;0,05684;0,04491;0,00000;0,00000
;1,87400;0,08567;0,04684;0,00000;0,00000
;1,87450;0,03954;0,04900;0,00000;0,00000
;1,87500;0,10681;0,05130;0,00000;0,00000
;1,87550;0,09271;0,05370;0,00000;0,00000
;1,87600;0,11001;0,05620;0,00000;0,00000
;1,87650;0,01711;0,05880;0,00000;0,00000
;1,87700;0,07349;0,06139;0,00000;0,00000
;1,87750;0,01583;0,06383;0,00000;0,00000
;1,87800;0,11322;0,06601;0,00000;0,00000
;1,87850;0,02608;0,06791;0,00000;0,00000
;1,87900;0,11706;0,06952;0,00000;0,00000
;1,87950;0,08182;0,07088;0,00000;0,00000
;1,88000;0,11450;0,07207;0,00000;0,00000
;1,88050;0,06004;0,07318;0,00000;0,00000
;1,88100;0,12603;0,07423;0,00000;0,00000
;1,88150;0,06196;0,07527;0,00000;0,00000
;1,88200;0,10168;0,07630;0,00000;0,00000
;1,88250;0,02929;0,07730;0,00000;0,00000
;1,88300;0,15038;0,07823;0,00000;0,00000
;1,88350;0,06581;0,07910;0,00000;0,00000
;1,88400;0,10809;0,07997;0,00000;0,00000
;1,88450;0,04274;0,08082;0,00000;0,00000
;1,88500;0,09656;0,08162;0,00000;0,00000
;1,88550;0,07221;0,08231;0,00000;0,00000
;1,88600;0,09912;0,08291;0,00000;0,00000
;1,88650;0,07926;0,08341;0,00000;0,00000
;1,88700;0,06452;0,08384;0,00000;0,00000
;1,88750;0,08310;0,08416;0,00000;0,00000
;1,88800;0,12539;0,08438;0,00000;0,00000
;1,88850;0,09143;0,08457;0,00000;0,00000
;1,88900;0,14269;0,08480;0,00000;0,00000
;1,88950;0,10873;0,08517;0,00000;0,00000
;1,89000;0,12795;0,08575;0,00000;0,00000
;1,89050;0,08246;0,08655;0,00000;0,00000
;1,89100;0,12539;0,08756;0,00000;0,00000
;1,89150;0,12539;0,08875;0,00000;0,00000
;1,89200;0,11450;0,09013;0,00000;0,00000
;1,89250;0,12219;0,09169;0,00000;0,00000
;1,89300;0,10361;0,09341;0,00000;0,00000
;1,89350;0,10937;0,09523;0,00000;0,00000
;1,89400;0,14781;0,09712;0,00000;0,00000
;1,89450;0,06388;0,09905;0,00000;0,00000
;1,89500;0,13180;0,10096;0,00000;0,00000
;1,89550;0,12603;0,10280;0,00000;0,00000
;1,89600;0,05427;0,10455;0,00000;0,00000
;1,89650;0,08631;0,10613;0,00000;0,00000
;1,89700;0,12475;0,10744;0,00000;0,00000
;1,89750;0,08695;0,10848;0,00000;0,00000
;1,89800;0,12731;0,10925;0,00000;0,00000
;1,89850;0,12667;0,10982;0,00000;0,00000
;1,89900;0,18946;0,11028;0,00000;0,00000
;1,89950;0,15102;0,11078;0,00000;0,00000
;1,90000;0,12475;0,11145;0,00000;0,00000
;1,90050;0,15166;0,11234;0,00000;0,00000
;1,90100;0,19394;0,11347;0,00000;0,00000
;1,90150;0,17280;0,11490;0,00000;0,00000
;1,90200;0,16832;0,11670;0,00000;0,00000
;1,90250;0,17024;0,11889;0,00000;0,00000
;1,90300;0,10361;0,12141;0,00000;0,00000
;1,90350;0,19074;0,12416;0,00000;0,00000
;1,90400;0,18305;0,12708;0,00000;0,00000
;1,90450;0,20868;0,13016;0,00000;0,00000
;1,90500;0,15743;0,13344;0,00000;0,00000
;1,90550;0,17601;0,13689;0,00000;0,00000
;1,90600;0,14974;0,14045;0,00000;0,00000
;1,90650;0,15871;0,14400;0,00000;0,00000
;1,90700;0,15294;0,14744;0,00000;0,00000
;1,90750;0,22534;0,15073;0,00000;0,00000
;1,90800;0,20612;0,15388;0,00000;0,00000
;1,90850;0,21317;0,15699;0,00000;0,00000
;1,90900;0,24648;0,16014;0,00000;0,00000
;1,90950;0,23879;0,16342;0,00000;0,00000
;1,91000;0,17216;0,16687;0,00000;0,00000
;1,91050;0,21509;0,17047;0,00000;0,00000
;1,91100;0,22790;0,17414;0,00000;0,00000
;1,91150;0,24968;0,17785;0,00000;0,00000
;1,91200;0,24007;0,18164;0,00000;0,00000
;1,91250;0,29966;0,18557;0,00000;0,00000
;1,91300;0,24712;0,18969;0,00000;0,00000
;1,91350;0,25930;0,19404;0,00000;0,00000
;1,91400;0,28108;0,19862;0,00000;0,00000
;1,91450;0,24007;0,20340;0,00000;0,00000
;1,91500;0,29197;0,20832;0,00000;0,00000
;1,91550;0,29838;0,21336;0,00000;0,00000
;1,91600;0,24136;0,21852;0,00000;0,00000
;1,91650;0,27852;0,22373;0,00000;0,00000
;1,91700;0,22278;0,22889;0,00000;0,00000
;1,91750;0,30222;0,23389;0,00000;0,00000
;1,91800;0,28620;0,23869;0,00000;0,00000
;1,91850;0,33554;0,24331;0,00000;0,00000
;1,91900;0,32785;0,24785;0,00000;0,00000
;1,91950;0,31888;0,25240;0,00000;0,00000
;1,92000;0,27083;0,25698;0,00000;0,00000
;1,92050;0,37462;0,26158;0,00000;0,00000
;1,92100;0,27595;0,26619;0,00000;0,00000
;1,92150;0,42652;0,27084;0,00000;0,00000
;1,92200;0,39833;0,27562;0,00000;0,00000
;1,92250;0,40858;0,28069;0,00000;0,00000
;1,92300;0,36821;0,28619;0,00000;0,00000
;1,92350;0,48354;0,29215;0,00000;0,00000
;1,92400;0,42652;0,29864;0,00000;0,00000
;1,92450;0,42459;0,30574;0,00000;0,00000
;1,92500;0,38487;0,31339;0,00000;0,00000
;1,92550;0,42459;0,32146;0,00000;0,00000
;1,92600;0,38615;0,32978;0,00000;0,00000
;1,92650;0,46304;0,33821;0,00000;0,00000
;1,92700;0,44574;0,34669;0,00000;0,00000
;1,92750;0,51237;0,35519;0,00000;0,00000
;1,92800;0,42716;0,36377;0,00000;0,00000
;1,92850;0,47905;0,37239;0,00000;0,00000
;1,92900;0,42267;0,38097;0,00000;0,00000
;1,92950;0,47265;0,38941;0,00000;0,00000
;1,93000;0,43741;0,39761;0,00000;0,00000
;1,93050;0,49635;0,40549;0,00000;0,00000
;1,93100;0,44061;0,41301;0,00000;0,00000
;1,93150;0,54120;0,42017;0,00000;0,00000
;1,93200;0,52903;0,42703;0,00000;0,00000
;1,93250;0,48418;0,43368;0,00000;0,00000
;1,93300;0,47649;0,44016;0,00000;0,00000
;1,93350;0,60463;0,44646;0,00000;0,00000
;1,93400;0,51621;0,45265;0,00000;0,00000
;1,93450;0,57900;0,45884;0,00000;0,00000
;1,93500;0,51814;0,46509;0,00000;0,00000
;1,93550;0,54312;0,47138;0,00000;0,00000
;1,93600;0,54376;0,47767;0,00000;0,00000
;1,93650;0,59694;0,48395;0,00000;0,00000
;1,93700;0,51237;0,49020;0,00000;0,00000
;1,93750;0,59950;0,49641;0,00000;0,00000
;1,93800;0,56619;0,50256;0,00000;0,00000
;1,93850;0,59566;0,50866;0,00000;0,00000
;1,93900;0,52775;0,51470;0,00000;0,00000
;1,93950;0,58733;0,52062;0,00000;0,00000
;1,94000;0,52967;0,52634;0,00000;0,00000
;1,94050;0,58669;0,53179;0,00000;0,00000
;1,94100;0,61104;0,53693;0,00000;0,00000
;1,94150;0,70009;0,54187;0,00000;0,00000
;1,94200;0,60783;0,54679;0,00000;0,00000
;1,94250;0,63859;0,55182;0,00000;0,00000
;1,94300;0,58221;0,55698;0,00000;0,00000
;1,94350;0,75968;0,56228;0,00000;0,00000
;1,94400;0,64884;0,56778;0,00000;0,00000
;1,94450;0,69497;0,57363;0,00000;0,00000
;1,94500;0,66998;0,57984;0,00000;0,00000
;1,94550;0,67959;0,58639;0,00000;0,00000
;1,94600;0,65845;0,59323;0,00000;0,00000
;1,94650;0,68856;0,60025;0,00000;0,00000
;1,94700;0,69817;0,60739;0,00000;0,00000
;1,94750;0,70650;0,61459;0,00000;0,00000
;1,94800;0,61168;0,62179;0,00000;0,00000
;1,94850;0,68984;0,62886;0,00000;0,00000
;1,94900;0,66421;0,63564;0,00000;0,00000
;1,94950;0,65332;0,64204;0,00000;0,00000
;1,95000;0,66614;0,64797;0,00000;0,00000
;1,95050;0,68279;0,65337;0,00000;0,00000
;1,95100;0,66550;0,65822;0,00000;0,00000
;1,95150;0,72892;0,66254;0,00000;0,00000
;1,95200;0,65012;0,66639;0,00000;0,00000
;1,95250;0,73277;0,66982;0,00000;0,00000
;1,95300;0,70009;0,67291;0,00000;0,00000
;1,95350;0,76096;0,67574;0,00000;0,00000
;1,95400;0,70842;0,67846;0,00000;0,00000
;1,95450;0,75071;0,68116;0,00000;0,00000
;1,95500;0,76865;0,68392;0,00000;0,00000
;1,95550;0,73021;0,68684;0,00000;0,00000
;1,95600;0,73853;0,68996;0,00000;0,00000
;1,95650;0,78210;0,69328;0,00000;0,00000
;1,95700;0,73405;0,69681;0,00000;0,00000
;1,95750;0,73149;0,70054;0,00000;0,00000
;1,95800;0,79107;0,70441;0,00000;0,00000
;1,95850;0,74879;0,70840;0,00000;0,00000
;1,95900;0,76544;0,71251;0,00000;0,00000
;1,95950;0,73149;0,71668;0,00000;0,00000
;1,96000;0,75455;0,72084;0,00000;0,00000
;1,96050;0,76352;0,72491;0,00000;0,00000
;1,96100;0,83079;0,72888;0,00000;0,00000
;1,96150;0,84745;0,73286;0,00000;0,00000
;1,96200;0,79363;0,73698;0,00000;0,00000
;1,96250;0,82054;0,74131;0,00000;0,00000
;1,96300;0,81221;0,74587;0,00000;0,00000
;1,96350;0,95125;0,75068;0,00000;0,00000
;1,96400;0,89550;0,75590;0,00000;0,00000
;1,96450;0,86860;0,76170;0,00000;0,00000
;1,96500;0,95957;0,76815;0,00000;0,00000
;1,96550;0,86091;0,77526;0,00000;0,00000
;1,96600;0,87500;0,78299;0,00000;0,00000
;1,96650;0,85578;0,79116;0,00000;0,00000
;1,96700;0,91729;0,79960;0,00000;0,00000
;1,96750;0,86155;0,80817;0,00000;0,00000
;1,96800;0,85899;0,81672;0,00000;0,00000
;1,96850;0,87757;0,82509;0,00000;0,00000
;1,96900;0,86283;0,83312;0,00000;0,00000
;1,96950;0,82183;0,84069;0,00000;0,00000
;1,97000;0,90512;0,84764;0,00000;0,00000
;1,97050;0,80196;0,85390;0,00000;0,00000
;1,97100;0,91729;0,85941;0,00000;0,00000
;1,97150;0,91344;0,86418;0,00000;0,00000
;1,97200;0,93779;0,86836;0,00000;0,00000
;1,97250;0,97751;0,87214;0,00000;0,00000
;1,97300;1,03518;0,87578;0,00000;0,00000
;1,97350;0,97239;0,87956;0,00000;0,00000
;1,97400;1,06337;0,88371;0,00000;0,00000
;1,97450;1,06657;0,88844;0,00000;0,00000
;1,97500;1,04735;0,89395;0,00000;0,00000
;1,97550;1,01980;0,90033;0,00000;0,00000
;1,97600;1,08323;0,90756;0,00000;0,00000
;1,97650;1,04094;0,91560;0,00000;0,00000
;1,97700;1,04671;0,92436;0,00000;0,00000
;1,97750;0,97687;0,93368;0,00000;0,00000
;1,97800;0,97687;0,94329;0,00000;0,00000
;1,97850;0,96150;0,95285;0,00000;0,00000
;1,97900;0,95765;0,96204;0,00000;0,00000
;1,97950;0,91409;0,97056;0,00000;0,00000
;1,98000;1,02685;0,97819;0,00000;0,00000
;1,98050;0,91857;0,98480;0,00000;0,00000
;1,98100;1,02685;0,99035;0,00000;0,00000
;1,98150;1,04991;0,99490;0,00000;0,00000
;1,98200;1,02236;0,99863;0,00000;0,00000
;1,98250;1,04799;1,00173;0,00000;0,00000
;1,98300;1,16716;1,00441;0,00000;0,00000
;1,98350;1,09668;1,00698;0,00000;0,00000
;1,98400;1,14345;1,00976;0,00000;0,00000
;1,98450;1,17805;1,01299;0,00000;0,00000
;1,98500;1,22098;1,01690;0,00000;0,00000
;1,98550;1,11270;1,02170;0,00000;0,00000
;1,98600;1,20560;1,02747;0,00000;0,00000
;1,98650;1,17869;1,03417;0,00000;0,00000
;1,98700;1,22546;1,04179;0,00000;0,00000
;1,98750;1,10693;1,05027;0,00000;0,00000
;1,98800;1,15819;1,05942;0,00000;0,00000
;1,98850;1,12359;1,06896;0,00000;0,00000
;1,98900;1,15691;1,07864;0,00000;0,00000
;1,98950;1,03518;1,08819;0,00000;0,00000
;1,99000;1,15370;1,09732;0,00000;0,00000
;1,99050;1,12487;1,10580;0,00000;0,00000
;1,99100;1,11270;1,11352;0,00000;0,00000
;1,99150;1,15178;1,12041;0,00000;0,00000
;1,99200;1,13641;1,12646;0,00000;0,00000
;1,99250;1,19791;1,13172;0,00000;0,00000
;1,99300;1,18830;1,13630;0,00000;0,00000
;1,99350;1,17741;1,14037;0,00000;0,00000
;1,99400;1,23443;1,14405;0,00000;0,00000
;1,99450;1,24148;1,14753;0,00000;0,00000
;1,99500;1,26198;1,15100;0,00000;0,00000
;1,99550;1,21137;1,15464;0,00000;0,00000
;1,99600;1,21073;1,15851;0,00000;0,00000
;1,99650;1,20432;1,16259;0,00000;0,00000
;1,99700;1,26903;1,16683;0,00000;0,00000
;1,99750;1,25622;1,17125;0,00000;0,00000
;1,99800;1,18830;1,17587;0,00000;0,00000
;1,99850;1,22226;1,18062;0,00000;0,00000
;1,99900;1,23892;1,18539;0,00000;0,00000
;1,99950;1,17741;1,19009;0,00000;0,00000
;2,00000;1,22418;1,19462;0,00000;0,00000
;2,00050;1,19727;1,19888;0,00000;0,00000
;2,00100;1,24725;1,20281;0,00000;0,00000
;2,00150;1,29274;1,20643;0,00000;0,00000
;2,00200;1,26711;1,20986;0,00000;0,00000
;2,00250;1,28889;1,21324;0,00000;0,00000
;2,00300;1,40229;1,21671;0,00000;0,00000
;2,00350;1,38628;1,22053;0,00000;0,00000
;2,00400;1,42600;1,22498;0,00000;0,00000
;2,00450;1,39461;1,23033;0,00000;0,00000
;2,00500;1,37731;1,23667;0,00000;0,00000
;2,00550;1,30939;1,24398;0,00000;0,00000
;2,00600;1,33887;1,25204;0,00000;0,00000
;2,00650;1,33630;1,26059;0,00000;0,00000
;2,00700;1,21585;1,26934;0,00000;0,00000
;2,00750;1,25686;1,27793;0,00000;0,00000
;2,00800;1,29466;1,28597;0,00000;0,00000
;2,00850;1,26839;1,29323;0,00000;0,00000
;2,00900;1,26454;1,29956;0,00000;0,00000
;2,00950;1,23251;1,30484;0,00000;0,00000
;2,01000;1,26006;1,30897;0,00000;0,00000
;2,01050;1,27480;1,31191;0,00000;0,00000
;2,01100;1,35873;1,31372;0,00000;0,00000
;2,01150;1,41383;1,31467;0,00000;0,00000
;2,01200;1,41319;1,31515;0,00000;0,00000
;2,01250;1,38307;1,31556;0,00000;0,00000
;2,01300;1,38051;1,31618;0,00000;0,00000
;2,01350;1,49455;1,31721;0,00000;0,00000
;2,01400;1,42664;1,31887;0,00000;0,00000
;2,01450;1,39397;1,32132;0,00000;0,00000
;2,01500;1,44778;1,32461;0,00000;0,00000
;2,01550;1,42280;1,32870;0,00000;0,00000
;2,01600;1,34719;1,33351;0,00000;0,00000
;2,01650;1,41062;1,33885;0,00000;0,00000
;2,01700;1,32669;1,34450;0,00000;0,00000
;2,01750;1,38435;1,35022;0,00000;0,00000
;2,01800;1,38948;1,35581;0,00000;0,00000
;2,01850;1,40422;1,36117;0,00000;0,00000
;2,01900;1,42472;1,36627;0,00000;0,00000
;2,01950;1,47982;1,37114;0,00000;0,00000
;2,02000;1,41831;1,37589;0,00000;0,00000
;2,02050;1,51442;1,38062;0,00000;0,00000
;2,02100;1,47277;1,38543;0,00000;0,00000
;2,02150;1,62718;1,39049;0,00000;0,00000
;2,02200;1,55990;1,39605;0,00000;0,00000
;2,02250;1,64255;1,40238;0,00000;0,00000
;2,02300;1,54837;1,40966;0,00000;0,00000
;2,02350;1,64960;1,41797;0,00000;0,00000
;2,02400;1,59322;1,42730;0,00000;0,00000
;2,02450;1,54389;1,43760;0,00000;0,00000
;2,02500;1,50801;1,44862;0,00000;0,00000
;2,02550;1,55734;1,46002;0,00000;0,00000
;2,02600;1,48302;1,47146;0,00000;0,00000
;2,02650;1,48815;1,48260;0,00000;0,00000
;2,02700;1,48623;1,49312;0,00000;0,00000
;2,02750;1,55670;1,50276;0,00000;0,00000
;2,02800;1,49263;1,51141;0,00000;0,00000
;2,02850;1,50481;1,51900;0,00000;0,00000
;2,02900;1,53620;1,52547;0,00000;0,00000
;2,02950;1,61885;1,53089;0,00000;0,00000
;2,03000;1,58425;1,53543;0,00000;0,00000
;2,03050;1,65216;1,53938;0,00000;0,00000
;2,03100;1,65537;1,54300;0,00000;0,00000
;2,03150;1,77966;1,54663;0,00000;0,00000
;2,03200;1,65665;1,55063;0,00000;0,00000
;2,03250;1,72200;1,55528;0,00000;0,00000
;2,03300;1,64768;1,56068;0,00000;0,00000
;2,03350;1,77966;1,56685;0,00000;0,00000
;2,03400;1,72328;1,57383;0,00000;0,00000
;2,03450;1,74571;1,58166;0,00000;0,00000
;2,03500;1,72136;1,59031;0,00000;0,00000
;2,03550;1,73417;1,59969;0,00000;0,00000
;2,03600;1,67139;1,60963;0,00000;0,00000
;2,03650;1,73289;1,61990;0,00000;0,00000
;2,03700;1,65216;1,63027;0,00000;0,00000
;2,03750;1,68164;1,64047;0,00000;0,00000
;2,03800;1,61949;1,65024;0,00000;0,00000
;2,03850;1,68420;1,65931;0,00000;0,00000
;2,03900;1,63807;1,66748;0,00000;0,00000
;2,03950;1,69701;1,67464;0,00000;0,00000
;2,04000;1,66882;1,68075;0,00000;0,00000
;2,04050;1,79632;1,68589;0,00000;0,00000
;2,04100;1,70022;1,69023;0,00000;0,00000
;2,04150;1,79504;1,69399;0,00000;0,00000
;2,04200;1,73097;1,69738;0,00000;0,00000
;2,04250;1,84630;1,70057;0,00000;0,00000
;2,04300;1,77005;1,70378;0,00000;0,00000
;2,04350;1,83412;1,70720;0,00000;0,00000
;2,04400;1,75211;1,71096;0,00000;0,00000
;2,04450;1,85142;1,71508;0,00000;0,00000
;2,04500;1,75083;1,71960;0,00000;0,00000
;2,04550;1,72777;1,72443;0,00000;0,00000
;2,04600;1,70150;1,72938;0,00000;0,00000
;2,04650;1,78735;1,73422;0,00000;0,00000
;2,04700;1,77518;1,73880;0,00000;0,00000
;2,04750;1,79824;1,74314;0,00000;0,00000
;2,04800;1,75211;1,74726;0,00000;0,00000
;2,04850;1,84886;1,75116;0,00000;0,00000
;2,04900;1,79568;1,75491;0,00000;0,00000
;2,04950;1,85270;1,75861;0,00000;0,00000
;2,05000;1,83540;1,76235;0,00000;0,00000
;2,05050;1,81554;1,76621;0,00000;0,00000
;2,05100;1,82067;1,77021;0,00000;0,00000
;2,05150;1,90011;1,77434;0,00000;0,00000
;2,05200;1,82579;1,77866;0,00000;0,00000
;2,05250;1,87385;1,78322;0,00000;0,00000
;2,05300;1,84694;1,78799;0,00000;0,00000
;2,05350;1,91549;1,79298;0,00000;0,00000
;2,05400;1,88281;1,79822;0,00000;0,00000
;2,05450;1,92446;1,80376;0,00000;0,00000
;2,05500;1,92126;1,80963;0,00000;0,00000
;2,05550;1,87833;1,81584;0,00000;0,00000
;2,05600;1,87320;1,82234;0,00000;0,00000
;2,05650;1,92190;1,82899;0,00000;0,00000
;2,05700;1,85975;1,83569;0,00000;0,00000
;2,05750;1,88922;1,84233;0,00000;0,00000
;2,05800;1,83092;1,84876;0,00000;0,00000
;2,05850;1,89499;1,85483;0,00000;0,00000
;2,05900;1,88410;1,86044;0,00000;0,00000
;2,05950;1,84117;1,86553;0,00000;0,00000
;2,06000;1,87192;1,87005;0,00000;0,00000
;2,06050;1,92190;1,87396;0,00000;0,00000
;2,06100;1,86423;1,87731;0,00000;0,00000
;2,06150;1,95073;1,88018;0,00000;0,00000
;2,06200;1,90652;1,88267;0,00000;0,00000
;2,06250;1,94368;1,88492;0,00000;0,00000
;2,06300;1,91933;1,88705;0,00000;0,00000
;2,06350;1,91036;1,88913;0,00000;0,00000
;2,06400;1,92126;1,89120;0,00000;0,00000
;2,06450;1,95906;1,89326;0,00000;0,00000
;2,06500;1,98981;1,89541;0,00000;0,00000
;2,06550;1,92126;1,89775;0,00000;0,00000
;2,06600;1,97636;1,90034;0,00000;0,00000
;2,06650;2,00070;1,90320;0,00000;0,00000
;2,06700;2,05901;1,90643;0,00000;0,00000
;2,06750;1,99366;1,91018;0,00000;0,00000
;2,06800;1,95649;1,91450;0,00000;0,00000
;2,06850;2,03850;1,91932;0,00000;0,00000
;2,06900;2,03658;1,92458;0,00000;0,00000
;2,06950;2,01608;1,93030;0,00000;0,00000
;2,07000;2,09745;1,93646;0,00000;0,00000
;2,07050;1,97892;1,94305;0,00000;0,00000
;2,07100;2,02377;1,95000;0,00000;0,00000
;2,07150;1,97892;1,95713;0,00000;0,00000
;2,07200;2,02441;1,96424;0,00000;0,00000
;2,07250;2,01095;1,97119;0,00000;0,00000
;2,07300;2,02185;1,97788;0,00000;0,00000
;2,07350;1,98853;1,98423;0,00000;0,00000
;2,07400;2,06541;1,99017;0,00000;0,00000
;2,07450;2,04619;1,99569;0,00000;0,00000
;2,07500;2,15127;2,00090;0,00000;0,00000
;2,07550;2,02697;2,00596;0,00000;0,00000
;2,07600;2,13461;2,01096;0,00000;0,00000
;2,07650;2,14422;2,01603;0,00000;0,00000
;2,07700;2,19291;2,02131;0,00000;0,00000
;2,07750;2,12756;2,02699;0,00000;0,00000
;2,07800;2,16152;2,03318;0,00000;0,00000
;2,07850;2,15511;2,03988;0,00000;0,00000
;2,07900;2,18010;2,04707;0,00000;0,00000
;2,07950;2,09873;2,05470;0,00000;0,00000
;2,08000;2,18394;2,06264;0,00000;0,00000
;2,08050;2,09681;2,07075;0,00000;0,00000
;2,08100;2,15447;2,07887;0,00000;0,00000
;2,08150;2,10001;2,08684;0,00000;0,00000
;2,08200;2,18971;2,09453;0,00000;0,00000
;2,08250;2,04683;2,10182;0,00000;0,00000
;2,08300;2,16728;2,10860;0,00000;0,00000
;2,08350;2,16408;2,11478;0,00000;0,00000
;2,08400;2,19804;2,12041;0,00000;0,00000
;2,08450;2,20444;2,12561;0,00000;0,00000
;2,08500;2,25057;2,13054;0,00000;0,00000
;2,08550;2,22815;2,13538;0,00000;0,00000
;2,08600;2,26787;2,14032;0,00000;0,00000
;2,08650;2,21277;2,14546;0,00000;0,00000
;2,08700;2,26211;2,15086;0,00000;0,00000
;2,08750;2,23007;2,15653;0,00000;0,00000
;2,08800;2,26979;2,16246;0,00000;0,00000
;2,08850;2,21662;2,16862;0,00000;0,00000
;2,08900;2,25762;2,17495;0,00000;0,00000
;2,08950;2,17753;2,18135;0,00000;0,00000
;2,09000;2,22238;2,18765;0,00000;0,00000
;2,09050;2,20765;2,19369;0,00000;0,00000
;2,09100;2,21662;2,19935;0,00000;0,00000
;2,09150;2,26275;2,20458;0,00000;0,00000
;2,09200;2,22687;2,20938;0,00000;0,00000
;2,09250;2,28261;2,21378;0,00000;0,00000
;2,09300;2,21854;2,21785;0,00000;0,00000
;2,09350;2,32553;2,22163;0,00000;0,00000
;2,09400;2,30695;2,22524;0,00000;0,00000
;2,09450;2,29606;2,22883;0,00000;0,00000
;2,09500;2,34476;2,23253;0,00000;0,00000
;2,09550;2,28261;2,23644;0,00000;0,00000
;2,09600;2,38448;2,24061;0,00000;0,00000
;2,09650;2,34091;2,24512;0,00000;0,00000
;2,09700;2,37359;2,25006;0,00000;0,00000
;2,09750;2,33643;2,25548;0,00000;0,00000
;2,09800;2,33450;2,26134;0,00000;0,00000
;2,09850;2,30439;2,26753;0,00000;0,00000
;2,09900;2,28517;2,27388;0,00000;0,00000
;2,09950;2,26595;2,28017;0,00000;0,00000
;2,10000;2,29606;2,28615;0,00000;0,00000
;2,10050;2,20380;2,29162;0,00000;0,00000
;2,10100;2,27492;2,29637;0,00000;0,00000
;2,10150;2,23071;2,30024;0,00000;0,00000
;2,10200;2,24545;2,30312;0,00000;0,00000
;2,10250;2,25185;2,30497;0,00000;0,00000
;2,10300;2,26979;2,30580;0,00000;0,00000
;2,10350;2,31144;2,30573;0,00000;0,00000
;2,10400;2,34027;2,30494;0,00000;0,00000
;2,10450;2,32297;2,30371;0,00000;0,00000
;2,10500;2,39601;2,30233;0,00000;0,00000
;2,10550;2,37487;2,30107;0,00000;0,00000
;2,10600;2,41139;2,30023;0,00000;0,00000
;2,10650;2,36462;2,30001;0,00000;0,00000
;2,10700;2,41651;2,30057;0,00000;0,00000
;2,10750;2,32041;2,30195;0,00000;0,00000
;2,10800;2,30695;2,30406;0,00000;0,00000
;2,10850;2,31913;2,30671;0,00000;0,00000
;2,10900;2,31016;2,30965;0,00000;0,00000
;2,10950;2,26595;2,31269;0,00000;0,00000
;2,11000;2,34476;2,31563;0,00000;0,00000
;2,11050;2,27876;2,31833;0,00000;0,00000
;2,11100;2,32938;2,32072;0,00000;0,00000
;2,11150;2,29927;2,32273;0,00000;0,00000
;2,11200;2,34988;2,32437;0,00000;0,00000
;2,11250;2,38384;2,32569;0,00000;0,00000
;2,11300;2,41139;2,32686;0,00000;0,00000
;2,11350;2,36398;2,32806;0,00000;0,00000
;2,11400;2,35885;2,32943;0,00000;0,00000
;2,11450;2,44150;2,33103;0,00000;0,00000
;2,11500;2,42676;2,33295;0,00000;0,00000
;2,11550;2,36526;2,33531;0,00000;0,00000
;2,11600;2,37999;2,33811;0,00000;0,00000
;2,11650;2,40754;2,34126;0,00000;0,00000
;2,11700;2,42356;2,34473;0,00000;0,00000
;2,11750;2,34924;2,34847;0,00000;0,00000
;2,11800;2,29094;2,35236;0,00000;0,00000
;2,11850;2,35949;2,35614;0,00000;0,00000
;2,11900;2,32618;2,35961;0,00000;0,00000
;2,11950;2,35757;2,36264;0,00000;0,00000
;2,12000;2,37231;2,36516;0,00000;0,00000
;2,12050;2,34283;2,36720;0,00000;0,00000
;2,12100;2,36910;2,36876;0,00000;0,00000
;2,12150;2,45752;2,36993;0,00000;0,00000
;2,12200;2,35052;2,37084;0,00000;0,00000
;2,12250;2,49019;2,37167;0,00000;0,00000
;2,12300;2,51390;2,37261;0,00000;0,00000
;2,12350;2,46649;2,37396;0,00000;0,00000
;2,12400;2,44855;2,37591;0,00000;0,00000
;2,12450;2,51454;2,37855;0,00000;0,00000
;2,12500;2,48315;2,38192;0,00000;0,00000
;2,12550;2,47289;2,38604;0,00000;0,00000
;2,12600;2,44214;2,39086;0,00000;0,00000
;2,12650;2,45560;2,39621;0,00000;0,00000
;2,12700;2,37871;2,40189;0,00000;0,00000
;2,12750;2,37038;2,40763;0,00000;0,00000
;2,12800;2,39601;2,41310;0,00000;0,00000
;2,12850;2,40562;2,41807;0,00000;0,00000
;2,12900;2,31977;2,42237;0,00000;0,00000
;2,12950;2,38960;2,42582;0,00000;0,00000
;2,13000;2,39089;2,42832;0,00000;0,00000
;2,13050;2,46969;2,42989;0,00000;0,00000
;2,13100;2,37743;2,43069;0,00000;0,00000
;2,13150;2,43189;2,43085;0,00000;0,00000
;2,13200;2,50557;2,43053;0,00000;0,00000
;2,13250;2,54593;2,42999;0,00000;0,00000
;2,13300;2,54081;2,42960;0,00000;0,00000
;2,13350;2,53953;2,42969;0,00000;0,00000
;2,13400;2,52799;2,43050;0,00000;0,00000
;2,13450;2,51774;2,43213;0,00000;0,00000
;2,13500;2,44342;2,43459;0,00000;0,00000
;2,13550;2,50301;2,43772;0,00000;0,00000
;2,13600;2,43189;2,44134;0,00000;0,00000
;2,13650;2,45816;2,44524;0,00000;0,00000
;2,13700;2,42997;2,44920;0,00000;0,00000
;2,13750;2,41523;2,45302;0,00000;0,00000
;2,13800;2,37935;2,45647;0,00000;0,00000
;2,13850;2,45624;2,45935;0,00000;0,00000
;2,13900;2,40242;2,46155;0,00000;0,00000
;2,13950;2,47482;2,46306;0,00000;0,00000
;2,14000;2,52735;2,46396;0,00000;0,00000
;2,14050;2,50173;2,46447;0,00000;0,00000
;2,14100;2,56195;2,46484;0,00000;0,00000
;2,14150;2,54209;2,46531;0,00000;0,00000
;2,14200;2,51838;2,46611;0,00000;0,00000
;2,14250;2,49276;2,46731;0,00000;0,00000
;2,14300;2,55747;2,46892;0,00000;0,00000
;2,14350;2,47161;2,47093;0,00000;0,00000
;2,14400;2,49660;2,47328;0,00000;0,00000
;2,14450;2,53376;2,47587;0,00000;0,00000
;2,14500;2,42741;2,47860;0,00000;0,00000
;2,14550;2,45560;2,48133;0,00000;0,00000
;2,14600;2,50621;2,48388;0,00000;0,00000
;2,14650;2,45047;2,48616;0,00000;0,00000
;2,14700;2,41715;2,48807;0,00000;0,00000
;2,14750;2,45367;2,48950;0,00000;0,00000
;2,14800;2,43830;2,49035;0,00000;0,00000
;2,14850;2,47225;2,49059;0,00000;0,00000
;2,14900;2,45303;2,49026;0,00000;0,00000
;2,14950;2,53440;2,48944;0,00000;0,00000
;2,15000;2,45880;2,48831;0,00000;0,00000
;2,15050;2,55234;2,48701;0,00000;0,00000
;2,15100;2,49596;2,48573;0,00000;0,00000
;2,15150;2,46392;2,48457;0,00000;0,00000
;2,15200;2,56644;2,48361;0,00000;0,00000
;2,15250;2,48955;2,48292;0,00000;0,00000
;2,15300;2,47482;2,48255;0,00000;0,00000
;2,15350;2,47097;2,48247;0,00000;0,00000
;2,15400;2,41139;2,48254;0,00000;0,00000
;2,15450;2,42228;2,48260;0,00000;0,00000
;2,15500;2,38960;2,48243;0,00000;0,00000
;2,15550;2,42100;2,48185;0,00000;0,00000
;2,15600;2,38512;2,48075;0,00000;0,00000
;2,15650;2,41587;2,47905;0,00000;0,00000
;2,15700;2,35565;2,47671;0,00000;0,00000
;2,15750;2,36910;2,47369;0,00000;0,00000
;2,15800;2,36269;2,46994;0,00000;0,00000
;2,15850;2,36782;2,46547;0,00000;0,00000
;2,15900;2,37038;2,46032;0,00000;0,00000
;2,15950;2,44727;2,45461;0,00000;0,00000
;2,16000;2,47225;2,44857;0,00000;0,00000
;2,16050;2,48122;2,44256;0,00000;0,00000
;2,16100;2,48058;2,43691;0,00000;0,00000
;2,16150;2,43830;2,43188;0,00000;0,00000
;2,16200;2,44342;2,42761;0,00000;0,00000
;2,16250;2,41715;2,42410;0,00000;0,00000
;2,16300;2,40626;2,42132;0,00000;0,00000
;2,16350;2,36910;2,41914;0,00000;0,00000
;2,16400;2,39921;2,41741;0,00000;0,00000
;2,16450;2,32105;2,41593;0,00000;0,00000
;2,16500;2,30567;2,41451;0,00000;0,00000
;2,16550;2,30952;2,41287;0,00000;0,00000
;2,16600;2,32810;2,41082;0,00000;0,00000
;2,16650;2,30567;2,40822;0,00000;0,00000
;2,16700;2,34668;2,40503;0,00000;0,00000
;2,16750;2,32874;2,40129;0,00000;0,00000
;2,16800;2,42164;2,39710;0,00000;0,00000
;2,16850;2,38832;2,39267;0,00000;0,00000
;2,16900;2,39281;2,38826;0,00000;0,00000
;2,16950;2,43894;2,38408;0,00000;0,00000
;2,17000;2,36398;2,38030;0,00000;0,00000
;2,17050;2,35052;2,37703;0,00000;0,00000
;2,17100;2,37359;2,37423;0,00000;0,00000
;2,17150;2,30375;2,37182;0,00000;0,00000
;2,17200;2,33386;2,36970;0,00000;0,00000
;2,17250;2,38704;2,36774;0,00000;0,00000
;2,17300;2,31721;2,36592;0,00000;0,00000
;2,17350;2,22495;2,36418;0,00000;0,00000
;2,17400;2,29030;2,36230;0,00000;0,00000
;2,17450;2,25314;2,36007;0,00000;0,00000
;2,17500;2,35437;2,35740;0,00000;0,00000
;2,17550;2,26979;2,35432;0,00000;0,00000
;2,17600;2,33258;2,35090;0,00000;0,00000
;2,17650;2,28389;2,34724;0,00000;0,00000
;2,17700;2,29478;2,34338;0,00000;0,00000
;2,17750;2,27364;2,33937;0,00000;0,00000
;2,17800;2,34027;2,33526;0,00000;0,00000
;2,17850;2,30631;2,33114;0,00000;0,00000
;2,17900;2,31721;2,32713;0,00000;0,00000
;2,17950;2,28325;2,32331;0,00000;0,00000
;2,18000;2,31785;2,31972;0,00000;0,00000
;2,18050;2,26531;2,31637;0,00000;0,00000
;2,18100;2,27300;2,31324;0,00000;0,00000
;2,18150;2,21598;2,31025;0,00000;0,00000
;2,18200;2,23071;2,30726;0,00000;0,00000
;2,18250;2,25121;2,30416;0,00000;0,00000
;2,18300;2,28197;2,30089;0,00000;0,00000
;2,18350;2,16024;2,29745;0,00000;0,00000
;2,18400;2,25890;2,29381;0,00000;0,00000
;2,18450;2,18907;2,28992;0,00000;0,00000
;2,18500;2,21854;2,28574;0,00000;0,00000
;2,18550;2,17689;2,28126;0,00000;0,00000
;2,18600;2,26403;2,27650;0,00000;0,00000
;2,18650;2,21726;2,27153;0,00000;0,00000
;2,18700;2,26082;2,26649;0,00000;0,00000
;2,18750;2,23392;2,26152;0,00000;0,00000
;2,18800;2,30247;2,25678;0,00000;0,00000
;2,18850;2,20508;2,25239;0,00000;0,00000
;2,18900;2,26915;2,24844;0,00000;0,00000
;2,18950;2,22046;2,24496;0,00000;0,00000
;2,19000;2,23968;2,24195;0,00000;0,00000
;2,19050;2,14294;2,23934;0,00000;0,00000
;2,19100;2,22174;2,23699;0,00000;0,00000
;2,19150;2,11475;2,23475;0,00000;0,00000
;2,19200;2,14486;2,23242;0,00000;0,00000
;2,19250;2,12564;2,22984;0,00000;0,00000
;2,19300;2,19419;2,22686;0,00000;0,00000
;2,19350;2,03530;2,22344;0,00000;0,00000
;2,19400;2,19099;2,21951;0,00000;0,00000
;2,19450;2,13909;2,21505;0,00000;0,00000
;2,19500;2,15191;2,21017;0,00000;0,00000
;2,19550;2,10321;2,20496;0,00000;0,00000
;2,19600;2,18458;2,19950;0,00000;0,00000
;2,19650;2,18907;2,19390;0,00000;0,00000
;2,19700;2,16536;2,18838;0,00000;0,00000
;2,19750;2,07566;2,18305;0,00000;0,00000
;2,19800;2,13973;2,17791;0,00000;0,00000
;2,19850;2,05004;2,17288;0,00000;0,00000
;2,19900;2,06221;2,16786;0,00000;0,00000
;2,19950;2,03274;2,16270;0,00000;0,00000
;2,20000;2,08015;2,15727;0,00000;0,00000
;2,20050;2,03850;2,15154;0,00000;0,00000
;2,20100;2,01928;2,14548;0,00000;0,00000
;2,20150;1,93791;2,13902;0,00000;0,00000
;2,20200;2,02185;2,13204;0,00000;0,00000
;2,20250;1,91101;2,12444;0,00000;0,00000
;2,20300;2,07695;2,11621;0,00000;0,00000
;2,20350;1,93279;2,10744;0,00000;0,00000
;2,20400;2,01736;2,09824;0,00000;0,00000
;2,20450;2,03466;2,08877;0,00000;0,00000
;2,20500;2,08399;2,07926;0,00000;0,00000
;2,20550;2,01288;2,07001;0,00000;0,00000
;2,20600;2,06798;2,06124;0,00000;0,00000
;2,20650;1,92254;2,05310;0,00000;0,00000
;2,20700;1,97764;2,04554;0,00000;0,00000
;2,20750;2,00775;2,03847;0,00000;0,00000
;2,20800;1,95842;2,03186;0,00000;0,00000
;2,20850;1,89499;2,02564;0,00000;0,00000
;2,20900;1,94176;2,01967;0,00000;0,00000
;2,20950;1,88410;2,01380;0,00000;0,00000
;2,21000;1,88410;2,00788;0,00000;0,00000
;2,21050;1,85719;2,00176;0,00000;0,00000
;2,21100;1,89563;1,99533;0,00000;0,00000
;2,21150;1,85078;1,98852;0,00000;0,00000
;2,21200;1,90652;1,98135;0,00000;0,00000
;2,21250;1,91549;1,97387;0,00000;0,00000
;2,21300;1,83925;1,96622;0,00000;0,00000
;2,21350;1,91421;1,95848;0,00000;0,00000
;2,21400;1,87192;1,95073;0,00000;0,00000
;2,21450;1,83284;1,94305;0,00000;0,00000
;2,21500;1,86359;1,93546;0,00000;0,00000
;2,21550;1,87128;1,92798;0,00000;0,00000
;2,21600;1,77390;1,92062;0,00000;0,00000
;2,21650;1,78030;1,91333;0,00000;0,00000
;2,21700;1,75916;1,90595;0,00000;0,00000
;2,21750;1,75596;1,89836;0,00000;0,00000
;2,21800;1,73674;1,89046;0,00000;0,00000
;2,21850;1,72969;1,88216;0,00000;0,00000
;2,21900;1,74122;1,87343;0,00000;0,00000
;2,21950;1,67267;1,86425;0,00000;0,00000
;2,22000;1,63679;1,85458;0,00000;0,00000
;2,22050;1,68548;1,84432;0,00000;0,00000
;2,22100;1,66178;1,83345;0,00000;0,00000
;2,22150;1,79888;1,82207;0,00000;0,00000
;2,22200;1,72969;1,81047;0,00000;0,00000
;2,22250;1,68164;1,79893;0,00000;0,00000
;2,22300;1,74442;1,78767;0,00000;0,00000
;2,22350;1,80081;1,77685;0,00000;0,00000
;2,22400;1,65152;1,76669;0,00000;0,00000
;2,22450;1,70919;1,75730;0,00000;0,00000
;2,22500;1,68933;1,74865;0,00000;0,00000
;2,22550;1,73033;1,74072;0,00000;0,00000
;2,22600;1,65793;1,73351;0,00000;0,00000
;2,22650;1,63294;1,72696;0,00000;0,00000
;2,22700;1,61180;1,72091;0,00000;0,00000
;2,22750;1,68484;1,71518;0,00000;0,00000
;2,22800;1,62654;1,70969;0,00000;0,00000
;2,22850;1,63679;1,70438;0,00000;0,00000
;2,22900;1,59386;1,69918;0,00000;0,00000
;2,22950;1,61693;1,69401;0,00000;0,00000
;2,23000;1,54709;1,68876;0,00000;0,00000
;2,23050;1,60732;1,68332;0,00000;0,00000
;2,23100;1,55222;1,67762;0,00000;0,00000
;2,23150;1,64255;1,67165;0,00000;0,00000
;2,23200;1,56311;1,66547;0,00000;0,00000
;2,23250;1,69445;1,65918;0,00000;0,00000
;2,23300;1,46124;1,65292;0,00000;0,00000
;2,23350;1,64255;1,64670;0,00000;0,00000
;2,23400;1,56823;1,64051;0,00000;0,00000
;2,23450;1,58745;1,63441;0,00000;0,00000
;2,23500;1,53236;1,62845;0,00000;0,00000
;2,23550;1,56567;1,62260;0,00000;0,00000
;2,23600;1,48558;1,61682;0,00000;0,00000
;2,23650;1,52082;1,61103;0,00000;0,00000
;2,23700;1,40934;1,60508;0,00000;0,00000
;2,23750;1,48302;1,59881;0,00000;0,00000
;2,23800;1,43753;1,59209;0,00000;0,00000
;2,23850;1,49327;1,58486;0,00000;0,00000
;2,23900;1,41895;1,57714;0,00000;0,00000
;2,23950;1,47469;1,56898;0,00000;0,00000
;2,24000;1,40614;1,56042;0,00000;0,00000
;2,24050;1,48943;1,55153;0,00000;0,00000
;2,24100;1,41575;1,54241;0,00000;0,00000
;2,24150;1,53876;1,53321;0,00000;0,00000
;2,24200;1,46124;1,52414;0,00000;0,00000
;2,24250;1,46572;1,51541;0,00000;0,00000
;2,24300;1,46572;1,50713;0,00000;0,00000
;2,24350;1,55414;1,49943;0,00000;0,00000
;2,24400;1,42728;1,49243;0,00000;0,00000
;2,24450;1,54389;1,48624;0,00000;0,00000
;2,24500;1,47085;1,48091;0,00000;0,00000
;2,24550;1,42023;1,47645;0,00000;0,00000
;2,24600;1,35937;1,47271;0,00000;0,00000
;2,24650;1,39461;1,46940;0,00000;0,00000
;2,24700;1,36065;1,46624;0,00000;0,00000
;2,24750;1,36321;1,46302;0,00000;0,00000
;2,24800;1,32861;1,45954;0,00000;0,00000
;2,24850;1,41383;1,45567;0,00000;0,00000
;2,24900;1,28761;1,45135;0,00000;0,00000
;2,24950;1,34463;1,44654;0,00000;0,00000
;2,25000;1,33951;1,44118;0,00000;0,00000
;2,25050;1,30555;1,43526;0,00000;0,00000
;2,25100;1,30427;1,42881;0,00000;0,00000
;2,25150;1,37346;1,42186;0,00000;0,00000
;2,25200;1,24661;1,41449;0,00000;0,00000
;2,25250;1,38179;1,40681;0,00000;0,00000
;2,25300;1,32541;1,39892;0,00000;0,00000
;2,25350;1,33310;1,39101;0,00000;0,00000
;2,25400;1,26198;1,38318;0,00000;0,00000
;2,25450;1,36321;1,37549;0,00000;0,00000
;2,25500;1,29081;1,36800;0,00000;0,00000
;2,25550;1,26839;1,36077;0,00000;0,00000
;2,25600;1,20432;1,35377;0,00000;0,00000
;2,25650;1,27672;1,34685;0,00000;0,00000
;2,25700;1,18830;1,33993;0,00000;0,00000
;2,25750;1,20624;1,33289;0,00000;0,00000
;2,25800;1,17036;1,32563;0,00000;0,00000
;2,25850;1,24468;1,31807;0,00000;0,00000
;2,25900;1,14986;1,31020;0,00000;0,00000
;2,25950;1,18318;1,30203;0,00000;0,00000
;2,26000;1,19855;1,29358;0,00000;0,00000
;2,26050;1,18830;1,28489;0,00000;0,00000
;2,26100;1,13512;1,27606;0,00000;0,00000
;2,26150;1,25814;1,26716;0,00000;0,00000
;2,26200;1,22674;1,25833;0,00000;0,00000
;2,26250;1,20624;1,24982;0,00000;0,00000
;2,26300;1,18318;1,24176;0,00000;0,00000
;2,26350;1,20048;1,23424;0,00000;0,00000
;2,26400;1,21521;1,22727;0,00000;0,00000
;2,26450;1,20624;1,22092;0,00000;0,00000
;2,26500;1,20816;1,21525;0,00000;0,00000
;2,26550;1,17933;1,21026;0,00000;0,00000
;2,26600;1,15435;1,20590;0,00000;0,00000
;2,26650;1,12487;1,20206;0,00000;0,00000
;2,26700;1,08451;1,19854;0,00000;0,00000
;2,26750;1,06657;1,19508;0,00000;0,00000
;2,26800;1,01339;1,19140;0,00000;0,00000
;2,26850;1,02621;1,18723;0,00000;0,00000
;2,26900;1,00570;1,18232;0,00000;0,00000
;2,26950;0,96790;1,17649;0,00000;0,00000
;2,27000;1,02364;1,16963;0,00000;0,00000
;2,27050;0,99545;1,16172;0,00000;0,00000
;2,27100;1,05248;1,15286;0,00000;0,00000
;2,27150;1,01788;1,14323;0,00000;0,00000
;2,27200;0,98328;1,13304;0,00000;0,00000
;2,27250;1,04222;1,12245;0,00000;0,00000
;2,27300;1,09668;1,11166;0,00000;0,00000
;2,27350;1,05376;1,10099;0,00000;0,00000
;2,27400;1,08707;1,09075;0,00000;0,00000
;2,27450;1,06016;1,08117;0,00000;0,00000
;2,27500;1,04799;1,07242;0,00000;0,00000
;2,27550;0,98008;1,06456;0,00000;0,00000
;2,27600;1,06529;1,05754;0,00000;0,00000
;2,27650;1,05824;1,05132;0,00000;0,00000
;2,27700;1,00378;1,04592;0,00000;0,00000
;2,27750;0,94292;1,04127;0,00000;0,00000
;2,27800;1,02877;1,03718;0,00000;0,00000
;2,27850;0,93267;1,03348;0,00000;0,00000
;2,27900;0,94932;1,03002;0,00000;0,00000
;2,27950;0,95509;1,02661;0,00000;0,00000
;2,28000;1,01147;1,02316;0,00000;0,00000
;2,28050;0,98328;1,01966;0,00000;0,00000
;2,28100;1,09284;1,01621;0,00000;0,00000
;2,28150;0,96342;1,01298;0,00000;0,00000
;2,28200;0,98969;1,01006;0,00000;0,00000
;2,28250;0,99225;1,00741;0,00000;0,00000
;2,28300;1,01852;1,00503;0,00000;0,00000
;2,28350;0,91280;1,00289;0,00000;0,00000
;2,28400;0,98072;1,00091;0,00000;0,00000
;2,28450;0,88397;0,99894;0,00000;0,00000
;2,28500;0,96342;0,99685;0,00000;0,00000
;2,28550;0,87180;0,99452;0,00000;0,00000
;2,28600;0,92882;0,99183;0,00000;0,00000
;2,28650;0,78595;0,98867;0,00000;0,00000
;2,28700;0,89743;0,98488;0,00000;0,00000
;2,28750;0,82183;0,98034;0,00000;0,00000
;2,28800;0,81606;0,97497;0,00000;0,00000
;2,28850;0,81798;0,96874;0,00000;0,00000
;2,28900;0,80901;0,96162;0,00000;0,00000
;2,28950;0,85258;0,95367;0,00000;0,00000
;2,29000;0,94932;0,94506;0,00000;0,00000
;2,29050;0,89871;0,93615;0,00000;0,00000
;2,29100;0,96214;0,92731;0,00000;0,00000
;2,29150;0,86796;0,91889;0,00000;0,00000
;2,29200;0,99289;0,91112;0,00000;0,00000
;2,29250;0,91729;0,90422;0,00000;0,00000
;2,29300;0,93587;0,89836;0,00000;0,00000
;2,29350;0,91601;0,89361;0,00000;0,00000
;2,29400;0,93395;0,88997;0,00000;0,00000
;2,29450;0,86091;0,88739;0,00000;0,00000
;2,29500;0,85642;0,88571;0,00000;0,00000
;2,29550;0,84617;0,88470;0,00000;0,00000
;2,29600;0,85770;0,88410;0,00000;0,00000
;2,29650;0,80709;0,88371;0,00000;0,00000
;2,29700;0,82118;0,88331;0,00000;0,00000
;2,29750;0,82695;0,88272;0,00000;0,00000
;2,29800;0,94676;0,88187;0,00000;0,00000
;2,29850;0,84105;0,88082;0,00000;0,00000
;2,29900;0,88910;0,87969;0,00000;0,00000
;2,29950;0,88461;0,87854;0,00000;0,00000
;2,30000;0,87436;0,87742;0,00000;0,00000
;2,30050;0,88718;0,87639;0,00000;0,00000
;2,30100;0,95381;0,87551;0,00000;0,00000
;2,30150;0,86475;0,87488;0,00000;0,00000
;2,30200;0,89679;0,87456;0,00000;0,00000
;2,30250;0,86667;0,87453;0,00000;0,00000
;2,30300;0,83272;0,87470;0,00000;0,00000
;2,30350;0,80132;0,87494;0,00000;0,00000
;2,30400;0,79043;0,87502;0,00000;0,00000
;2,30450;0,71355;0,87471;0,00000;0,00000
;2,30500;0,74622;0,87373;0,00000;0,00000
;2,30550;0,72444;0,87185;0,00000;0,00000
;2,30600;0,75904;0,86893;0,00000;0,00000
;2,30650;0,67703;0,86492;0,00000;0,00000
;2,30700;0,76288;0,85982;0,00000;0,00000
;2,30750;0,70970;0,85366;0,00000;0,00000
;2,30800;0,76673;0,84659;0,00000;0,00000
;2,30850;0,70586;0,83877;0,00000;0,00000
;2,30900;0,76929;0,83038;0,00000;0,00000
;2,30950;0,75711;0,82163;0,00000;0,00000
;2,31000;0,73149;0,81274;0,00000;0,00000
;2,31050;0,70650;0,80388;0,00000;0,00000
;2,31100;0,75391;0,79514;0,00000;0,00000
;2,31150;0,76480;0,78665;0,00000;0,00000
;2,31200;0,70970;0,77856;0,00000;0,00000
;2,31250;0,74046;0,77095;0,00000;0,00000
;2,31300;0,70714;0,76386;0,00000;0,00000
;2,31350;0,73982;0,75730;0,00000;0,00000
;2,31400;0,68600;0,75128;0,00000;0,00000
;2,31450;0,70266;0,74577;0,00000;0,00000
;2,31500;0,68536;0,74069;0,00000;0,00000
;2,31550;0,67575;0,73596;0,00000;0,00000
;2,31600;0,63859;0,73150;0,00000;0,00000
;2,31650;0,68472;0,72718;0,00000;0,00000
;2,31700;0,63346;0,72293;0,00000;0,00000
;2,31750;0,65204;0,71866;0,00000;0,00000
;2,31800;0,66485;0,71434;0,00000;0,00000
;2,31850;0,65012;0,70995;0,00000;0,00000
;2,31900;0,70266;0,70553;0,00000;0,00000
;2,31950;0,67511;0,70116;0,00000;0,00000
;2,32000;0,64948;0,69694;0,00000;0,00000
;2,32050;0,62769;0,69289;0,00000;0,00000
;2,32100;0,62001;0,68895;0,00000;0,00000
;2,32150;0,58669;0,68503;0,00000;0,00000
;2,32200;0,63026;0,68103;0,00000;0,00000
;2,32250;0,65268;0,67692;0,00000;0,00000
;2,32300;0,61296;0,67274;0,00000;0,00000
;2,32350;0,63410;0,66855;0,00000;0,00000
;2,32400;0,54248;0,66435;0,00000;0,00000
;2,32450;0,61168;0,66008;0,00000;0,00000
;2,32500;0,63987;0,65570;0,00000;0,00000
;2,32550;0,59438;0,65128;0,00000;0,00000
;2,32600;0,53159;0,64685;0,00000;0,00000
;2,32650;0,61168;0,64237;0,00000;0,00000
;2,32700;0,62962;0,63784;0,00000;0,00000
;2,32750;0,57644;0,63334;0,00000;0,00000
;2,32800;0,54505;0,62892;0,00000;0,00000
;2,32850;0,63602;0,62457;0,00000;0,00000
;2,32900;0,57259;0,62032;0,00000;0,00000
;2,32950;0,55594;0,61623;0,00000;0,00000
;2,33000;0,57452;0,61228;0,00000;0,00000
;2,33050;0,57131;0,60843;0,00000;0,00000
;2,33100;0,56042;0,60469;0,00000;0,00000
;2,33150;0,61552;0,60107;0,00000;0,00000
;2,33200;0,57324;0,59764;0,00000;0,00000
;2,33250;0,61872;0,59446;0,00000;0,00000
;2,33300;0,52134;0,59158;0,00000;0,00000
;2,33350;0,57900;0,58897;0,00000;0,00000
;2,33400;0,55081;0,58657;0,00000;0,00000
;2,33450;0,62257;0,58434;0,00000;0,00000
;2,33500;0,55145;0,58232;0,00000;0,00000
;2,33550;0,56106;0,58053;0,00000;0,00000
;2,33600;0,54953;0,57892;0,00000;0,00000
;2,33650;0,59246;0,57745;0,00000;0,00000
;2,33700;0,52775;0,57608;0,00000;0,00000
;2,33750;0,51557;0,57478;0,00000;0,00000
;2,33800;0,51237;0,57343;0,00000;0,00000
;2,33850;0,61040;0,57194;0,00000;0,00000
;2,33900;0,47585;0,57032;0,00000;0,00000
;2,33950;0,51621;0,56856;0,00000;0,00000
;2,34000;0,50917;0,56658;0,00000;0,00000
;2,34050;0,59758;0,56436;0,00000;0,00000
;2,34100;0,51750;0,56199;0,00000;0,00000
;2,34150;0,53800;0,55955;0,00000;0,00000
;2,34200;0,55081;0,55711;0,00000;0,00000
;2,34250;0,57259;0,55472;0,00000;0,00000
;2,34300;0,58477;0,55248;0,00000;0,00000
;2,34350;0,58156;0,55053;0,00000;0,00000
;2,34400;0,52390;0,54894;0,00000;0,00000
;2,34450;0,56427;0,54771;0,00000;0,00000
;2,34500;0,53159;0,54680;0,00000;0,00000
;2,34550;0,54825;0,54615;0,00000;0,00000
;2,34600;0,51814;0,54569;0,00000;0,00000
;2,34650;0,54505;0,54535;0,00000;0,00000
;2,34700;0,49251;0,54507;0,00000;0,00000
;2,34750;0,53351;0,54475;0,00000;0,00000
;2,34800;0,47008;0,54431;0,00000;0,00000
;2,34850;0,54953;0,54367;0,00000;0,00000
;2,34900;0,48290;0,54280;0,00000;0,00000
;2,34950;0,48738;0,54168;0,00000;0,00000
;2,35000;0,50788;0,54026;0,00000;0,00000
;2,35050;0,55209;0,53857;0,00000;0,00000
;2,35100;0,53031;0,53669;0,00000;0,00000
;2,35150;0,46752;0,53472;0,00000;0,00000
;2,35200;0,49443;0,53268;0,00000;0,00000
;2,35250;0,53992;0,53052;0,00000;0,00000
;2,35300;0,54569;0,52833;0,00000;0,00000
;2,35350;0,51685;0,52621;0,00000;0,00000
;2,35400;0,53223;0,52426;0,00000;0,00000
;2,35450;0,48546;0,52250;0,00000;0,00000
;2,35500;0,44189;0,52088;0,00000;0,00000
;2,35550;0,48290;0,51927;0,00000;0,00000
;2,35600;0,50020;0,51758;0,00000;0,00000
;2,35650;0,48995;0,51578;0,00000;0,00000
;2,35700;0,45022;0,51389;0,00000;0,00000
;2,35750;0,44830;0,51186;0,00000;0,00000
;2,35800;0,45343;0,50963;0,00000;0,00000
;2,35850;0,40858;0,50712;0,00000;0,00000
;2,35900;0,42524;0,50427;0,00000;0,00000
;2,35950;0,47841;0,50103;0,00000;0,00000
;2,36000;0,47329;0,49747;0,00000;0,00000
;2,36050;0,51621;0,49373;0,00000;0,00000
;2,36100;0,46240;0,49001;0,00000;0,00000
;2,36150;0,47072;0,48644;0,00000;0,00000
;2,36200;0,45086;0,48306;0,00000;0,00000
;2,36250;0,51237;0,47991;0,00000;0,00000
;2,36300;0,38615;0,47702;0,00000;0,00000
;2,36350;0,50981;0,47437;0,00000;0,00000
;2,36400;0,44702;0,47194;0,00000;0,00000
;2,36450;0,41306;0,46972;0,00000;0,00000
;2,36500;0,40537;0,46765;0,00000;0,00000
;2,36550;0,40153;0,46557;0,00000;0,00000
;2,36600;0,41434;0,46339;0,00000;0,00000
;2,36650;0,38551;0,46102;0,00000;0,00000
;2,36700;0,38231;0,45839;0,00000;0,00000
;2,36750;0,43100;0,45548;0,00000;0,00000
;2,36800;0,38295;0,45229;0,00000;0,00000
;2,36850;0,41114;0,44886;0,00000;0,00000
;2,36900;0,43741;0,44527;0,00000;0,00000
;2,36950;0,43741;0,44161;0,00000;0,00000
;2,37000;0,35860;0,43800;0,00000;0,00000
;2,37050;0,40794;0,43446;0,00000;0,00000
;2,37100;0,40537;0,43098;0,00000;0,00000
;2,37150;0,42908;0,42758;0,00000;0,00000
;2,37200;0,40537;0,42435;0,00000;0,00000
;2,37250;0,43292;0,42134;0,00000;0,00000
;2,37300;0,40922;0,41861;0,00000;0,00000
;2,37350;0,39256;0,41619;0,00000;0,00000
;2,37400;0,38231;0,41404;0,00000;0,00000
;2,37450;0,36693;0,41210;0,00000;0,00000
;2,37500;0,31119;0,41023;0,00000;0,00000
;2,37550;0,40666;0,40832;0,00000;0,00000
;2,37600;0,33810;0,40627;0,00000;0,00000
;2,37650;0,35860;0,40406;0,00000;0,00000
;2,37700;0,30286;0,40164;0,00000;0,00000
;2,37750;0,34002;0,39895;0,00000;0,00000
;2,37800;0,35284;0,39593;0,00000;0,00000
;2,37850;0,30286;0,39259;0,00000;0,00000
;2,37900;0,35540;0,38896;0,00000;0,00000
;2,37950;0,32785;0,38508;0,00000;0,00000
;2,38000;0,31632;0,38099;0,00000;0,00000
;2,38050;0,30735;0,37673;0,00000;0,00000
;2,38100;0,35732;0,37233;0,00000;0,00000
;2,38150;0,35476;0,36788;0,00000;0,00000
;2,38200;0,36949;0,36351;0,00000;0,00000
;2,38250;0,35027;0,35937;0,00000;0,00000
;2,38300;0,35348;0,35557;0,00000;0,00000
;2,38350;0,40089;0,35218;0,00000;0,00000
;2,38400;0,32913;0,34928;0,00000;0,00000
;2,38450;0,35732;0,34690;0,00000;0,00000
;2,38500;0,38295;0,34503;0,00000;0,00000
;2,38550;0,34707;0,34366;0,00000;0,00000
;2,38600;0,35156;0,34278;0,00000;0,00000
;2,38650;0,32016;0,34231;0,00000;0,00000
;2,38700;0,34194;0,34214;0,00000;0,00000
;2,38750;0,34387;0,34219;0,00000;0,00000
;2,38800;0,32080;0,34236;0,00000;0,00000
;2,38850;0,30991;0,34259;0,00000;0,00000
;2,38900;0,37718;0,34280;0,00000;0,00000
;2,38950;0,32913;0,34296;0,00000;0,00000
;2,39000;0,32657;0,34310;0,00000;0,00000
;2,39050;0,25865;0,34314;0,00000;0,00000
;2,39100;0,28172;0,34297;0,00000;0,00000
;2,39150;0,34387;0,34245;0,00000;0,00000
;2,39200;0,35220;0,34159;0,00000;0,00000
;2,39250;0,29261;0,34050;0,00000;0,00000
;2,39300;0,39192;0,33925;0,00000;0,00000
;2,39350;0,34451;0,33796;0,00000;0,00000
;2,39400;0,34643;0,33675;0,00000;0,00000
;2,39450;0,34707;0,33569;0,00000;0,00000
;2,39500;0,39384;0,33485;0,00000;0,00000
;2,39550;0,31375;0,33428;0,00000;0,00000
;2,39600;0,33874;0,33399;0,00000;0,00000
;2,39650;0,38807;0,33395;0,00000;0,00000
;2,39700;0,34387;0,33415;0,00000;0,00000
;2,39750;0,28941;0,33459;0,00000;0,00000
;2,39800;0,30863;0,33515;0,00000;0,00000
;2,39850;0,30478;0,33568;0,00000;0,00000
;2,39900;0,36757;0,33609;0,00000;0,00000
;2,39950;0,28044;0,33635;0,00000;0,00000
;2,40000;0,29197;0,33644;0,00000;0,00000
;2,40050;0,30607;0,33626;0,00000;0,00000
;2,40100;0,30607;0,33578;0,00000;0,00000
;2,40150;0,32401;0,33500;0,00000;0,00000
;2,40200;0,34899;0,33396;0,00000;0,00000
;2,40250;0,27916;0,33277;0,00000;0,00000
;2,40300;0,33426;0,33145;0,00000;0,00000
;2,40350;0,30863;0,33003;0,00000;0,00000
;2,40400;0,36501;0,32856;0,00000;0,00000
;2,40450;0,35412;0,32716;0,00000;0,00000
;2,40500;0,33554;0,32594;0,00000;0,00000
;2,40550;0,29966;0,32495;0,00000;0,00000
;2,40600;0,31119;0,32416;0,00000;0,00000
;2,40650;0,29453;0,32349;0,00000;0,00000
;2,40700;0,36245;0,32289;0,00000;0,00000
;2,40750;0,29710;0,32237;0,00000;0,00000
;2,40800;0,28108;0,32191;0,00000;0,00000
;2,40850;0,31568;0,32146;0,00000;0,00000
;2,40900;0,30030;0,32094;0,00000;0,00000
;2,40950;0,25289;0,32032;0,00000;0,00000
;2,41000;0,35091;0,31956;0,00000;0,00000
;2,41050;0,23687;0,31864;0,00000;0,00000
;2,41100;0,32721;0,31754;0,00000;0,00000
;2,41150;0,27659;0,31628;0,00000;0,00000
;2,41200;0,29646;0,31488;0,00000;0,00000
;2,41250;0,31440;0,31335;0,00000;0,00000
;2,41300;0,34002;0,31177;0,00000;0,00000
;2,41350;0,27531;0,31024;0,00000;0,00000
;2,41400;0,36629;0,30883;0,00000;0,00000
;2,41450;0,27147;0,30758;0,00000;0,00000
;2,41500;0,33362;0,30654;0,00000;0,00000
;2,41550;0,26122;0,30568;0,00000;0,00000
;2,41600;0,31824;0,30495;0,00000;0,00000
;2,41650;0,28685;0,30433;0,00000;0,00000
;2,41700;0,25417;0,30376;0,00000;0,00000
;2,41750;0,23559;0,30314;0,00000;0,00000
;2,41800;0,25481;0,30235;0,00000;0,00000
;2,41850;0,26314;0,30128;0,00000;0,00000
;2,41900;0,20227;0,29987;0,00000;0,00000
;2,41950;0,21637;0,29806;0,00000;0,00000
;2,42000;0,27852;0,29578;0,00000;0,00000
;2,42050;0,27788;0,29308;0,00000;0,00000
;2,42100;0,22662;0,29009;0,00000;0,00000
;2,42150;0,24072;0,28689;0,00000;0,00000
;2,42200;0,24648;0,28352;0,00000;0,00000
;2,42250;0,27723;0,28002;0,00000;0,00000
;2,42300;0,22470;0,27650;0,00000;0,00000
;2,42350;0,23495;0,27300;0,00000;0,00000
;2,42400;0,29005;0,26957;0,00000;0,00000
;2,42450;0,22790;0,26627;0,00000;0,00000
;2,42500;0,21381;0,26315;0,00000;0,00000
;2,42550;0,19907;0,26016;0,00000;0,00000
;2,42600;0,25737;0,25725;0,00000;0,00000
;2,42650;0,20291;0,25439;0,00000;0,00000
;2,42700;0,19330;0,25158;0,00000;0,00000
;2,42750;0,26698;0,24880;0,00000;0,00000
;2,42800;0,30863;0,24611;0,00000;0,00000
;2,42850;0,23431;0,24367;0,00000;0,00000
;2,42900;0,22021;0,24159;0,00000;0,00000
;2,42950;0,28236;0,23985;0,00000;0,00000
;2,43000;0,22149;0,23847;0,00000;0,00000
;2,43050;0,20740;0,23740;0,00000;0,00000
;2,43100;0,20868;0,23656;0,00000;0,00000
;2,43150;0,19907;0,23583;0,00000;0,00000
;2,43200;0,22214;0,23512;0,00000;0,00000
;2,43250;0,22149;0,23436;0,00000;0,00000
;2,43300;0,24712;0,23356;0,00000;0,00000
;2,43350;0,24904;0,23276;0,00000;0,00000
;2,43400;0,23943;0,23205;0,00000;0,00000
;2,43450;0,22149;0,23144;0,00000;0,00000
;2,43500;0,23559;0,23095;0,00000;0,00000
;2,43550;0,30478;0,23060;0,00000;0,00000
;2,43600;0,25225;0,23046;0,00000;0,00000
;2,43650;0,20484;0,23059;0,00000;0,00000
;2,43700;0,17729;0,23093;0,00000;0,00000
;2,43750;0,21445;0,23129;0,00000;0,00000
;2,43800;0,25417;0,23158;0,00000;0,00000
;2,43850;0,20163;0,23177;0,00000;0,00000
;2,43900;0,19138;0,23184;0,00000;0,00000
;2,43950;0,24007;0,23176;0,00000;0,00000
;2,44000;0,18690;0,23148;0,00000;0,00000
;2,44050;0,27019;0,23104;0,00000;0,00000
;2,44100;0,22406;0,23049;0,00000;0,00000
;2,44150;0,20932;0,22989;0,00000;0,00000
;2,44200;0,15614;0,22924;0,00000;0,00000
;2,44250;0,26506;0,22847;0,00000;0,00000
;2,44300;0,23943;0,22759;0,00000;0,00000
;2,44350;0,28300;0,22674;0,00000;0,00000
;2,44400;0,25417;0,22604;0,00000;0,00000
;2,44450;0,23303;0,22560;0,00000;0,00000
;2,44500;0,20420;0,22544;0,00000;0,00000
;2,44550;0,26186;0,22548;0,00000;0,00000
;2,44600;0,21957;0,22569;0,00000;0,00000
;2,44650;0,24007;0,22606;0,00000;0,00000
;2,44700;0,23495;0,22655;0,00000;0,00000
;2,44750;0,28044;0,22716;0,00000;0,00000
;2,44800;0,25097;0,22793;0,00000;0,00000
;2,44850;0,26122;0,22888;0,00000;0,00000
;2,44900;0,27019;0,23004;0,00000;0,00000
;2,44950;0,31183;0,23144;0,00000;0,00000
;2,45000;0,20227;0,23310;0,00000;0,00000
;2,45050;0,23751;0,23497;0,00000;0,00000
;2,45100;0,22406;0,23690;0,00000;0,00000
;2,45150;0,31824;0,23879;0,00000;0,00000
;2,45200;0,26250;0,24068;0,00000;0,00000
;2,45250;0,30863;0,24264;0,00000;0,00000
;2,45300;0,22214;0,24469;0,00000;0,00000
;2,45350;0,24968;0,24679;0,00000;0,00000
;2,45400;0,18049;0,24881;0,00000;0,00000
;2,45450;0,27852;0,25060;0,00000;0,00000
;2,45500;0,24584;0,25211;0,00000;0,00000
;2,45550;0,30927;0,25336;0,00000;0,00000
;2,45600;0,20163;0,25442;0,00000;0,00000
;2,45650;0,29133;0,25532;0,00000;0,00000
;2,45700;0,20740;0,25604;0,00000;0,00000
;2,45750;0,24200;0,25656;0,00000;0,00000
;2,45800;0,21124;0,25682;0,00000;0,00000
;2,45850;0,27019;0,25680;0,00000;0,00000
;2,45900;0,22470;0,25651;0,00000;0,00000
;2,45950;0,26891;0,25600;0,00000;0,00000
;2,46000;0,17985;0,25529;0,00000;0,00000
;2,46050;0,25033;0,25439;0,00000;0,00000
;2,46100;0,18754;0,25326;0,00000;0,00000
;2,46150;0,26250;0,25189;0,00000;0,00000
;2,46200;0,22534;0,25033;0,00000;0,00000
;2,46250;0,19394;0,24863;0,00000;0,00000
;2,46300;0,22085;0,24678;0,00000;0,00000
;2,46350;0,22085;0,24479;0,00000;0,00000
;2,46400;0,20804;0,24268;0,00000;0,00000
;2,46450;0,24840;0,24049;0,00000;0,00000
;2,46500;0,18562;0,23827;0,00000;0,00000
;2,46550;0,28108;0,23607;0,00000;0,00000
;2,46600;0,18497;0,23395;0,00000;0,00000
;2,46650;0,26250;0,23196;0,00000;0,00000
;2,46700;0,22214;0,23015;0,00000;0,00000
;2,46750;0,25545;0,22856;0,00000;0,00000
;2,46800;0,21252;0,22724;0,00000;0,00000
;2,46850;0,33041;0,22621;0,00000;0,00000
;2,46900;0,23559;0,22558;0,00000;0,00000
;2,46950;0,24136;0,22541;0,00000;0,00000
;2,47000;0,15935;0,22562;0,00000;0,00000
;2,47050;0,19587;0,22604;0,00000;0,00000
;2,47100;0,17921;0,22645;0,00000;0,00000
;2,47150;0,24392;0,22673;0,00000;0,00000
;2,47200;0,16063;0,22682;0,00000;0,00000
;2,47250;0,27916;0,22671;0,00000;0,00000
;2,47300;0,21765;0,22644;0,00000;0,00000
;2,47350;0,21252;0,22609;0,00000;0,00000
;2,47400;0,17665;0,22567;0,00000;0,00000
;2,47450;0,26698;0,22515;0,00000;0,00000
;2,47500;0,25161;0,22458;0,00000;0,00000
;2,47550;0,20804;0,22405;0,00000;0,00000
;2,47600;0,19330;0,22360;0,00000;0,00000
;2,47650;0,26634;0,22318;0,00000;0,00000
;2,47700;0,20227;0,22282;0,00000;0,00000
;2,47750;0,18818;0,22252;0,00000;0,00000
;2,47800;0,18177;0,22219;0,00000;0,00000
;2,47850;0,22918;0,22178;0,00000;0,00000
;2,47900;0,14717;0,22122;0,00000;0,00000
;2,47950;0,19202;0,22047;0,00000;0,00000
;2,48000;0,18049;0,21947;0,00000;0,00000
;2,48050;0,17280;0,21820;0,00000;0,00000
;2,48100;0,14013;0,21664;0,00000;0,00000
;2,48150;0,16832;0,21473;0,00000;0,00000
;2,48200;0,15678;0,21247;0,00000;0,00000
;2,48250;0,18946;0,20987;0,00000;0,00000
;2,48300;0,16127;0,20700;0,00000;0,00000
;2,48350;0,15038;0,20392;0,00000;0,00000
;2,48400;0,16768;0,20068;0,00000;0,00000
;2,48450;0,19074;0,19733;0,00000;0,00000
;2,48500;0,20548;0,19397;0,00000;0,00000
;2,48550;0,14525;0,19072;0,00000;0,00000
;2,48600;0,18305;0,18764;0,00000;0,00000
;2,48650;0,20612;0,18477;0,00000;0,00000
;2,48700;0,22598;0,18219;0,00000;0,00000
;2,48750;0,18626;0,18001;0,00000;0,00000
;2,48800;0,18049;0,17830;0,00000;0,00000
;2,48850;0,18818;0,17703;0,00000;0,00000
;2,48900;0,19330;0,17616;0,00000;0,00000
;2,48950;0,12603;0,17564;0,00000;0,00000
;2,49000;0,20804;0,17538;0,00000;0,00000
;2,49050;0,13372;0,17528;0,00000;0,00000
;2,49100;0,24264;0,17530;0,00000;0,00000
;2,49150;0,16832;0,17545;0,00000;0,00000
;2,49200;0,24776;0,17578;0,00000;0,00000
;2,49250;0,16704;0,17633;0,00000;0,00000
;2,49300;0,22278;0,17711;0,00000;0,00000
;2,49350;0,13244;0,17809;0,00000;0,00000
;2,49400;0,24264;0,17918;0,00000;0,00000
;2,49450;0,16063;0,18036;0,00000;0,00000
;2,49500;0,24968;0,18160;0,00000;0,00000
;2,49550;0,17408;0,18293;0,00000;0,00000
;2,49600;0,24840;0,18435;0,00000;0,00000
;2,49650;0,21573;0,18589;0,00000;0,00000
;2,49700;0,22021;0,18758;0,00000;0,00000
;2,49750;0,18049;0,18941;0,00000;0,00000
;2,49800;0,27595;0,19134;0,00000;0,00000
;2,49850;0,23110;0,19339;0,00000;0,00000
;2,49900;0,18946;0,19558;0,00000;0,00000
;2,49950;0,17472;0,19785;0,00000;0,00000
;2,50000;0,24392;0,20008;0,00000;0,00000
;2,50050;0,24968;0,20222;0,00000;0,00000
;2,50100;0,20932;0,20433;0,00000;0,00000
;2,50150;0,23046;0,20640;0,00000;0,00000
;2,50200;0,20484;0,20842;0,00000;0,00000
;2,50250;0,22534;0,21036;0,00000;0,00000
;2,50300;0,21893;0,21217;0,00000;0,00000
;2,50350;0,19715;0,21383;0,00000;0,00000
;2,50400;0,28364;0,21534;0,00000;0,00000
;2,50450;0,19843;0,21673;0,00000;0,00000
;2,50500;0,27788;0,21806;0,00000;0,00000
;2,50550;0,17408;0,21934;0,00000;0,00000
;2,50600;0,26122;0,22057;0,00000;0,00000
;2,50650;0,17152;0,22170;0,00000;0,00000
;2,50700;0,25353;0,22270;0,00000;0,00000
;2,50750;0,24520;0,22355;0,00000;0,00000
;2,50800;0,26634;0,22433;0,00000;0,00000
;2,50850;0,19202;0,22510;0,00000;0,00000
;2,50900;0,30991;0,22589;0,00000;0,00000
;2,50950;0,16639;0,22671;0,00000;0,00000
;2,51000;0,26250;0,22755;0,00000;0,00000
;2,51050;0,23687;0,22837;0,00000;0,00000
;2,51100;0,28877;0,22921;0,00000;0,00000
;2,51150;0,18690;0,23010;0,00000;0,00000
;2,51200;0,27339;0,23103;0,00000;0,00000
;2,51250;0,23239;0,23197;0,00000;0,00000
;2,51300;0,27595;0,23294;0,00000;0,00000
;2,51350;0,22918;0,23396;0,00000;0,00000
;2,51400;0,24968;0,23502;0,00000;0,00000
;2,51450;0,14717;0,23607;0,00000;0,00000
;2,51500;0,22726;0,23696;0,00000;0,00000
;2,51550;0,26058;0,23759;0,00000;0,00000
;2,51600;0,26186;0,23799;0,00000;0,00000
;2,51650;0,21252;0,23825;0,00000;0,00000
;2,51700;0,21957;0,23840;0,00000;0,00000
;2,51750;0,23943;0,23841;0,00000;0,00000
;2,51800;0,24648;0,23830;0,00000;0,00000
;2,51850;0,19459;0,23808;0,00000;0,00000
;2,51900;0,25865;0,23776;0,00000;0,00000
;2,51950;0,25353;0,23736;0,00000;0,00000
;2,52000;0,17536;0,23693;0,00000;0,00000
;2,52050;0,19010;0,23641;0,00000;0,00000
;2,52100;0,21381;0,23573;0,00000;0,00000
;2,52150;0,23943;0,23484;0,00000;0,00000
;2,52200;0,30094;0,23383;0,00000;0,00000
;2,52250;0,22342;0,23284;0,00000;0,00000
;2,52300;0,23239;0,23199;0,00000;0,00000
;2,52350;0,26891;0,23130;0,00000;0,00000
;2,52400;0,23303;0,23082;0,00000;0,00000
;2,52450;0,26442;0,23056;0,00000;0,00000
;2,52500;0,19459;0,23052;0,00000;0,00000
;2,52550;0,22021;0,23065;0,00000;0,00000
;2,52600;0,23751;0,23084;0,00000;0,00000
;2,52650;0,18562;0,23104;0,00000;0,00000
;2,52700;0,20996;0,23117;0,00000;0,00000
;2,52750;0,21124;0,23116;0,00000;0,00000
;2,52800;0,22214;0,23097;0,00000;0,00000
;2,52850;0,18305;0,23059;0,00000;0,00000
;2,52900;0,24904;0,23002;0,00000;0,00000
;2,52950;0,23687;0,22930;0,00000;0,00000
;2,53000;0,22854;0,22851;0,00000;0,00000
;2,53050;0,20035;0,22771;0,00000;0,00000
;2,53100;0,20356;0,22690;0,00000;0,00000
;2,53150;0,20356;0,22604;0,00000;0,00000
;2,53200;0,26314;0,22513;0,00000;0,00000
;2,53250;0,19651;0,22422;0,00000;0,00000
;2,53300;0,21701;0,22334;0,00000;0,00000
;2,53350;0,20099;0,22250;0,00000;0,00000
;2,53400;0,17985;0,22165;0,00000;0,00000
;2,53450;0,21573;0,22074;0,00000;0,00000
;2,53500;0,21829;0,21977;0,00000;0,00000
;2,53550;0,24007;0,21877;0,00000;0,00000
;2,53600;0,20291;0,21782;0,00000;0,00000
;2,53650;0,21317;0,21694;0,00000;0,00000
;2,53700;0,21124;0,21613;0,00000;0,00000
;2,53750;0,20291;0,21539;0,00000;0,00000
;2,53800;0,17472;0,21470;0,00000;0,00000
;2,53850;0,19394;0,21398;0,00000;0,00000
;2,53900;0,20291;0,21320;0,00000;0,00000
;2,53950;0,22598;0,21236;0,00000;0,00000
;2,54000;0,19651;0,21149;0,00000;0,00000
;2,54050;0,23431;0,21065;0,00000;0,00000
;2,54100;0,20099;0,20988;0,00000;0,00000
;2,54150;0,28364;0,20923;0,00000;0,00000
;2,54200;0,24520;0,20880;0,00000;0,00000
;2,54250;0,23303;0,20870;0,00000;0,00000
;2,54300;0,18241;0,20895;0,00000;0,00000
;2,54350;0,27916;0,20947;0,00000;0,00000
;2,54400;0,29133;0,21027;0,00000;0,00000
;2,54450;0,27852;0,21145;0,00000;0,00000
;2,54500;0,23751;0,21308;0,00000;0,00000
;2,54550;0,21637;0,21511;0,00000;0,00000
;2,54600;0,18818;0,21741;0,00000;0,00000
;2,54650;0,31055;0,21981;0,00000;0,00000
;2,54700;0,26698;0,22228;0,00000;0,00000
;2,54750;0,23239;0,22486;0,00000;0,00000
;2,54800;0,22214;0,22751;0,00000;0,00000
;2,54850;0,30158;0,23015;0,00000;0,00000
;2,54900;0,27659;0,23278;0,00000;0,00000
;2,54950;0,26762;0,23544;0,00000;0,00000
;2,55000;0,26442;0,23815;0,00000;0,00000
;2,55050;0,32016;0,24090;0,00000;0,00000
;2,55100;0,23303;0,24371;0,00000;0,00000
;2,55150;0,29710;0,24655;0,00000;0,00000
;2,55200;0,19587;0,24937;0,00000;0,00000
;2,55250;0,31824;0,25206;0,00000;0,00000
;2,55300;0,27788;0,25460;0,00000;0,00000
;2,55350;0,26955;0,25701;0,00000;0,00000
;2,55400;0,27275;0,25931;0,00000;0,00000
;2,55450;0,29710;0,26147;0,00000;0,00000
;2,55500;0,27723;0,26353;0,00000;0,00000
;2,55550;0,32977;0,26551;0,00000;0,00000
;2,55600;0,30927;0,26748;0,00000;0,00000
;2,55650;0,28620;0,26951;0,00000;0,00000
;2,55700;0,25865;0,27159;0,00000;0,00000
;2,55750;0,32016;0,27365;0,00000;0,00000
;2,55800;0,26955;0,27567;0,00000;0,00000
;2,55850;0,35348;0,27764;0,00000;0,00000
;2,55900;0,20932;0,27958;0,00000;0,00000
;2,55950;0,28620;0,28141;0,00000;0,00000
;2,56000;0,29646;0,28304;0,00000;0,00000
;2,56050;0,33618;0,28447;0,00000;0,00000
;2,56100;0,30991;0,28579;0,00000;0,00000
;2,56150;0,34451;0,28710;0,00000;0,00000
;2,56200;0,25225;0,28845;0,00000;0,00000
;2,56250;0,32080;0,28982;0,00000;0,00000
;2,56300;0,28813;0,29117;0,00000;0,00000
;2,56350;0,34835;0,29249;0,00000;0,00000
;2,56400;0,33233;0,29382;0,00000;0,00000
;2,56450;0,32977;0,29524;0,00000;0,00000
;2,56500;0,27147;0,29676;0,00000;0,00000
;2,56550;0,32529;0,29834;0,00000;0,00000
;2,56600;0,29838;0,29991;0,00000;0,00000
;2,56650;0,32401;0,30143;0,00000;0,00000
;2,56700;0,22214;0,30285;0,00000;0,00000
;2,56750;0,37975;0,30411;0,00000;0,00000
;2,56800;0,35027;0,30521;0,00000;0,00000
;2,56850;0,33105;0,30628;0,00000;0,00000
;2,56900;0,29517;0,30739;0,00000;0,00000
;2,56950;0,34643;0,30854;0,00000;0,00000
;2,57000;0,29133;0,30969;0,00000;0,00000
;2,57050;0,35220;0,31085;0,00000;0,00000
;2,57100;0,31375;0,31200;0,00000;0,00000
;2,57150;0,31247;0,31314;0,00000;0,00000
;2,57200;0,30030;0,31424;0,00000;0,00000
;2,57250;0,32849;0,31526;0,00000;0,00000
;2,57300;0,32016;0,31616;0,00000;0,00000
;2,57350;0,36757;0,31699;0,00000;0,00000
;2,57400;0,31247;0,31779;0,00000;0,00000
;2,57450;0,37911;0,31863;0,00000;0,00000
;2,57500;0,30158;0,31954;0,00000;0,00000
;2,57550;0,32208;0,32051;0,00000;0,00000
;2,57600;0,30799;0,32149;0,00000;0,00000
;2,57650;0,27980;0,32239;0,00000;0,00000
;2,57700;0,34515;0,32314;0,00000;0,00000
;2,57750;0,33426;0,32372;0,00000;0,00000
;2,57800;0,28813;0,32415;0,00000;0,00000
;2,57850;0,30927;0,32443;0,00000;0,00000
;2,57900;0,33554;0,32453;0,00000;0,00000
;2,57950;0,37911;0,32451;0,00000;0,00000
;2,58000;0,30222;0,32445;0,00000;0,00000
;2,58050;0,27083;0,32440;0,00000;0,00000
;2,58100;0,32977;0,32428;0,00000;0,00000
;2,58150;0,38231;0,32408;0,00000;0,00000
;2,58200;0,34771;0,32389;0,00000;0,00000
;2,58250;0,33490;0,32382;0,00000;0,00000
;2,58300;0,32016;0,32392;0,00000;0,00000
;2,58350;0,33233;0,32415;0,00000;0,00000
;2,58400;0,29517;0,32447;0,00000;0,00000
;2,58450;0,35412;0,32483;0,00000;0,00000
;2,58500;0,32016;0,32519;0,00000;0,00000
;2,58550;0,37270;0,32559;0,00000;0,00000
;2,58600;0,30158;0,32605;0,00000;0,00000
;2,58650;0,36373;0,32658;0,00000;0,00000
;2,58700;0,33233;0,32716;0,00000;0,00000
;2,58750;0,31568;0,32781;0,00000;0,00000
;2,58800;0,35284;0,32849;0,00000;0,00000
;2,58850;0,32849;0,32919;0,00000;0,00000
;2,58900;0,41114;0,32992;0,00000;0,00000
;2,58950;0,31375;0,33075;0,00000;0,00000
;2,59000;0,30991;0,33169;0,00000;0,00000
;2,59050;0,31440;0,33265;0,00000;0,00000
;2,59100;0,29966;0,33351;0,00000;0,00000
;2,59150;0,31696;0,33418;0,00000;0,00000
;2,59200;0,35604;0,33462;0,00000;0,00000
;2,59250;0,32016;0,33485;0,00000;0,00000
;2,59300;0,37462;0,33495;0,00000;0,00000
;2,59350;0,33298;0,33498;0,00000;0,00000
;2,59400;0,40089;0,33503;0,00000;0,00000
;2,59450;0,35796;0,33520;0,00000;0,00000
;2,59500;0,40922;0,33559;0,00000;0,00000
;2,59550;0,38872;0,33629;0,00000;0,00000
;2,59600;0,37078;0,33737;0,00000;0,00000
;2,59650;0,36629;0,33883;0,00000;0,00000
;2,59700;0,38679;0,34062;0,00000;0,00000
;2,59750;0,36053;0,34270;0,00000;0,00000
;2,59800;0,39000;0,34501;0,00000;0,00000
;2,59850;0,39833;0,34750;0,00000;0,00000
;2,59900;0,47585;0,35021;0,00000;0,00000
;2,59950;0,36181;0,35320;0,00000;0,00000
;2,60000;0,41434;0,35648;0,00000;0,00000
;2,60050;0,35156;0,35997;0,00000;0,00000
;2,60100;0,42395;0,36355;0,00000;0,00000
;2,60150;0,38807;0,36715;0,00000;0,00000
;2,60200;0,46752;0,37074;0,00000;0,00000
;2,60250;0,33233;0,37434;0,00000;0,00000
;2,60300;0,44125;0,37788;0,00000;0,00000
;2,60350;0,40281;0,38132;0,00000;0,00000
;2,60400;0,43549;0,38464;0,00000;0,00000
;2,60450;0,40601;0,38786;0,00000;0,00000
;2,60500;0,47008;0,39100;0,00000;0,00000
;2,60550;0,35860;0,39407;0,00000;0,00000
;2,60600;0,44702;0,39705;0,00000;0,00000
;2,60650;0,49059;0,39992;0,00000;0,00000
;2,60700;0,43420;0,40277;0,00000;0,00000
;2,60750;0,38615;0,40564;0,00000;0,00000
;2,60800;0,46880;0,40849;0,00000;0,00000
;2,60850;0,45343;0,41128;0,00000;0,00000
;2,60900;0,48033;0,41406;0,00000;0,00000
;2,60950;0,42011;0,41688;0,00000;0,00000
;2,61000;0,50917;0,41974;0,00000;0,00000
;2,61050;0,45727;0,42267;0,00000;0,00000
;2,61100;0,46880;0,42571;0,00000;0,00000
;2,61150;0,41627;0,42882;0,00000;0,00000
;2,61200;0,51237;0,43194;0,00000;0,00000
;2,61250;0,40730;0,43503;0,00000;0,00000
;2,61300;0,47649;0,43804;0,00000;0,00000
;2,61350;0,40153;0,44089;0,00000;0,00000
;2,61400;0,54376;0,44354;0,00000;0,00000
;2,61450;0,45599;0,44603;0,00000;0,00000
;2,61500;0,50404;0,44843;0,00000;0,00000
;2,61550;0,44446;0,45079;0,00000;0,00000
;2,61600;0,53864;0,45312;0,00000;0,00000
;2,61650;0,42331;0,45545;0,00000;0,00000
;2,61700;0,50404;0,45775;0,00000;0,00000
;2,61750;0,47649;0,45999;0,00000;0,00000
;2,61800;0,51365;0,46219;0,00000;0,00000
;2,61850;0,46816;0,46436;0,00000;0,00000
;2,61900;0,50788;0,46652;0,00000;0,00000
;2,61950;0,43613;0,46865;0,00000;0,00000
;2,62000;0,52967;0,47069;0,00000;0,00000
;2,62050;0,49379;0,47264;0,00000;0,00000
;2,62100;0,54505;0,47457;0,00000;0,00000
;2,62150;0,45086;0,47652;0,00000;0,00000
;2,62200;0,52518;0,47849;0,00000;0,00000
;2,62250;0,45407;0,48043;0,00000;0,00000
;2,62300;0,56875;0,48233;0,00000;0,00000
;2,62350;0,43292;0,48418;0,00000;0,00000
;2,62400;0,55978;0,48599;0,00000;0,00000
;2,62450;0,44510;0,48773;0,00000;0,00000
;2,62500;0,49699;0,48938;0,00000;0,00000
;2,62550;0,45279;0,49085;0,00000;0,00000
;2,62600;0,50084;0,49208;0,00000;0,00000
;2,62650;0,47969;0,49305;0,00000;0,00000
;2,62700;0,47777;0,49375;0,00000;0,00000
;2,62750;0,47969;0,49419;0,00000;0,00000
;2,62800;0,53095;0,49439;0,00000;0,00000
;2,62850;0,43997;0,49440;0,00000;0,00000
;2,62900;0,47521;0,49425;0,00000;0,00000
;2,62950;0,48546;0,49390;0,00000;0,00000
;2,63000;0,52454;0,49337;0,00000;0,00000
;2,63050;0,56106;0,49278;0,00000;0,00000
;2,63100;0,53287;0,49232;0,00000;0,00000
;2,63150;0,45407;0,49210;0,00000;0,00000
;2,63200;0,51621;0,49210;0,00000;0,00000
;2,63250;0,48354;0,49227;0,00000;0,00000
;2,63300;0,53864;0,49257;0,00000;0,00000
;2,63350;0,53351;0,49303;0,00000;0,00000
;2,63400;0,51814;0,49370;0,00000;0,00000
;2,63450;0,53287;0,49462;0,00000;0,00000
;2,63500;0,51045;0,49577;0,00000;0,00000
;2,63550;0,51878;0,49713;0,00000;0,00000
;2,63600;0,53800;0,49867;0,00000;0,00000
;2,63650;0,48866;0,50035;0,00000;0,00000
;2,63700;0,52006;0,50211;0,00000;0,00000
;2,63750;0,51493;0,50389;0,00000;0,00000
;2,63800;0,52775;0,50564;0,00000;0,00000
;2,63850;0,52646;0,50736;0,00000;0,00000
;2,63900;0,52006;0,50904;0,00000;0,00000
;2,63950;0,53992;0,51068;0,00000;0,00000
;2,64000;0,47457;0,51226;0,00000;0,00000
;2,64050;0,49571;0,51372;0,00000;0,00000
;2,64100;0,50532;0,51497;0,00000;0,00000
;2,64150;0,52775;0,51597;0,00000;0,00000
;2,64200;0,46111;0,51671;0,00000;0,00000
;2,64250;0,55722;0,51719;0,00000;0,00000
;2,64300;0,54569;0,51746;0,00000;0,00000
;2,64350;0,55658;0,51764;0,00000;0,00000
;2,64400;0,50404;0,51784;0,00000;0,00000
;2,64450;0,55273;0,51811;0,00000;0,00000
;2,64500;0,50660;0,51845;0,00000;0,00000
;2,64550;0,56619;0,51887;0,00000;0,00000
;2,64600;0,51878;0,51939;0,00000;0,00000
;2,64650;0,57708;0,52005;0,00000;0,00000
;2,64700;0,55145;0,52087;0,00000;0,00000
;2,64750;0,55722;0,52190;0,00000;0,00000
;2,64800;0,53608;0,52316;0,00000;0,00000
;2,64850;0,53223;0,52460;0,00000;0,00000
;2,64900;0,57580;0,52618;0,00000;0,00000
;2,64950;0,60976;0,52790;0,00000;0,00000
;2,65000;0,49763;0,52981;0,00000;0,00000
;2,65050;0,62001;0,53190;0,00000;0,00000
;2,65100;0,54761;0,53413;0,00000;0,00000
;2,65150;0,61104;0,53652;0,00000;0,00000
;2,65200;0,56811;0,53909;0,00000;0,00000
;2,65250;0,65332;0,54185;0,00000;0,00000
;2,65300;0,58989;0,54487;0,00000;0,00000
;2,65350;0,68920;0,54822;0,00000;0,00000
;2,65400;0,58221;0,55195;0,00000;0,00000
;2,65450;0,68151;0,55609;0,00000;0,00000
;2,65500;0,61040;0,56063;0,00000;0,00000
;2,65550;0,66293;0,56554;0,00000;0,00000
;2,65600;0,60655;0,57076;0,00000;0,00000
;2,65650;0,64051;0,57621;0,00000;0,00000
;2,65700;0,65076;0,58179;0,00000;0,00000
;2,65750;0,65076;0,58742;0,00000;0,00000
;2,65800;0,57964;0,59306;0,00000;0,00000
;2,65850;0,65524;0,59856;0,00000;0,00000
;2,65900;0,60335;0,60382;0,00000;0,00000
;2,65950;0,67318;0,60877;0,00000;0,00000
;2,66000;0,60463;0,61338;0,00000;0,00000
;2,66050;0,62898;0,61762;0,00000;0,00000
;2,66100;0,55081;0,62141;0,00000;0,00000
;2,66150;0,70906;0,62468;0,00000;0,00000
;2,66200;0,62001;0,62744;0,00000;0,00000
;2,66250;0,67831;0,62979;0,00000;0,00000
;2,66300;0,64884;0,63185;0,00000;0,00000
;2,66350;0,67959;0,63370;0,00000;0,00000
;2,66400;0,64051;0,63542;0,00000;0,00000
;2,66450;0,73661;0,63709;0,00000;0,00000
;2,66500;0,66357;0,63880;0,00000;0,00000
;2,66550;0,70202;0,64067;0,00000;0,00000
;2,66600;0,65589;0,64271;0,00000;0,00000
;2,66650;0,74879;0,64495;0,00000;0,00000
;2,66700;0,68151;0,64742;0,00000;0,00000
;2,66750;0,70073;0,65016;0,00000;0,00000
;2,66800;0,65012;0,65312;0,00000;0,00000
;2,66850;0,71803;0,65622;0,00000;0,00000
;2,66900;0,66421;0,65938;0,00000;0,00000
;2,66950;0,66742;0,66255;0,00000;0,00000
;2,67000;0,68536;0,66562;0,00000;0,00000
;2,67050;0,71291;0,66856;0,00000;0,00000
;2,67100;0,61937;0,67132;0,00000;0,00000
;2,67150;0,73149;0,67387;0,00000;0,00000
;2,67200;0,67126;0,67617;0,00000;0,00000
;2,67250;0,69048;0,67824;0,00000;0,00000
;2,67300;0,65653;0,68009;0,00000;0,00000
;2,67350;0,74110;0,68170;0,00000;0,00000
;2,67400;0,71419;0,68313;0,00000;0,00000
;2,67450;0,69753;0,68447;0,00000;0,00000
;2,67500;0,71803;0,68580;0,00000;0,00000
;2,67550;0,72380;0,68713;0,00000;0,00000
;2,67600;0,68472;0,68851;0,00000;0,00000
;2,67650;0,72252;0,68992;0,00000;0,00000
;2,67700;0,67318;0,69135;0,00000;0,00000
;2,67750;0,71803;0,69276;0,00000;0,00000
;2,67800;0,69176;0,69411;0,00000;0,00000
;2,67850;0,75327;0,69540;0,00000;0,00000
;2,67900;0,70009;0,69669;0,00000;0,00000
;2,67950;0,68600;0,69798;0,00000;0,00000
;2,68000;0,73277;0,69925;0,00000;0,00000
;2,68050;0,74686;0,70050;0,00000;0,00000
;2,68100;0,71547;0,70178;0,00000;0,00000
;2,68150;0,64692;0,70309;0,00000;0,00000
;2,68200;0,70202;0,70434;0,00000;0,00000
;2,68250;0,68023;0,70541;0,00000;0,00000
;2,68300;0,74430;0,70627;0,00000;0,00000
;2,68350;0,71098;0,70694;0,00000;0,00000
;2,68400;0,73213;0,70751;0,00000;0,00000
;2,68450;0,69689;0,70802;0,00000;0,00000
;2,68500;0,74430;0,70850;0,00000;0,00000
;2,68550;0,72636;0,70900;0,00000;0,00000
;2,68600;0,75840;0,70955;0,00000;0,00000
;2,68650;0,74815;0,71025;0,00000;0,00000
;2,68700;0,74494;0,71115;0,00000;0,00000
;2,68750;0,73405;0,71227;0,00000;0,00000
;2,68800;0,73533;0,71361;0,00000;0,00000
;2,68850;0,73085;0,71513;0,00000;0,00000
;2,68900;0,75391;0,71678;0,00000;0,00000
;2,68950;0,68664;0,71851;0,00000;0,00000
;2,69000;0,75455;0,72027;0,00000;0,00000
;2,69050;0,74686;0,72200;0,00000;0,00000
;2,69100;0,66037;0,72367;0,00000;0,00000
;2,69150;0,69561;0,72517;0,00000;0,00000
;2,69200;0,68087;0,72637;0,00000;0,00000
;2,69250;0,74238;0,72718;0,00000;0,00000
;2,69300;0,67831;0,72760;0,00000;0,00000
;2,69350;0,77121;0,72767;0,00000;0,00000
;2,69400;0,83464;0,72753;0,00000;0,00000
;2,69450;0,78466;0,72744;0,00000;0,00000
;2,69500;0,76929;0,72762;0,00000;0,00000
;2,69550;0,68984;0,72815;0,00000;0,00000
;2,69600;0,77762;0,72895;0,00000;0,00000
;2,69650;0,70458;0,72995;0,00000;0,00000
;2,69700;0,77634;0,73107;0,00000;0,00000
;2,69750;0,80389;0,73232;0,00000;0,00000
;2,69800;0,79299;0,73376;0,00000;0,00000
;2,69850;0,73085;0,73547;0,00000;0,00000
;2,69900;0,77121;0,73740;0,00000;0,00000
;2,69950;0,80004;0,73951;0,00000;0,00000
;2,70000;0,78723;0,74179;0,00000;0,00000
;2,70050;0,73149;0,74425;0,00000;0,00000
;2,70100;0,84873;0,74683;0,00000;0,00000
;2,70150;0,74750;0,74953;0,00000;0,00000
;2,70200;0,80068;0,75234;0,00000;0,00000
;2,70250;0,78146;0,75522;0,00000;0,00000
;2,70300;0,88461;0,75817;0,00000;0,00000
;2,70350;0,81542;0,76129;0,00000;0,00000
;2,70400;0,83592;0,76466;0,00000;0,00000
;2,70450;0,77185;0,76829;0,00000;0,00000
;2,70500;0,84809;0,77210;0,00000;0,00000
;2,70550;0,85642;0,77604;0,00000;0,00000
;2,70600;0,87500;0,78014;0,00000;0,00000
;2,70650;0,83015;0,78446;0,00000;0,00000
;2,70700;0,92049;0,78903;0,00000;0,00000
;2,70750;0,85130;0,79386;0,00000;0,00000
;2,70800;0,86988;0,79896;0,00000;0,00000
;2,70850;0,73918;0,80424;0,00000;0,00000
;2,70900;0,82503;0,80946;0,00000;0,00000
;2,70950;0,78659;0,81437;0,00000;0,00000
;2,71000;0,86027;0,81882;0,00000;0,00000
;2,71050;0,80773;0,82277;0,00000;0,00000
;2,71100;0,83272;0,82620;0,00000;0,00000
;2,71150;0,82631;0,82912;0,00000;0,00000
;2,71200;0,87116;0,83155;0,00000;0,00000
;2,71250;0,85578;0,83359;0,00000;0,00000
;2,71300;0,94612;0,83536;0,00000;0,00000
;2,71350;0,85258;0,83707;0,00000;0,00000
;2,71400;0,87052;0,83883;0,00000;0,00000
;2,71450;0,90640;0,84068;0,00000;0,00000
;2,71500;0,89038;0,84268;0,00000;0,00000
;2,71550;0,84041;0,84485;0,00000;0,00000
;2,71600;0,90383;0,84716;0,00000;0,00000
;2,71650;0,88654;0,84957;0,00000;0,00000
;2,71700;0,94484;0,85211;0,00000;0,00000
;2,71750;0,89166;0,85484;0,00000;0,00000
;2,71800;0,93395;0,85779;0,00000;0,00000
;2,71850;0,87052;0,86098;0,00000;0,00000
;2,71900;0,97880;0,86436;0,00000;0,00000
;2,71950;0,91729;0,86796;0,00000;0,00000
;2,72000;0,93843;0,87179;0,00000;0,00000
;2,72050;0,84681;0,87582;0,00000;0,00000
;2,72100;0,85963;0,87987;0,00000;0,00000
;2,72150;0,93331;0,88377;0,00000;0,00000
;2,72200;0,95701;0,88743;0,00000;0,00000
;2,72250;0,90768;0,89091;0,00000;0,00000
;2,72300;0,92946;0,89426;0,00000;0,00000
;2,72350;0,86924;0,89746;0,00000;0,00000
;2,72400;0,92882;0,90043;0,00000;0,00000
;2,72450;0,89679;0,90312;0,00000;0,00000
;2,72500;0,96790;0,90555;0,00000;0,00000
;2,72550;0,91409;0,90775;0,00000;0,00000
;2,72600;0,91857;0,90978;0,00000;0,00000
;2,72650;0,91857;0,91166;0,00000;0,00000
;2,72700;0,97047;0,91339;0,00000;0,00000
;2,72750;0,86539;0,91499;0,00000;0,00000
;2,72800;0,87949;0,91644;0,00000;0,00000
;2,72850;0,87885;0,91761;0,00000;0,00000
;2,72900;0,93459;0,91842;0,00000;0,00000
;2,72950;0,88910;0,91887;0,00000;0,00000
;2,73000;0,94740;0,91902;0,00000;0,00000
;2,73050;0,91216;0,91895;0,00000;0,00000
;2,73100;0,89422;0,91873;0,00000;0,00000
;2,73150;0,95317;0,91839;0,00000;0,00000
;2,73200;0,90704;0,91798;0,00000;0,00000
;2,73250;0,85450;0,91753;0,00000;0,00000
;2,73300;0,93779;0,91701;0,00000;0,00000
;2,73350;0,89294;0,91639;0,00000;0,00000
;2,73400;0,97623;0,91571;0,00000;0,00000
;2,73450;0,94932;0,91509;0,00000;0,00000
;2,73500;0,93202;0,91466;0,00000;0,00000
;2,73550;0,93202;0,91448;0,00000;0,00000
;2,73600;0,89294;0,91454;0,00000;0,00000
;2,73650;0,94163;0,91478;0,00000;0,00000
;2,73700;0,94740;0,91518;0,00000;0,00000
;2,73750;0,87244;0,91572;0,00000;0,00000
;2,73800;0,90832;0,91634;0,00000;0,00000
;2,73850;0,94099;0,91694;0,00000;0,00000
;2,73900;0,98712;0,91754;0,00000;0,00000
;2,73950;0,92690;0,91823;0,00000;0,00000
;2,74000;0,93459;0,91907;0,00000;0,00000
;2,74050;0,92305;0,92004;0,00000;0,00000
;2,74100;0,94868;0,92111;0,00000;0,00000
;2,74150;0,97239;0,92227;0,00000;0,00000
;2,74200;0,90576;0,92354;0,00000;0,00000
;2,74250;0,97303;0,92491;0,00000;0,00000
;2,74300;0,93843;0,92635;0,00000;0,00000
;2,74350;0,95957;0,92787;0,00000;0,00000
;2,74400;0,98905;0,92948;0,00000;0,00000
;2,74450;0,92498;0,93120;0,00000;0,00000
;2,74500;0,99289;0,93304;0,00000;0,00000
;2,74550;0,95701;0,93499;0,00000;0,00000
;2,74600;0,97239;0,93705;0,00000;0,00000
;2,74650;0,98456;0,93921;0,00000;0,00000
;2,74700;0,94996;0,94148;0,00000;0,00000
;2,74750;0,97880;0,94383;0,00000;0,00000
;2,74800;0,93587;0,94619;0,00000;0,00000
;2,74850;0,97559;0,94853;0,00000;0,00000
;2,74900;0,87821;0,95074;0,00000;0,00000
;2,74950;0,94356;0,95270;0,00000;0,00000
;2,75000;0,95893;0,95431;0,00000;0,00000
;2,75050;0,99289;0,95558;0,00000;0,00000
;2,75100;0,97047;0,95659;0,00000;0,00000
;2,75150;0,99417;0,95746;0,00000;0,00000
;2,75200;0,94612;0,95826;0,00000;0,00000
;2,75250;0,95317;0,95900;0,00000;0,00000
;2,75300;1,01339;0,95970;0,00000;0,00000
;2,75350;1,02813;0,96041;0,00000;0,00000
;2,75400;0,96214;0,96124;0,00000;0,00000
;2,75450;1,00699;0,96227;0,00000;0,00000
;2,75500;0,98008;0,96348;0,00000;0,00000
;2,75550;1,00506;0,96487;0,00000;0,00000
;2,75600;0,99353;0,96643;0,00000;0,00000
;2,75650;1,06273;0,96818;0,00000;0,00000
;2,75700;0,97239;0,97016;0,00000;0,00000
;2,75750;1,04479;0,97240;0,00000;0,00000
;2,75800;1,02364;0,97487;0,00000;0,00000
;2,75850;1,05440;0,97760;0,00000;0,00000
;2,75900;0,99161;0,98060;0,00000;0,00000
;2,75950;1,03966;0,98381;0,00000;0,00000
;2,76000;0,99802;0,98717;0,00000;0,00000
;2,76050;1,01980;0,99059;0,00000;0,00000
;2,76100;1,07298;0,99401;0,00000;0,00000
;2,76150;1,06529;0,99747;0,00000;0,00000
;2,76200;1,02108;1,00100;0,00000;0,00000
;2,76250;1,07554;1,00462;0,00000;0,00000
;2,76300;1,06401;1,00830;0,00000;0,00000
;2,76350;1,10822;1,01209;0,00000;0,00000
;2,76400;1,04158;1,01602;0,00000;0,00000
;2,76450;1,08451;1,02009;0,00000;0,00000
;2,76500;1,04735;1,02426;0,00000;0,00000
;2,76550;1,10629;1,02847;0,00000;0,00000
;2,76600;1,05119;1,03269;0,00000;0,00000
;2,76650;1,06016;1,03688;0,00000;0,00000
;2,76700;1,05055;1,04097;0,00000;0,00000
;2,76750;1,06721;1,04486;0,00000;0,00000
;2,76800;1,08067;1,04851;0,00000;0,00000
;2,76850;1,06593;1,05190;0,00000;0,00000
;2,76900;1,02557;1,05501;0,00000;0,00000
;2,76950;1,06593;1,05779;0,00000;0,00000
;2,77000;1,04543;1,06018;0,00000;0,00000
;2,77050;1,08195;1,06217;0,00000;0,00000
;2,77100;1,07298;1,06380;0,00000;0,00000
;2,77150;1,10565;1,06514;0,00000;0,00000
;2,77200;1,06273;1,06629;0,00000;0,00000
;2,77250;1,08964;1,06730;0,00000;0,00000
;2,77300;1,13128;1,06823;0,00000;0,00000
;2,77350;1,10309;1,06920;0,00000;0,00000
;2,77400;1,05504;1,07026;0,00000;0,00000
;2,77450;1,13512;1,07143;0,00000;0,00000
;2,77500;1,01339;1,07268;0,00000;0,00000
;2,77550;1,09348;1,07394;0,00000;0,00000
;2,77600;1,02300;1,07511;0,00000;0,00000
;2,77650;1,11270;1,07612;0,00000;0,00000
;2,77700;1,07426;1,07694;0,00000;0,00000
;2,77750;1,10373;1,07764;0,00000;0,00000
;2,77800;1,07234;1,07825;0,00000;0,00000
;2,77850;1,16588;1,07884;0,00000;0,00000
;2,77900;1,08067;1,07949;0,00000;0,00000
;2,77950;1,14409;1,08030;0,00000;0,00000
;2,78000;1,04479;1,08129;0,00000;0,00000
;2,78050;1,08835;1,08241;0,00000;0,00000
;2,78100;1,04927;1,08356;0,00000;0,00000
;2,78150;1,18190;1,08465;0,00000;0,00000
;2,78200;1,07938;1,08575;0,00000;0,00000
;2,78250;1,15627;1,08693;0,00000;0,00000
;2,78300;1,07554;1,08823;0,00000;0,00000
;2,78350;1,10437;1,08965;0,00000;0,00000
;2,78400;1,11847;1,09112;0,00000;0,00000
;2,78450;1,11206;1,09264;0,00000;0,00000
;2,78500;1,10373;1,09419;0,00000;0,00000
;2,78550;1,13769;1,09576;0,00000;0,00000
;2,78600;1,05888;1,09734;0,00000;0,00000
;2,78650;1,11526;1,09887;0,00000;0,00000
;2,78700;1,06465;1,10028;0,00000;0,00000
;2,78750;1,08323;1,10149;0,00000;0,00000
;2,78800;1,06785;1,10243;0,00000;0,00000
;2,78850;1,15050;1,10307;0,00000;0,00000
;2,78900;1,12744;1,10348;0,00000;0,00000
;2,78950;1,05632;1,10377;0,00000;0,00000
;2,79000;1,10373;1,10394;0,00000;0,00000
;2,79050;1,13833;1,10398;0,00000;0,00000
;2,79100;1,07234;1,10394;0,00000;0,00000
;2,79150;1,10181;1,10383;0,00000;0,00000
;2,79200;1,13961;1,10368;0,00000;0,00000
;2,79250;1,13000;1,10354;0,00000;0,00000
;2,79300;1,13384;1,10350;0,00000;0,00000
;2,79350;1,04863;1,10361;0,00000;0,00000
;2,79400;1,10437;1,10379;0,00000;0,00000
;2,79450;1,09668;1,10396;0,00000;0,00000
;2,79500;1,09796;1,10408;0,00000;0,00000
;2,79550;1,12359;1,10415;0,00000;0,00000
;2,79600;1,05760;1,10419;0,00000;0,00000
;2,79650;1,15563;1,10417;0,00000;0,00000
;2,79700;1,14153;1,10415;0,00000;0,00000
;2,79750;1,07490;1,10420;0,00000;0,00000
;2,79800;1,10437;1,10434;0,00000;0,00000
;2,79850;1,13128;1,10452;0,00000;0,00000
;2,79900;1,17677;1,10479;0,00000;0,00000
;2,79950;1,12487;1,10523;0,00000;0,00000
;2,80000;1,10565;1,10590;0,00000;0,00000
;2,80050;1,14217;1,10679;0,00000;0,00000
;2,80100;1,07810;1,10784;0,00000;0,00000
;2,80150;1,10373;1,10897;0,00000;0,00000
;2,80200;1,08643;1,11006;0,00000;0,00000
;2,80250;1,08002;1,11102;0,00000;0,00000
;2,80300;1,09092;1,11177;0,00000;0,00000
;2,80350;1,07362;1,11223;0,00000;0,00000
;2,80400;1,17228;1,11241;0,00000;0,00000
;2,80450;1,04543;1,11237;0,00000;0,00000
;2,80500;1,18510;1,11216;0,00000;0,00000
;2,80550;1,08771;1,11187;0,00000;0,00000
;2,80600;1,14153;1,11158;0,00000;0,00000
;2,80650;1,07746;1,11132;0,00000;0,00000
;2,80700;1,17100;1,11110;0,00000;0,00000
;2,80750;1,14922;1,11099;0,00000;0,00000
;2,80800;1,12039;1,11107;0,00000;0,00000
;2,80850;1,14153;1,11138;0,00000;0,00000
;2,80900;1,11078;1,11192;0,00000;0,00000
;2,80950;1,14922;1,11265;0,00000;0,00000
;2,81000;1,20816;1,11359;0,00000;0,00000
;2,81050;1,14666;1,11482;0,00000;0,00000
;2,81100;1,20304;1,11642;0,00000;0,00000
;2,81150;1,14538;1,11842;0,00000;0,00000
;2,81200;1,18574;1,12081;0,00000;0,00000
;2,81250;1,10565;1,12352;0,00000;0,00000
;2,81300;1,23251;1,12648;0,00000;0,00000
;2,81350;1,13320;1,12962;0,00000;0,00000
;2,81400;1,21649;1,13293;0,00000;0,00000
;2,81450;1,12423;1,13638;0,00000;0,00000
;2,81500;1,17613;1,13987;0,00000;0,00000
;2,81550;1,10757;1,14332;0,00000;0,00000
;2,81600;1,24020;1,14660;0,00000;0,00000
;2,81650;1,13961;1,14972;0,00000;0,00000
;2,81700;1,17228;1,15269;0,00000;0,00000
;2,81750;1,17036;1,15547;0,00000;0,00000
;2,81800;1,26454;1,15808;0,00000;0,00000
;2,81850;1,12423;1,16060;0,00000;0,00000
;2,81900;1,18382;1,16305;0,00000;0,00000
;2,81950;1,15370;1,16537;0,00000;0,00000
;2,82000;1,20560;1,16750;0,00000;0,00000
;2,82050;1,20432;1,16947;0,00000;0,00000
;2,82100;1,26390;1,17135;0,00000;0,00000
;2,82150;1,14281;1,17326;0,00000;0,00000
;2,82200;1,18830;1,17520;0,00000;0,00000
;2,82250;1,13384;1,17708;0,00000;0,00000
;2,82300;1,23251;1,17881;0,00000;0,00000
;2,82350;1,21713;1,18039;0,00000;0,00000
;2,82400;1,22482;1,18190;0,00000;0,00000
;2,82450;1,18958;1,18344;0,00000;0,00000
;2,82500;1,26454;1,18502;0,00000;0,00000
;2,82550;1,16460;1,18670;0,00000;0,00000
;2,82600;1,22931;1,18846;0,00000;0,00000
;2,82650;1,14922;1,19025;0,00000;0,00000
;2,82700;1,21393;1,19198;0,00000;0,00000
;2,82750;1,19151;1,19359;0,00000;0,00000
;2,82800;1,22226;1,19506;0,00000;0,00000
;2,82850;1,14666;1,19639;0,00000;0,00000
;2,82900;1,13769;1,19750;0,00000;0,00000
;2,82950;1,13192;1,19826;0,00000;0,00000
;2,83000;1,19663;1,19854;0,00000;0,00000
;2,83050;1,16139;1,19834;0,00000;0,00000
;2,83100;1,22610;1,19773;0,00000;0,00000
;2,83150;1,13769;1,19681;0,00000;0,00000
;2,83200;1,18830;1,19565;0,00000;0,00000
;2,83250;1,28441;1,19432;0,00000;0,00000
;2,83300;1,24340;1,19303;0,00000;0,00000
;2,83350;1,17549;1,19199;0,00000;0,00000
;2,83400;1,16780;1,19125;0,00000;0,00000
;2,83450;1,16075;1,19071;0,00000;0,00000
;2,83500;1,23187;1,19028;0,00000;0,00000
;2,83550;1,18190;1,18996;0,00000;0,00000
;2,83600;1,20688;1,18977;0,00000;0,00000
;2,83650;1,17164;1,18970;0,00000;0,00000
;2,83700;1,23251;1,18974;0,00000;0,00000
;2,83750;1,14922;1,18987;0,00000;0,00000
;2,83800;1,20688;1,19007;0,00000;0,00000
;2,83850;1,13128;1,19027;0,00000;0,00000
;2,83900;1,17100;1,19039;0,00000;0,00000
;2,83950;1,18702;1,19035;0,00000;0,00000
;2,84000;1,10629;1,19011;0,00000;0,00000
;2,84050;1,16267;1,18960;0,00000;0,00000
;2,84100;1,12551;1,18876;0,00000;0,00000
;2,84150;1,12808;1,18753;0,00000;0,00000
;2,84200;1,15306;1,18589;0,00000;0,00000
;2,84250;1,13769;1,18386;0,00000;0,00000
;2,84300;1,17613;1,18151;0,00000;0,00000
;2,84350;1,18446;1,17895;0,00000;0,00000
;2,84400;1,17357;1,17632;0,00000;0,00000
;2,84450;1,18958;1,17376;0,00000;0,00000
;2,84500;1,17997;1,17138;0,00000;0,00000
;2,84550;1,17293;1,16926;0,00000;0,00000
;2,84600;1,15755;1,16745;0,00000;0,00000
;2,84650;1,18318;1,16593;0,00000;0,00000
;2,84700;1,16460;1,16471;0,00000;0,00000
;2,84750;1,14281;1,16377;0,00000;0,00000
;2,84800;1,12103;1,16303;0,00000;0,00000
;2,84850;1,20368;1,16240;0,00000;0,00000
;2,84900;1,18190;1,16189;0,00000;0,00000
;2,84950;1,17100;1,16155;0,00000;0,00000
;2,85000;1,15627;1,16140;0,00000;0,00000
;2,85050;1,16460;1,16140;0,00000;0,00000
;2,85100;1,14409;1,16151;0,00000;0,00000
;2,85150;1,17997;1,16169;0,00000;0,00000
;2,85200;1,21457;1,16193;0,00000;0,00000
;2,85250;1,19151;1,16230;0,00000;0,00000
;2,85300;1,13064;1,16285;0,00000;0,00000
;2,85350;1,13961;1,16351;0,00000;0,00000
;2,85400;1,19855;1,16418;0,00000;0,00000
;2,85450;1,13961;1,16482;0,00000;0,00000
;2,85500;1,15370;1,16541;0,00000;0,00000
;2,85550;1,13192;1,16589;0,00000;0,00000
;2,85600;1,16780;1,16620;0,00000;0,00000
;2,85650;1,14153;1,16631;0,00000;0,00000
;2,85700;1,12808;1,16623;0,00000;0,00000
;2,85750;1,16460;1,16592;0,00000;0,00000
;2,85800;1,11270;1,16538;0,00000;0,00000
;2,85850;1,16716;1,16461;0,00000;0,00000
;2,85900;1,14730;1,16363;0,00000;0,00000
;2,85950;1,15499;1,16251;0,00000;0,00000
;2,86000;1,15435;1,16129;0,00000;0,00000
;2,86050;1,23956;1,16006;0,00000;0,00000
;2,86100;1,20880;1,15898;0,00000;0,00000
;2,86150;1,21970;1,15825;0,00000;0,00000
;2,86200;1,15627;1,15797;0,00000;0,00000
;2,86250;1,20112;1,15815;0,00000;0,00000
;2,86300;1,21201;1,15875;0,00000;0,00000
;2,86350;1,18638;1,15977;0,00000;0,00000
;2,86400;1,19471;1,16118;0,00000;0,00000
;2,86450;1,22867;1,16294;0,00000;0,00000
;2,86500;1,20304;1,16504;0,00000;0,00000
;2,86550;1,14730;1,16742;0,00000;0,00000
;2,86600;1,13384;1,16996;0,00000;0,00000
;2,86650;1,16652;1,17243;0,00000;0,00000
;2,86700;1,13128;1,17468;0,00000;0,00000
;2,86750;1,21457;1,17661;0,00000;0,00000
;2,86800;1,16139;1,17820;0,00000;0,00000
;2,86850;1,23956;1,17952;0,00000;0,00000
;2,86900;1,15947;1,18064;0,00000;0,00000
;2,86950;1,19407;1,18161;0,00000;0,00000
;2,87000;1,18638;1,18246;0,00000;0,00000
;2,87050;1,24468;1,18321;0,00000;0,00000
;2,87100;1,21073;1,18395;0,00000;0,00000
;2,87150;1,18574;1,18478;0,00000;0,00000
;2,87200;1,19343;1,18569;0,00000;0,00000
;2,87250;1,21970;1,18666;0,00000;0,00000
;2,87300;1,20496;1,18769;0,00000;0,00000
;2,87350;1,24148;1,18881;0,00000;0,00000
;2,87400;1,17485;1,19005;0,00000;0,00000
;2,87450;1,17613;1,19136;0,00000;0,00000
;2,87500;1,22354;1,19267;0,00000;0,00000
;2,87550;1,22482;1,19395;0,00000;0,00000
;2,87600;1,18254;1,19522;0,00000;0,00000
;2,87650;1,15499;1,19644;0,00000;0,00000
;2,87700;1,17677;1,19752;0,00000;0,00000
;2,87750;1,24020;1,19838;0,00000;0,00000
;2,87800;1,17805;1,19904;0,00000;0,00000
;2,87850;1,18830;1,19954;0,00000;0,00000
;2,87900;1,17164;1,19987;0,00000;0,00000
;2,87950;1,18766;1,20000;0,00000;0,00000
;2,88000;1,15563;1,19991;0,00000;0,00000
;2,88050;1,18830;1,19956;0,00000;0,00000
;2,88100;1,18190;1,19896;0,00000;0,00000
;2,88150;1,20112;1,19815;0,00000;0,00000
;2,88200;1,18382;1,19720;0,00000;0,00000
;2,88250;1,17933;1,19615;0,00000;0,00000
;2,88300;1,22674;1,19506;0,00000;0,00000
;2,88350;1,21073;1,19399;0,00000;0,00000
;2,88400;1,12295;1,19302;0,00000;0,00000
;2,88450;1,20624;1,19211;0,00000;0,00000
;2,88500;1,09732;1,19118;0,00000;0,00000
;2,88550;1,20240;1,19015;0,00000;0,00000
;2,88600;1,17933;1,18900;0,00000;0,00000
;2,88650;1,21201;1,18777;0,00000;0,00000
;2,88700;1,14089;1,18655;0,00000;0,00000
;2,88750;1,13320;1,18533;0,00000;0,00000
;2,88800;1,16716;1,18405;0,00000;0,00000
;2,88850;1,11911;1,18264;0,00000;0,00000
;2,88900;1,15947;1,18106;0,00000;0,00000
;2,88950;1,19791;1,17933;0,00000;0,00000
;2,89000;1,11398;1,17750;0,00000;0,00000
;2,89050;1,18958;1,17562;0,00000;0,00000
;2,89100;1,10245;1,17369;0,00000;0,00000
;2,89150;1,15563;1,17170;0,00000;0,00000
;2,89200;1,16139;1,16966;0,00000;0,00000
;2,89250;1,18574;1,16760;0,00000;0,00000
;2,89300;1,08899;1,16559;0,00000;0,00000
;2,89350;1,18702;1,16364;0,00000;0,00000
;2,89400;1,14666;1,16175;0,00000;0,00000
;2,89450;1,17293;1,15997;0,00000;0,00000
;2,89500;1,15178;1,15834;0,00000;0,00000
;2,89550;1,12039;1,15688;0,00000;0,00000
;2,89600;1,12423;1,15555;0,00000;0,00000
;2,89650;1,10181;1,15426;0,00000;0,00000
;2,89700;1,11783;1,15292;0,00000;0,00000
;2,89750;1,11462;1,15145;0,00000;0,00000
;2,89800;1,10501;1,14984;0,00000;0,00000
;2,89850;1,09925;1,14804;0,00000;0,00000
;2,89900;1,09604;1,14603;0,00000;0,00000
;2,89950;1,11014;1,14379;0,00000;0,00000
;2,90000;1,12615;1,14136;0,00000;0,00000
;2,90050;1,08771;1,13877;0,00000;0,00000
;2,90100;1,11526;1,13609;0,00000;0,00000
;2,90150;1,15050;1,13335;0,00000;0,00000
;2,90200;1,14089;1,13067;0,00000;0,00000
;2,90250;1,15114;1,12819;0,00000;0,00000
;2,90300;1,09540;1,12598;0,00000;0,00000
;2,90350;1,01275;1,12402;0,00000;0,00000
;2,90400;1,12039;1,12215;0,00000;0,00000
;2,90450;1,09796;1,12027;0,00000;0,00000
;2,90500;1,07682;1,11836;0,00000;0,00000
;2,90550;1,06080;1,11641;0,00000;0,00000
;2,90600;1,06080;1,11437;0,00000;0,00000
;2,90650;1,10373;1,11217;0,00000;0,00000
;2,90700;1,06977;1,10985;0,00000;0,00000
;2,90750;1,04799;1,10743;0,00000;0,00000
;2,90800;1,13448;1,10491;0,00000;0,00000
;2,90850;1,11783;1,10239;0,00000;0,00000
;2,90900;1,12487;1,10001;0,00000;0,00000
;2,90950;1,06977;1,09789;0,00000;0,00000
;2,91000;1,12487;1,09606;0,00000;0,00000
;2,91050;1,11078;1,09454;0,00000;0,00000
;2,91100;1,10501;1,09336;0,00000;0,00000
;2,91150;1,02364;1,09250;0,00000;0,00000
;2,91200;1,10822;1,09185;0,00000;0,00000
;2,91250;1,01724;1,09128;0,00000;0,00000
;2,91300;1,13512;1,09073;0,00000;0,00000
;2,91350;1,09989;1,09017;0,00000;0,00000
;2,91400;1,13961;1,08970;0,00000;0,00000
;2,91450;1,05632;1,08939;0,00000;0,00000
;2,91500;1,11398;1,08924;0,00000;0,00000
;2,91550;1,06337;1,08922;0,00000;0,00000
;2,91600;1,14538;1,08930;0,00000;0,00000
;2,91650;1,03646;1,08948;0,00000;0,00000
;2,91700;1,07746;1,08971;0,00000;0,00000
;2,91750;1,10565;1,08992;0,00000;0,00000
;2,91800;1,13641;1,09010;0,00000;0,00000
;2,91850;1,10822;1,09033;0,00000;0,00000
;2,91900;1,09796;1,09069;0,00000;0,00000
;2,91950;1,03133;1,09114;0,00000;0,00000
;2,92000;1,16139;1,09162;0,00000;0,00000
;2,92050;1,05183;1,09209;0,00000;0,00000
;2,92100;1,17933;1,09259;0,00000;0,00000
;2,92150;1,05696;1,09315;0,00000;0,00000
;2,92200;1,13577;1,09381;0,00000;0,00000
;2,92250;1,06721;1,09454;0,00000;0,00000
;2,92300;1,14217;1,09531;0,00000;0,00000
;2,92350;1,02941;1,09609;0,00000;0,00000
;2,92400;1,10950;1,09682;0,00000;0,00000
;2,92450;1,03133;1,09740;0,00000;0,00000
;2,92500;1,08707;1,09775;0,00000;0,00000
;2,92550;1,01211;1,09780;0,00000;0,00000
;2,92600;1,13769;1,09748;0,00000;0,00000
;2,92650;1,07041;1,09684;0,00000;0,00000
;2,92700;1,15819;1,09600;0,00000;0,00000
;2,92750;1,09220;1,09511;0,00000;0,00000
;2,92800;1,12615;1,09430;0,00000;0,00000
;2,92850;1,01852;1,09361;0,00000;0,00000
;2,92900;1,08579;1,09298;0,00000;0,00000
;2,92950;1,05312;1,09231;0,00000;0,00000
;2,93000;1,07490;1,09155;0,00000;0,00000
;2,93050;1,07298;1,09067;0,00000;0,00000
;2,93100;1,09156;1,08969;0,00000;0,00000
;2,93150;1,01083;1,08861;0,00000;0,00000
;2,93200;1,06401;1,08739;0,00000;0,00000
;2,93250;1,00058;1,08597;0,00000;0,00000
;2,93300;1,04222;1,08426;0,00000;0,00000
;2,93350;1,04030;1,08224;0,00000;0,00000
;2,93400;1,05952;1,07993;0,00000;0,00000
;2,93450;1,06849;1,07739;0,00000;0,00000
;2,93500;1,03389;1,07474;0,00000;0,00000
;2,93550;1,05760;1,07203;0,00000;0,00000
;2,93600;1,08707;1,06933;0,00000;0,00000
;2,93650;1,03133;1,06672;0,00000;0,00000
;2,93700;1,10245;1,06428;0,00000;0,00000
;2,93750;0,99033;1,06205;0,00000;0,00000
;2,93800;1,07618;1,06001;0,00000;0,00000
;2,93850;1,01596;1,05813;0,00000;0,00000
;2,93900;1,06657;1,05639;0,00000;0,00000
;2,93950;1,03197;1,05478;0,00000;0,00000
;2,94000;1,03646;1,05329;0,00000;0,00000
;2,94050;0,97687;1,05188;0,00000;0,00000
;2,94100;1,00250;1,05044;0,00000;0,00000
;2,94150;1,02108;1,04887;0,00000;0,00000
;2,94200;1,03582;1,04714;0,00000;0,00000
;2,94250;1,00442;1,04528;0,00000;0,00000
;2,94300;1,01852;1,04331;0,00000;0,00000
;2,94350;0,94932;1,04123;0,00000;0,00000
;2,94400;1,01211;1,03898;0,00000;0,00000
;2,94450;1,00314;1,03652;0,00000;0,00000
;2,94500;1,00250;1,03389;0,00000;0,00000
;2,94550;1,02236;1,03116;0,00000;0,00000
;2,94600;0,98328;1,02837;0,00000;0,00000
;2,94650;0,96598;1,02557;0,00000;0,00000
;2,94700;1,01596;1,02273;0,00000;0,00000
;2,94750;0,95381;1,01985;0,00000;0,00000
;2,94800;0,95445;1,01693;0,00000;0,00000
;2,94850;0,94228;1,01391;0,00000;0,00000
;2,94900;0,95701;1,01073;0,00000;0,00000
;2,94950;0,95893;1,00735;0,00000;0,00000
;2,95000;0,93907;1,00380;0,00000;0,00000
;2,95050;0,95509;1,00008;0,00000;0,00000
;2,95100;0,86411;0,99619;0,00000;0,00000
;2,95150;1,01339;0,99210;0,00000;0,00000
;2,95200;0,94740;0,98786;0,00000;0,00000
;2,95250;0,97495;0,98360;0,00000;0,00000
;2,95300;0,92370;0,97945;0,00000;0,00000
;2,95350;0,94676;0,97543;0,00000;0,00000
;2,95400;0,95253;0,97156;0,00000;0,00000
;2,95450;0,97944;0,96789;0,00000;0,00000
;2,95500;0,95957;0,96450;0,00000;0,00000
;2,95550;0,98776;0,96147;0,00000;0,00000
;2,95600;0,86988;0,95882;0,00000;0,00000
;2,95650;0,97047;0,95649;0,00000;0,00000
;2,95700;0,90127;0,95438;0,00000;0,00000
;2,95750;0,91537;0,95243;0,00000;0,00000
;2,95800;0,93074;0,95055;0,00000;0,00000
;2,95850;0,99161;0,94874;0,00000;0,00000
;2,95900;0,97623;0,94708;0,00000;0,00000
;2,95950;0,97880;0,94569;0,00000;0,00000
;2,96000;0,94035;0,94466;0,00000;0,00000
;2,96050;0,96854;0,94398;0,00000;0,00000
;2,96100;0,89679;0,94362;0,00000;0,00000
;2,96150;0,92626;0,94346;0,00000;0,00000
;2,96200;0,88782;0,94337;0,00000;0,00000
;2,96250;0,94292;0,94321;0,00000;0,00000
;2,96300;0,91344;0,94293;0,00000;0,00000
;2,96350;0,96918;0,94252;0,00000;0,00000
;2,96400;0,97047;0,94205;0,00000;0,00000
;2,96450;0,92754;0,94159;0,00000;0,00000
;2,96500;0,93074;0,94119;0,00000;0,00000
;2,96550;1,02172;0,94087;0,00000;0,00000
;2,96600;0,94548;0,94069;0,00000;0,00000
;2,96650;0,91473;0,94073;0,00000;0,00000
;2,96700;0,90447;0,94092;0,00000;0,00000
;2,96750;0,95637;0,94113;0,00000;0,00000
;2,96800;0,87757;0,94129;0,00000;0,00000
;2,96850;0,92754;0,94132;0,00000;0,00000
;2,96900;0,89230;0,94115;0,00000;0,00000
;2,96950;0,90768;0,94072;0,00000;0,00000
;2,97000;0,90576;0,93999;0,00000;0,00000
;2,97050;0,94548;0,93897;0,00000;0,00000
;2,97100;0,92370;0,93774;0,00000;0,00000
;2,97150;0,95637;0,93638;0,00000;0,00000
;2,97200;0,83720;0,93496;0,00000;0,00000
;2,97250;0,94292;0,93345;0,00000;0,00000
;2,97300;0,94932;0,93184;0,00000;0,00000
;2,97350;0,97239;0,93025;0,00000;0,00000
;2,97400;0,83079;0,92877;0,00000;0,00000
;2,97450;0,96470;0,92739;0,00000;0,00000
;2,97500;0,90576;0,92607;0,00000;0,00000
;2,97550;0,93459;0,92484;0,00000;0,00000
;2,97600;0,87821;0,92371;0,00000;0,00000
;2,97650;0,97303;0,92267;0,00000;0,00000
;2,97700;0,89102;0,92173;0,00000;0,00000
;2,97750;0,90960;0,92091;0,00000;0,00000
;2,97800;0,93074;0,92018;0,00000;0,00000
;2,97850;0,90640;0,91953;0,00000;0,00000
;2,97900;0,83592;0,91893;0,00000;0,00000
;2,97950;0,90255;0,91826;0,00000;0,00000
;2,98000;0,85899;0,91742;0,00000;0,00000
;2,98050;0,91280;0,91636;0,00000;0,00000
;2,98100;0,89935;0,91510;0,00000;0,00000
;2,98150;0,86603;0,91367;0,00000;0,00000
;2,98200;0,89102;0,91208;0,00000;0,00000
;2,98250;0,93331;0,91038;0,00000;0,00000
;2,98300;0,86796;0,90862;0,00000;0,00000
;2,98350;0,92113;0,90687;0,00000;0,00000
;2,98400;0,88397;0,90517;0,00000;0,00000
;2,98450;0,91024;0,90355;0,00000;0,00000
;2,98500;0,84873;0,90204;0,00000;0,00000
;2,98550;0,90704;0,90059;0,00000;0,00000
;2,98600;0,87244;0,89919;0,00000;0,00000
;2,98650;0,86539;0,89781;0,00000;0,00000
;2,98700;0,91409;0,89646;0,00000;0,00000
;2,98750;0,90319;0,89515;0,00000;0,00000
;2,98800;0,88782;0,89394;0,00000;0,00000
;2,98850;0,80389;0,89284;0,00000;0,00000
;2,98900;0,79748;0,89170;0,00000;0,00000
;2,98950;0,84425;0,89033;0,00000;0,00000
;2,99000;0,85322;0,88862;0,00000;0,00000
;2,99050;0,77762;0,88655;0,00000;0,00000
;2,99100;0,84489;0,88410;0,00000;0,00000
;2,99150;0,94163;0,88128;0,00000;0,00000
;2,99200;0,84169;0,87829;0,00000;0,00000
;2,99250;0,88397;0,87532;0,00000;0,00000
;2,99300;0,86988;0,87247;0,00000;0,00000
;2,99350;0,86347;0,86982;0,00000;0,00000
;2,99400;0,83720;0,86742;0,00000;0,00000
;2,99450;0,85258;0,86524;0,00000;0,00000
;2,99500;0,85386;0,86325;0,00000;0,00000
;2,99550;0,85450;0,86145;0,00000;0,00000
;2,99600;0,79428;0,85981;0,00000;0,00000
;2,99650;0,87052;0,85827;0,00000;0,00000
;2,99700;0,84041;0,85678;0,00000;0,00000
;2,99750;0,79171;0,85534;0,00000;0,00000
;2,99800;0,83144;0,85389;0,00000;0,00000
;2,99850;0,82247;0,85238;0,00000;0,00000
;2,99900;0,80196;0,85075;0,00000;0,00000
;2,99950;0,86027;0,84903;0,00000;0,00000
;3,00000;0,73341;0,84719;0,00000;0,00000
;3,00050;0,79171;0,84517;0,00000;0,00000
;3,00100;0,74943;0,84287;0,00000;0,00000
;3,00150;0,80645;0,84021;0,00000;0,00000
;3,00200;0,78915;0,83720;0,00000;0,00000
;3,00250;0,75647;0,83389;0,00000;0,00000
;3,00300;0,82503;0,83033;0,00000;0,00000
;3,00350;0,76352;0,82658;0,00000;0,00000
;3,00400;0,82054;0,82274;0,00000;0,00000
;3,00450;0,83912;0,81892;0,00000;0,00000
;3,00500;0,79492;0,81526;0,00000;0,00000
;3,00550;0,80901;0,81187;0,00000;0,00000
;3,00600;0,79428;0,80880;0,00000;0,00000
;3,00650;0,77826;0,80605;0,00000;0,00000
;3,00700;0,74622;0,80357;0,00000;0,00000
;3,00750;0,73789;0,80125;0,00000;0,00000
;3,00800;0,76993;0,79898;0,00000;0,00000
;3,00850;0,75711;0,79668;0,00000;0,00000
;3,00900;0,80453;0,79435;0,00000;0,00000
;3,00950;0,81734;0,79206;0,00000;0,00000
;3,01000;0,78595;0,78992;0,00000;0,00000
;3,01050;0,73725;0,78799;0,00000;0,00000
;3,01100;0,75776;0,78622;0,00000;0,00000
;3,01150;0,74815;0,78454;0,00000;0,00000
;3,01200;0,86539;0,78292;0,00000;0,00000
;3,01250;0,78082;0,78145;0,00000;0,00000
;3,01300;0,76032;0,78025;0,00000;0,00000
;3,01350;0,78466;0,77929;0,00000;0,00000
;3,01400;0,77121;0,77854;0,00000;0,00000
;3,01450;0,71098;0,77793;0,00000;0,00000
;3,01500;0,79876;0,77736;0,00000;0,00000
;3,01550;0,71419;0,77677;0,00000;0,00000
;3,01600;0,74750;0,77609;0,00000;0,00000
;3,01650;0,77185;0,77527;0,00000;0,00000
;3,01700;0,74943;0,77431;0,00000;0,00000
;3,01750;0,74494;0,77322;0,00000;0,00000
;3,01800;0,76416;0,77201;0,00000;0,00000
;3,01850;0,76737;0,77072;0,00000;0,00000
;3,01900;0,79556;0,76940;0,00000;0,00000
;3,01950;0,78018;0,76814;0,00000;0,00000
;3,02000;0,81093;0,76706;0,00000;0,00000
;3,02050;0,81798;0,76624;0,00000;0,00000
;3,02100;0,75711;0,76578;0,00000;0,00000
;3,02150;0,75711;0,76566;0,00000;0,00000
;3,02200;0,79940;0,76581;0,00000;0,00000
;3,02250;0,70522;0,76616;0,00000;0,00000
;3,02300;0,77505;0,76661;0,00000;0,00000
;3,02350;0,75007;0,76704;0,00000;0,00000
;3,02400;0,80517;0,76743;0,00000;0,00000
;3,02450;0,73405;0,76778;0,00000;0,00000
;3,02500;0,81157;0,76811;0,00000;0,00000
;3,02550;0,74879;0,76843;0,00000;0,00000
;3,02600;0,82503;0,76876;0,00000;0,00000
;3,02650;0,72828;0,76914;0,00000;0,00000
;3,02700;0,74558;0,76954;0,00000;0,00000
;3,02750;0,77185;0,76988;0,00000;0,00000
;3,02800;0,78531;0,77012;0,00000;0,00000
;3,02850;0,76416;0,77029;0,00000;0,00000
;3,02900;0,77313;0,77041;0,00000;0,00000
;3,02950;0,70906;0,77047;0,00000;0,00000
;3,03000;0,82375;0,77043;0,00000;0,00000
;3,03050;0,72572;0,77029;0,00000;0,00000
;3,03100;0,81734;0,77008;0,00000;0,00000
;3,03150;0,74558;0,76986;0,00000;0,00000
;3,03200;0,79299;0,76964;0,00000;0,00000
;3,03250;0,74750;0,76946;0,00000;0,00000
;3,03300;0,78979;0,76930;0,00000;0,00000
;3,03350;0,73533;0,76917;0,00000;0,00000
;3,03400;0,74366;0,76902;0,00000;0,00000
;3,03450;0,71355;0,76878;0,00000;0,00000
;3,03500;0,74558;0,76836;0,00000;0,00000
;3,03550;0,66229;0,76767;0,00000;0,00000
;3,03600;0,77057;0,76663;0,00000;0,00000
;3,03650;0,72828;0,76523;0,00000;0,00000
;3,03700;0,75968;0,76353;0,00000;0,00000
;3,03750;0,75647;0,76165;0,00000;0,00000
;3,03800;0,81093;0,75969;0,00000;0,00000
;3,03850;0,71675;0,75782;0,00000;0,00000
;3,03900;0,74622;0,75608;0,00000;0,00000
;3,03950;0,71034;0,75445;0,00000;0,00000
;3,04000;0,75711;0,75289;0,00000;0,00000
;3,04050;0,71611;0,75139;0,00000;0,00000
;3,04100;0,75968;0,74993;0,00000;0,00000
;3,04150;0,61808;0,74848;0,00000;0,00000
;3,04200;0,69625;0,74691;0,00000;0,00000
;3,04250;0,71483;0,74509;0,00000;0,00000
;3,04300;0,75776;0,74301;0,00000;0,00000
;3,04350;0,72636;0,74078;0,00000;0,00000
;3,04400;0,72828;0,73853;0,00000;0,00000
;3,04450;0,70650;0,73631;0,00000;0,00000
;3,04500;0,70394;0,73414;0,00000;0,00000
;3,04550;0,69945;0,73201;0,00000;0,00000
;3,04600;0,74750;0,72992;0,00000;0,00000
;3,04650;0,65140;0,72787;0,00000;0,00000
;3,04700;0,72892;0,72586;0,00000;0,00000
;3,04750;0,69240;0,72387;0,00000;0,00000
;3,04800;0,71931;0,72190;0,00000;0,00000
;3,04850;0,66165;0,71998;0,00000;0,00000
;3,04900;0,65460;0,71804;0,00000;0,00000
;3,04950;0,67190;0,71601;0,00000;0,00000
;3,05000;0,67767;0,71382;0,00000;0,00000
;3,05050;0,61872;0,71145;0,00000;0,00000
;3,05100;0,74494;0,70887;0,00000;0,00000
;3,05150;0,64884;0,70615;0,00000;0,00000
;3,05200;0,70073;0,70337;0,00000;0,00000
;3,05250;0,71739;0,70061;0,00000;0,00000
;3,05300;0,64115;0,69795;0,00000;0,00000
;3,05350;0,64627;0,69541;0,00000;0,00000
;3,05400;0,69689;0,69294;0,00000;0,00000
;3,05450;0,68472;0,69054;0,00000;0,00000
;3,05500;0,72380;0,68829;0,00000;0,00000
;3,05550;0,72572;0,68629;0,00000;0,00000
;3,05600;0,65460;0,68465;0,00000;0,00000
;3,05650;0,67382;0,68335;0,00000;0,00000
;3,05700;0,67318;0,68233;0,00000;0,00000
;3,05750;0,62962;0,68150;0,00000;0,00000
;3,05800;0,68151;0,68075;0,00000;0,00000
;3,05850;0,63282;0,68002;0,00000;0,00000
;3,05900;0,63282;0,67922;0,00000;0,00000
;3,05950;0,67126;0,67830;0,00000;0,00000
;3,06000;0,65717;0,67723;0,00000;0,00000
;3,06050;0,68920;0,67604;0,00000;0,00000
;3,06100;0,58349;0,67477;0,00000;0,00000
;3,06150;0,70586;0,67340;0,00000;0,00000
;3,06200;0,64115;0,67194;0,00000;0,00000
;3,06250;0,60527;0,67041;0,00000;0,00000
;3,06300;0,62065;0,66876;0,00000;0,00000
;3,06350;0,63410;0,66694;0,00000;0,00000
;3,06400;0,62449;0,66491;0,00000;0,00000
;3,06450;0,71739;0,66274;0,00000;0,00000
;3,06500;0,66165;0,66055;0,00000;0,00000
;3,06550;0,68728;0,65851;0,00000;0,00000
;3,06600;0,63346;0,65671;0,00000;0,00000
;3,06650;0,67767;0,65519;0,00000;0,00000
;3,06700;0,63474;0,65394;0,00000;0,00000
;3,06750;0,70394;0,65294;0,00000;0,00000
;3,06800;0,60719;0,65222;0,00000;0,00000
;3,06850;0,66998;0,65172;0,00000;0,00000
;3,06900;0,63602;0,65140;0,00000;0,00000
;3,06950;0,65973;0,65120;0,00000;0,00000
;3,07000;0,64371;0,65110;0,00000;0,00000
;3,07050;0,64756;0,65107;0,00000;0,00000
;3,07100;0,63923;0,65108;0,00000;0,00000
;3,07150;0,69305;0,65111;0,00000;0,00000
;3,07200;0,73533;0,65122;0,00000;0,00000
;3,07250;0,65845;0,65155;0,00000;0,00000
;3,07300;0,65845;0,65215;0,00000;0,00000
;3,07350;0,67511;0,65299;0,00000;0,00000
;3,07400;0,67575;0,65402;0,00000;0,00000
;3,07450;0,64499;0,65519;0,00000;0,00000
;3,07500;0,65909;0,65644;0,00000;0,00000
;3,07550;0,67703;0,65771;0,00000;0,00000
;3,07600;0,62449;0,65894;0,00000;0,00000
;3,07650;0,61424;0,66005;0,00000;0,00000
;3,07700;0,64435;0,66094;0,00000;0,00000
;3,07750;0,75840;0,66157;0,00000;0,00000
;3,07800;0,62129;0,66205;0,00000;0,00000
;3,07850;0,70842;0,66248;0,00000;0,00000
;3,07900;0,64371;0,66289;0,00000;0,00000
;3,07950;0,63602;0,66329;0,00000;0,00000
;3,08000;0,64115;0,66360;0,00000;0,00000
;3,08050;0,73021;0,66379;0,00000;0,00000
;3,08100;0,61360;0,66392;0,00000;0,00000
;3,08150;0,70970;0,66402;0,00000;0,00000
;3,08200;0,59246;0,66408;0,00000;0,00000
;3,08250;0,63731;0,66406;0,00000;0,00000
;3,08300;0,63987;0,66386;0,00000;0,00000
;3,08350;0,71483;0,66346;0,00000;0,00000
;3,08400;0,60847;0,66294;0,00000;0,00000
;3,08450;0,69817;0,66235;0,00000;0,00000
;3,08500;0,61808;0,66171;0,00000;0,00000
;3,08550;0,66806;0,66104;0,00000;0,00000
;3,08600;0,59950;0,66032;0,00000;0,00000
;3,08650;0,63026;0,65949;0,00000;0,00000
;3,08700;0,58797;0,65848;0,00000;0,00000
;3,08750;0,68279;0,65724;0,00000;0,00000
;3,08800;0,65524;0,65582;0,00000;0,00000
;3,08850;0,69753;0,65434;0,00000;0,00000
;3,08900;0,62834;0,65294;0,00000;0,00000
;3,08950;0,67767;0,65168;0,00000;0,00000
;3,09000;0,61360;0,65060;0,00000;0,00000
;3,09050;0,64948;0,64966;0,00000;0,00000
;3,09100;0,63859;0,64882;0,00000;0,00000
;3,09150;0,62769;0,64806;0,00000;0,00000
;3,09200;0,56875;0,64731;0,00000;0,00000
;3,09250;0,66998;0,64649;0,00000;0,00000
;3,09300;0,61872;0,64556;0,00000;0,00000
;3,09350;0,66485;0,64457;0,00000;0,00000
;3,09400;0,63410;0,64356;0,00000;0,00000
;3,09450;0,68920;0,64261;0,00000;0,00000
;3,09500;0,59310;0,64178;0,00000;0,00000
;3,09550;0,66421;0,64107;0,00000;0,00000
;3,09600;0,65076;0,64047;0,00000;0,00000
;3,09650;0,61232;0,63999;0,00000;0,00000
;3,09700;0,63474;0,63960;0,00000;0,00000
;3,09750;0,63346;0,63926;0,00000;0,00000
;3,09800;0,59502;0,63892;0,00000;0,00000
;3,09850;0,63666;0,63853;0,00000;0,00000
;3,09900;0,58092;0,63804;0,00000;0,00000
;3,09950;0,60783;0,63739;0,00000;0,00000
;3,10000;0,57644;0,63653;0,00000;0,00000
;3,10050;0,58861;0,63538;0,00000;0,00000
;3,10100;0,61808;0,63392;0,00000;0,00000
;3,10150;0,60783;0,63218;0,00000;0,00000
;3,10200;0,62769;0,63024;0,00000;0,00000
;3,10250;0,62385;0,62820;0,00000;0,00000
;3,10300;0,58989;0,62613;0,00000;0,00000
;3,10350;0,58925;0,62407;0,00000;0,00000
;3,10400;0,56106;0,62198;0,00000;0,00000
;3,10450;0,63026;0,61982;0,00000;0,00000
;3,10500;0,54697;0,61761;0,00000;0,00000
;3,10550;0,58797;0,61534;0,00000;0,00000
;3,10600;0,58028;0,61298;0,00000;0,00000
;3,10650;0,62577;0,61056;0,00000;0,00000
;3,10700;0,60976;0,60818;0,00000;0,00000
;3,10750;0,56939;0,60590;0,00000;0,00000
;3,10800;0,64627;0,60379;0,00000;0,00000
;3,10850;0,59310;0,60189;0,00000;0,00000
;3,10900;0,58092;0,60024;0,00000;0,00000
;3,10950;0,62513;0,59884;0,00000;0,00000
;3,11000;0,54633;0,59766;0,00000;0,00000
;3,11050;0,57259;0,59665;0,00000;0,00000
;3,11100;0,52839;0,59569;0,00000;0,00000
;3,11150;0,47969;0,59462;0,00000;0,00000
;3,11200;0,63731;0,59331;0,00000;0,00000
;3,11250;0,57708;0,59174;0,00000;0,00000
;3,11300;0,60079;0,59005;0,00000;0,00000
;3,11350;0,55081;0,58834;0,00000;0,00000
;3,11400;0,62385;0,58666;0,00000;0,00000
;3,11450;0,59374;0,58509;0,00000;0,00000
;3,11500;0,65909;0,58373;0,00000;0,00000
;3,11550;0,60911;0,58271;0,00000;0,00000
;3,11600;0,60463;0,58214;0,00000;0,00000
;3,11650;0,56234;0,58199;0,00000;0,00000
;3,11700;0,55466;0,58216;0,00000;0,00000
;3,11750;0,57388;0,58251;0,00000;0,00000
;3,11800;0,57195;0,58291;0,00000;0,00000
;3,11850;0,58092;0,58330;0,00000;0,00000
;3,11900;0,61360;0,58365;0,00000;0,00000
;3,11950;0,54440;0,58398;0,00000;0,00000
;3,12000;0,63538;0,58428;0,00000;0,00000
;3,12050;0,56939;0,58457;0,00000;0,00000
;3,12100;0,64627;0,58490;0,00000;0,00000
;3,12150;0,57708;0,58531;0,00000;0,00000
;3,12200;0,71034;0,58588;0,00000;0,00000
;3,12250;0,59758;0,58672;0,00000;0,00000
;3,12300;0,61680;0,58789;0,00000;0,00000
;3,12350;0,60271;0,58937;0,00000;0,00000
;3,12400;0,61040;0,59108;0,00000;0,00000
;3,12450;0,54825;0,59290;0,00000;0,00000
;3,12500;0,65332;0,59475;0,00000;0,00000
;3,12550;0,55530;0,59653;0,00000;0,00000
;3,12600;0,56811;0,59818;0,00000;0,00000
;3,12650;0,60207;0,59961;0,00000;0,00000
;3,12700;0,62577;0,60077;0,00000;0,00000
;3,12750;0,57900;0,60169;0,00000;0,00000
;3,12800;0,64243;0,60243;0,00000;0,00000
;3,12850;0,63346;0,60304;0,00000;0,00000
;3,12900;0,69945;0,60365;0,00000;0,00000
;3,12950;0,60014;0,60441;0,00000;0,00000
;3,13000;0,60591;0,60538;0,00000;0,00000
;3,13050;0,63090;0,60649;0,00000;0,00000
;3,13100;0,61168;0,60771;0,00000;0,00000
;3,13150;0,55273;0,60895;0,00000;0,00000
;3,13200;0,64307;0,61012;0,00000;0,00000
;3,13250;0,55530;0,61114;0,00000;0,00000
;3,13300;0,61296;0,61196;0,00000;0,00000
;3,13350;0,63795;0,61254;0,00000;0,00000
;3,13400;0,62898;0,61295;0,00000;0,00000
;3,13450;0,56234;0,61324;0,00000;0,00000
;3,13500;0,66293;0,61342;0,00000;0,00000
;3,13550;0,57964;0,61351;0,00000;0,00000
;3,13600;0,68087;0,61355;0,00000;0,00000
;3,13650;0,54697;0,61359;0,00000;0,00000
;3,13700;0,65076;0,61363;0,00000;0,00000
;3,13750;0,59438;0,61364;0,00000;0,00000
;3,13800;0,67831;0,61367;0,00000;0,00000
;3,13850;0,58669;0,61376;0,00000;0,00000
;3,13900;0,60911;0,61393;0,00000;0,00000
;3,13950;0,57388;0,61412;0,00000;0,00000
;3,14000;0,64115;0,61426;0,00000;0,00000
;3,14050;0,57452;0,61433;0,00000;0,00000
;3,14100;0,66934;0,61433;0,00000;0,00000
;3,14150;0,53608;0,61427;0,00000;0,00000
;3,14200;0,66229;0,61416;0,00000;0,00000
;3,14250;0,55850;0,61396;0,00000;0,00000
;3,14300;0,66485;0,61370;0,00000;0,00000
;3,14350;0,57644;0,61340;0,00000;0,00000
;3,14400;0,66421;0,61309;0,00000;0,00000
;3,14450;0,59694;0,61283;0,00000;0,00000
;3,14500;0,61937;0,61265;0,00000;0,00000
;3,14550;0,59950;0,61253;0,00000;0,00000
;3,14600;0,67767;0,61248;0,00000;0,00000
;3,14650;0,60911;0,61255;0,00000;0,00000
;3,14700;0,63666;0,61278;0,00000;0,00000
;3,14750;0,56683;0,61316;0,00000;0,00000
;3,14800;0,63090;0,61360;0,00000;0,00000
;3,14850;0,51878;0,61401;0,00000;0,00000
;3,14900;0,59758;0,61425;0,00000;0,00000
;3,14950;0,61616;0,61422;0,00000;0,00000
;3,15000;0,58349;0,61394;0,00000;0,00000
;3,15050;0,56042;0,61341;0,00000;0,00000
;3,15100;0,64435;0,61263;0,00000;0,00000
;3,15150;0,59886;0,61166;0,00000;0,00000
;3,15200;0,61744;0,61059;0,00000;0,00000
;3,15250;0,64756;0,60953;0,00000;0,00000
;3,15300;0,59053;0,60855;0,00000;0,00000
;3,15350;0,55466;0,60768;0,00000;0,00000
;3,15400;0,59886;0,60685;0,00000;0,00000
;3,15450;0,59182;0,60599;0,00000;0,00000
;3,15500;0,56747;0,60509;0,00000;0,00000
;3,15550;0,58028;0,60412;0,00000;0,00000
;3,15600;0,58541;0,60304;0,00000;0,00000
;3,15650;0,60591;0,60187;0,00000;0,00000
;3,15700;0,56042;0,60063;0,00000;0,00000
;3,15750;0,52262;0,59932;0,00000;0,00000
;3,15800;0,57772;0,59785;0,00000;0,00000
;3,15850;0,58156;0,59618;0,00000;0,00000
;3,15900;0,60655;0,59438;0,00000;0,00000
;3,15950;0,59950;0,59253;0,00000;0,00000
;3,16000;0,56747;0,59075;0,00000;0,00000
;3,16050;0,58989;0,58907;0,00000;0,00000
;3,16100;0,55337;0,58750;0,00000;0,00000
;3,16150;0,59118;0,58603;0,00000;0,00000
;3,16200;0,57452;0,58464;0,00000;0,00000
;3,16250;0,71739;0,58342;0,00000;0,00000
;3,16300;0,54761;0,58252;0,00000;0,00000
;3,16350;0,58541;0,58200;0,00000;0,00000
;3,16400;0,60271;0,58181;0,00000;0,00000
;3,16450;0,54697;0,58187;0,00000;0,00000
;3,16500;0,62065;0,58211;0,00000;0,00000
;3,16550;0,62834;0,58251;0,00000;0,00000
;3,16600;0,55658;0,58308;0,00000;0,00000
;3,16650;0,61488;0,58381;0,00000;0,00000
;3,16700;0,56234;0,58464;0,00000;0,00000
;3,16750;0,60079;0,58551;0,00000;0,00000
;3,16800;0,55850;0,58637;0,00000;0,00000
;3,16850;0,59502;0,58717;0,00000;0,00000
;3,16900;0,58221;0,58786;0,00000;0,00000
;3,16950;0,57452;0,58843;0,00000;0,00000
;3,17000;0,61424;0,58888;0,00000;0,00000
;3,17050;0,62705;0,58924;0,00000;0,00000
;3,17100;0,52903;0,58958;0,00000;0,00000
;3,17150;0,64692;0,58990;0,00000;0,00000
;3,17200;0,66421;0,59022;0,00000;0,00000
;3,17250;0,58861;0,59067;0,00000;0,00000
;3,17300;0,59566;0,59131;0,00000;0,00000
;3,17350;0,59502;0,59210;0,00000;0,00000
;3,17400;0,58797;0,59298;0,00000;0,00000
;3,17450;0,59950;0,59387;0,00000;0,00000
;3,17500;0,58477;0,59474;0,00000;0,00000
;3,17550;0,61360;0,59556;0,00000;0,00000
;3,17600;0,54184;0,59630;0,00000;0,00000
;3,17650;0,64756;0,59691;0,00000;0,00000
;3,17700;0,61104;0,59742;0,00000;0,00000
;3,17750;0,63859;0,59790;0,00000;0,00000
;3,17800;0,61872;0,59844;0,00000;0,00000
;3,17850;0,67767;0,59912;0,00000;0,00000
;3,17900;0,62321;0,60001;0,00000;0,00000
;3,17950;0,62577;0,60118;0,00000;0,00000
;3,18000;0,57836;0,60257;0,00000;0,00000
;3,18050;0,67447;0,60412;0,00000;0,00000
;3,18100;0,62001;0,60578;0,00000;0,00000
;3,18150;0,62449;0,60756;0,00000;0,00000
;3,18200;0,58989;0,60940;0,00000;0,00000
;3,18250;0,63795;0,61124;0,00000;0,00000
;3,18300;0,67895;0,61303;0,00000;0,00000
;3,18350;0,66998;0,61485;0,00000;0,00000
;3,18400;0,62962;0,61677;0,00000;0,00000
;3,18450;0,61616;0,61880;0,00000;0,00000
;3,18500;0,63410;0,62087;0,00000;0,00000
;3,18550;0,63026;0,62289;0,00000;0,00000
;3,18600;0,63090;0,62483;0,00000;0,00000
;3,18650;0,61232;0,62664;0,00000;0,00000
;3,18700;0,63026;0,62827;0,00000;0,00000
;3,18750;0,66806;0,62970;0,00000;0,00000
;3,18800;0,59310;0,63096;0,00000;0,00000
;3,18850;0,67447;0,63205;0,00000;0,00000
;3,18900;0,61424;0,63300;0,00000;0,00000
;3,18950;0,59886;0,63379;0,00000;0,00000
;3,19000;0,61040;0,63438;0,00000;0,00000
;3,19050;0,67767;0,63473;0,00000;0,00000
;3,19100;0,63346;0,63490;0,00000;0,00000
;3,19150;0,67703;0,63499;0,00000;0,00000
;3,19200;0,62129;0,63509;0,00000;0,00000
;3,19250;0,67254;0,63523;0,00000;0,00000
;3,19300;0,69561;0,63547;0,00000;0,00000
;3,19350;0,62898;0,63589;0,00000;0,00000
;3,19400;0,61937;0,63649;0,00000;0,00000
;3,19450;0,67382;0,63722;0,00000;0,00000
;3,19500;0,61040;0,63801;0,00000;0,00000
;3,19550;0,63346;0,63882;0,00000;0,00000
;3,19600;0,61552;0,63957;0,00000;0,00000
;3,19650;0,65653;0,64021;0,00000;0,00000
;3,19700;0,68920;0,64074;0,00000;0,00000
;3,19750;0,62962;0,64124;0,00000;0,00000
;3,19800;0,70202;0,64178;0,00000;0,00000
;3,19850;0,70137;0,64242;0,00000;0,00000
;3,19900;0,59438;0,64324;0,00000;0,00000
;3,19950;0,64435;0,64419;0,00000;0,00000
;3,20000;0,60014;0,64514;0,00000;0,00000
;3,20050;0,64371;0,64597;0,00000;0,00000
;3,20100;0,64179;0,64662;0,00000;0,00000
;3,20150;0,59886;0,64706;0,00000;0,00000
;3,20200;0,63218;0,64726;0,00000;0,00000
;3,20250;0,66806;0,64720;0,00000;0,00000
;3,20300;0,66742;0,64695;0,00000;0,00000
;3,20350;0,65204;0,64661;0,00000;0,00000
;3,20400;0,66101;0,64628;0,00000;0,00000
;3,20450;0,68600;0,64601;0,00000;0,00000
;3,20500;0,63346;0,64587;0,00000;0,00000
;3,20550;0,65204;0,64587;0,00000;0,00000
;3,20600;0,62449;0,64597;0,00000;0,00000
;3,20650;0,58925;0,64609;0,00000;0,00000
;3,20700;0,62001;0,64612;0,00000;0,00000
;3,20750;0,62769;0,64596;0,00000;0,00000
;3,20800;0,60655;0,64557;0,00000;0,00000
;3,20850;0,60079;0,64493;0,00000;0,00000
;3,20900;0,61616;0,64401;0,00000;0,00000
;3,20950;0,64627;0,64282;0,00000;0,00000
;3,21000;0,62321;0,64143;0,00000;0,00000
;3,21050;0,61744;0,63990;0,00000;0,00000
;3,21100;0,59374;0,63828;0,00000;0,00000
;3,21150;0,67511;0,63658;0,00000;0,00000
;3,21200;0,62962;0,63488;0,00000;0,00000
;3,21250;0,68472;0,63329;0,00000;0,00000
;3,21300;0,59374;0,63191;0,00000;0,00000
;3,21350;0,64692;0,63076;0,00000;0,00000
;3,21400;0,65653;0,62983;0,00000;0,00000
;3,21450;0,62513;0,62914;0,00000;0,00000
;3,21500;0,66357;0,62871;0,00000;0,00000
;3,21550;0,62705;0,62852;0,00000;0,00000
;3,21600;0,60399;0,62856;0,00000;0,00000
;3,21650;0,62898;0,62875;0,00000;0,00000
;3,21700;0,63154;0,62899;0,00000;0,00000
;3,21750;0,60527;0,62926;0,00000;0,00000
;3,21800;0,63090;0,62951;0,00000;0,00000
;3,21850;0,66742;0,62972;0,00000;0,00000
;3,21900;0,66293;0,62995;0,00000;0,00000
;3,21950;0,62513;0,63026;0,00000;0,00000
;3,22000;0,64627;0,63069;0,00000;0,00000
;3,22050;0,67639;0,63122;0,00000;0,00000
;3,22100;0,63859;0,63188;0,00000;0,00000
;3,22150;0,65845;0,63269;0,00000;0,00000
;3,22200;0,67959;0,63366;0,00000;0,00000
;3,22250;0,63154;0,63479;0,00000;0,00000
;3,22300;0,60014;0,63604;0,00000;0,00000
;3,22350;0,64692;0,63730;0,00000;0,00000
;3,22400;0,67703;0,63850;0,00000;0,00000
;3,22450;0,62129;0,63963;0,00000;0,00000
;3,22500;0,68920;0,64073;0,00000;0,00000
;3,22550;0,62577;0,64179;0,00000;0,00000
;3,22600;0,65781;0,64282;0,00000;0,00000
;3,22650;0,62257;0,64380;0,00000;0,00000
;3,22700;0,66870;0,64469;0,00000;0,00000
;3,22750;0,68279;0,64551;0,00000;0,00000
;3,22800;0,64820;0,64631;0,00000;0,00000
;3,22850;0,68472;0,64713;0,00000;0,00000
;3,22900;0,71611;0,64803;0,00000;0,00000
;3,22950;0,63346;0,64908;0,00000;0,00000
;3,23000;0,74879;0,65030;0,00000;0,00000
;3,23050;0,69048;0,65176;0,00000;0,00000
;3,23100;0,74302;0,65353;0,00000;0,00000
;3,23150;0,68792;0,65566;0,00000;0,00000
;3,23200;0,74366;0,65818;0,00000;0,00000
;3,23250;0,65909;0,66105;0,00000;0,00000
;3,23300;0,73661;0,66420;0,00000;0,00000
;3,23350;0,71739;0,66758;0,00000;0,00000
;3,23400;0,73213;0,67115;0,00000;0,00000
;3,23450;0,69112;0,67489;0,00000;0,00000
;3,23500;0,73149;0,67873;0,00000;0,00000
;3,23550;0,68536;0,68259;0,00000;0,00000
;3,23600;0,76032;0,68642;0,00000;0,00000
;3,23650;0,65973;0,69017;0,00000;0,00000
;3,23700;0,73213;0,69376;0,00000;0,00000
;3,23750;0,70458;0,69714;0,00000;0,00000
;3,23800;0,76160;0,70028;0,00000;0,00000
;3,23850;0,67895;0,70321;0,00000;0,00000
;3,23900;0,69369;0,70591;0,00000;0,00000
;3,23950;0,65653;0,70829;0,00000;0,00000
;3,24000;0,73725;0,71024;0,00000;0,00000
;3,24050;0,66485;0,71175;0,00000;0,00000
;3,24100;0,76993;0,71285;0,00000;0,00000
;3,24150;0,71675;0,71363;0,00000;0,00000
;3,24200;0,78018;0,71422;0,00000;0,00000
;3,24250;0,70202;0,71476;0,00000;0,00000
;3,24300;0,73789;0,71531;0,00000;0,00000
;3,24350;0,71483;0,71588;0,00000;0,00000
;3,24400;0,74815;0,71649;0,00000;0,00000
;3,24450;0,75199;0,71715;0,00000;0,00000
;3,24500;0,75776;0,71793;0,00000;0,00000
;3,24550;0,67767;0,71885;0,00000;0,00000
;3,24600;0,74879;0,71986;0,00000;0,00000
;3,24650;0,74302;0,72089;0,00000;0,00000
;3,24700;0,77057;0,72198;0,00000;0,00000
;3,24750;0,68408;0,72313;0,00000;0,00000
;3,24800;0,78018;0,72434;0,00000;0,00000
;3,24850;0,73469;0,72557;0,00000;0,00000
;3,24900;0,74366;0,72685;0,00000;0,00000
;3,24950;0,75071;0,72816;0,00000;0,00000
;3,25000;0,71355;0,72950;0,00000;0,00000
;3,25050;0,70778;0,73080;0,00000;0,00000
;3,25100;0,72957;0,73198;0,00000;0,00000
;3,25150;0,68984;0,73296;0,00000;0,00000
;3,25200;0,72572;0,73369;0,00000;0,00000
;3,25250;0,77826;0,73416;0,00000;0,00000
;3,25300;0,75840;0,73445;0,00000;0,00000
;3,25350;0,68600;0,73466;0,00000;0,00000
;3,25400;0,75391;0,73481;0,00000;0,00000
;3,25450;0,72636;0,73486;0,00000;0,00000
;3,25500;0,73918;0,73484;0,00000;0,00000
;3,25550;0,75583;0,73478;0,00000;0,00000
;3,25600;0,76352;0,73473;0,00000;0,00000
;3,25650;0,71163;0,73475;0,00000;0,00000
;3,25700;0,69561;0,73482;0,00000;0,00000
;3,25750;0,70330;0,73484;0,00000;0,00000
;3,25800;0,72124;0,73472;0,00000;0,00000
;3,25850;0,67447;0,73440;0,00000;0,00000
;3,25900;0,70714;0,73384;0,00000;0,00000
;3,25950;0,72572;0,73301;0,00000;0,00000
;3,26000;0,76544;0,73196;0,00000;0,00000
;3,26050;0,69945;0,73081;0,00000;0,00000
;3,26100;0,72828;0,72963;0,00000;0,00000
;3,26150;0,74046;0,72845;0,00000;0,00000
;3,26200;0,79043;0,72735;0,00000;0,00000
;3,26250;0,66421;0,72643;0,00000;0,00000
;3,26300;0,69433;0,72567;0,00000;0,00000
;3,26350;0,70650;0,72495;0,00000;0,00000
;3,26400;0,68408;0,72420;0,00000;0,00000
;3,26450;0,68279;0,72335;0,00000;0,00000
;3,26500;0,71995;0,72235;0,00000;0,00000
;3,26550;0,69625;0,72121;0,00000;0,00000
;3,26600;0,72124;0,71996;0,00000;0,00000
;3,26650;0,71739;0,71865;0,00000;0,00000
;3,26700;0,75135;0,71736;0,00000;0,00000
;3,26750;0,74686;0,71619;0,00000;0,00000
;3,26800;0,69240;0,71523;0,00000;0,00000
;3,26850;0,79748;0,71452;0,00000;0,00000
;3,26900;0,73982;0,71413;0,00000;0,00000
;3,26950;0,72188;0,71411;0,00000;0,00000
;3,27000;0,72060;0,71444;0,00000;0,00000
;3,27050;0,75199;0,71506;0,00000;0,00000
;3,27100;0,77890;0,71595;0,00000;0,00000
;3,27150;0,74494;0,71714;0,00000;0,00000
;3,27200;0,74366;0,71863;0,00000;0,00000
;3,27250;0,78210;0,72040;0,00000;0,00000
;3,27300;0,67959;0,72240;0,00000;0,00000
;3,27350;0,79171;0,72455;0,00000;0,00000
;3,27400;0,75455;0,72678;0,00000;0,00000
;3,27450;0,72892;0,72908;0,00000;0,00000
;3,27500;0,73405;0,73139;0,00000;0,00000
;3,27550;0,78274;0,73365;0,00000;0,00000
;3,27600;0,72444;0,73584;0,00000;0,00000
;3,27650;0,80773;0,73796;0,00000;0,00000
;3,27700;0,72252;0,74002;0,00000;0,00000
;3,27750;0,80773;0,74205;0,00000;0,00000
;3,27800;0,73725;0,74405;0,00000;0,00000
;3,27850;0,81221;0,74603;0,00000;0,00000
;3,27900;0,73533;0,74802;0,00000;0,00000
;3,27950;0,73085;0,74999;0,00000;0,00000
;3,28000;0,72700;0,75183;0,00000;0,00000
;3,28050;0,76288;0,75345;0,00000;0,00000
;3,28100;0,76929;0,75481;0,00000;0,00000
;3,28150;0,81734;0,75597;0,00000;0,00000
;3,28200;0,77634;0,75705;0,00000;0,00000
;3,28250;0,80004;0,75814;0,00000;0,00000
;3,28300;0,80581;0,75931;0,00000;0,00000
;3,28350;0,84361;0,76066;0,00000;0,00000
;3,28400;0,75391;0,76224;0,00000;0,00000
;3,28450;0,80581;0,76406;0,00000;0,00000
;3,28500;0,75263;0,76605;0,00000;0,00000
;3,28550;0,77377;0,76812;0,00000;0,00000
;3,28600;0,76096;0,77015;0,00000;0,00000
;3,28650;0,84361;0,77209;0,00000;0,00000
;3,28700;0,82695;0,77399;0,00000;0,00000
;3,28750;0,81862;0,77595;0,00000;0,00000
;3,28800;0,89166;0,77806;0,00000;0,00000
;3,28850;0,81862;0,78043;0,00000;0,00000
;3,28900;0,76865;0,78308;0,00000;0,00000
;3,28950;0,80837;0,78593;0,00000;0,00000
;3,29000;0,76865;0,78880;0,00000;0,00000
;3,29050;0,76737;0,79157;0,00000;0,00000
;3,29100;0,77313;0,79408;0,00000;0,00000
;3,29150;0,74815;0,79621;0,00000;0,00000
;3,29200;0,75199;0,79787;0,00000;0,00000
;3,29250;0,81414;0,79898;0,00000;0,00000
;3,29300;0,76865;0,79958;0,00000;0,00000
;3,29350;0,82695;0,79975;0,00000;0,00000
;3,29400;0,79235;0,79959;0,00000;0,00000
;3,29450;0,88782;0,79926;0,00000;0,00000
;3,29500;0,76480;0,79891;0,00000;0,00000
;3,29550;0,84105;0,79864;0,00000;0,00000
;3,29600;0,83976;0,79851;0,00000;0,00000
;3,29650;0,85963;0,79861;0,00000;0,00000
;3,29700;0,79812;0,79900;0,00000;0,00000
;3,29750;0,77185;0,79968;0,00000;0,00000
;3,29800;0,82054;0,80054;0,00000;0,00000
;3,29850;0,83015;0,80149;0,00000;0,00000
;3,29900;0,73661;0,80250;0,00000;0,00000
;3,29950;0,88846;0,80350;0,00000;0,00000
;3,30000;0,79363;0,80448;0,00000;0,00000
;3,30050;0,81990;0,80547;0,00000;0,00000
;3,30100;0,77377;0,80647;0,00000;0,00000
;3,30150;0,84425;0,80741;0,00000;0,00000
;3,30200;0,82759;0,80828;0,00000;0,00000
;3,30250;0,92946;0,80918;0,00000;0,00000
;3,30300;0,79299;0,81025;0,00000;0,00000
;3,30350;0,82503;0,81152;0,00000;0,00000
;3,30400;0,85450;0,81297;0,00000;0,00000
;3,30450;0,80901;0,81454;0,00000;0,00000
;3,30500;0,78274;0,81616;0,00000;0,00000
;3,30550;0,85834;0,81774;0,00000;0,00000
;3,30600;0,79620;0,81922;0,00000;0,00000
;3,30650;0,88077;0,82060;0,00000;0,00000
;3,30700;0,80260;0,82191;0,00000;0,00000
;3,30750;0,81670;0,82313;0,00000;0,00000
;3,30800;0,77890;0,82423;0,00000;0,00000
;3,30850;0,78595;0,82510;0,00000;0,00000
;3,30900;0,77570;0,82563;0,00000;0,00000
;3,30950;0,84809;0,82577;0,00000;0,00000
;3,31000;0,81542;0,82556;0,00000;0,00000
;3,31050;0,82887;0,82511;0,00000;0,00000
;3,31100;0,78466;0,82448;0,00000;0,00000
;3,31150;0,81093;0,82370;0,00000;0,00000
;3,31200;0,83079;0,82277;0,00000;0,00000
;3,31250;0,82118;0,82175;0,00000;0,00000
;3,31300;0,75583;0,82070;0,00000;0,00000
;3,31350;0,83015;0,81957;0,00000;0,00000
;3,31400;0,78338;0,81837;0,00000;0,00000
;3,31450;0,82503;0,81711;0,00000;0,00000
;3,31500;0,81093;0,81582;0,00000;0,00000
;3,31550;0,80196;0,81456;0,00000;0,00000
;3,31600;0,74366;0,81332;0,00000;0,00000
;3,31650;0,79428;0,81203;0,00000;0,00000
;3,31700;0,75263;0,81063;0,00000;0,00000
;3,31750;0,79940;0,80907;0,00000;0,00000
;3,31800;0,79299;0,80737;0,00000;0,00000
;3,31850;0,83592;0,80559;0,00000;0,00000
;3,31900;0,83464;0,80387;0,00000;0,00000
;3,31950;0,80453;0,80232;0,00000;0,00000
;3,32000;0,81221;0,80103;0,00000;0,00000
;3,32050;0,82439;0,80002;0,00000;0,00000
;3,32100;0,82439;0,79932;0,00000;0,00000
;3,32150;0,85130;0,79896;0,00000;0,00000
;3,32200;0,79363;0,79896;0,00000;0,00000
;3,32250;0,80837;0,79931;0,00000;0,00000
;3,32300;0,83784;0,79993;0,00000;0,00000
;3,32350;0,84937;0,80081;0,00000;0,00000
;3,32400;0,84553;0,80197;0,00000;0,00000
;3,32450;0,78274;0,80340;0,00000;0,00000
;3,32500;0,87628;0,80506;0,00000;0,00000
;3,32550;0,82887;0,80689;0,00000;0,00000
;3,32600;0,84745;0,80890;0,00000;0,00000
;3,32650;0,76737;0,81105;0,00000;0,00000
;3,32700;0,84489;0,81322;0,00000;0,00000
;3,32750;0,79748;0,81530;0,00000;0,00000
;3,32800;0,83912;0,81725;0,00000;0,00000
;3,32850;0,81221;0,81902;0,00000;0,00000
;3,32900;0,84553;0,82062;0,00000;0,00000
;3,32950;0,78402;0,82204;0,00000;0,00000
;3,33000;0,80132;0,82323;0,00000;0,00000
;3,33050;0,78659;0,82414;0,00000;0,00000
;3,33100;0,87757;0,82472;0,00000;0,00000
;3,33150;0,82183;0,82506;0,00000;0,00000
;3,33200;0,83592;0,82524;0,00000;0,00000
;3,33250;0,79043;0,82533;0,00000;0,00000
;3,33300;0,90191;0,82535;0,00000;0,00000
;3,33350;0,83848;0,82537;0,00000;0,00000
;3,33400;0,90191;0,82552;0,00000;0,00000
;3,33450;0,81926;0,82591;0,00000;0,00000
;3,33500;0,87628;0,82656;0,00000;0,00000
;3,33550;0,81350;0,82746;0,00000;0,00000
;3,33600;0,89294;0,82857;0,00000;0,00000
;3,33650;0,83912;0,82988;0,00000;0,00000
;3,33700;0,92113;0,83140;0,00000;0,00000
;3,33750;0,81542;0,83314;0,00000;0,00000
;3,33800;0,93459;0,83513;0,00000;0,00000
;3,33850;0,83592;0,83733;0,00000;0,00000
;3,33900;0,88269;0,83974;0,00000;0,00000
;3,33950;0,84681;0,84229;0,00000;0,00000
;3,34000;0,83784;0,84489;0,00000;0,00000
;3,34050;0,89679;0,84746;0,00000;0,00000
;3,34100;0,89999;0,84996;0,00000;0,00000
;3,34150;0,85899;0,85244;0,00000;0,00000
;3,34200;0,84745;0,85488;0,00000;0,00000
;3,34250;0,86796;0,85722;0,00000;0,00000
;3,34300;0,90512;0,85941;0,00000;0,00000
;3,34350;0,84297;0,86145;0,00000;0,00000
;3,34400;0,94099;0,86338;0,00000;0,00000
;3,34450;0,89999;0,86524;0,00000;0,00000
;3,34500;0,91088;0,86713;0,00000;0,00000
;3,34550;0,89038;0,86910;0,00000;0,00000
;3,34600;0,93138;0,87116;0,00000;0,00000
;3,34650;0,89294;0,87334;0,00000;0,00000
;3,34700;0,88077;0,87561;0,00000;0,00000
;3,34750;0,82503;0,87789;0,00000;0,00000
;3,34800;0,89615;0,88004;0,00000;0,00000
;3,34850;0,82118;0,88194;0,00000;0,00000
;3,34900;0,88910;0,88348;0,00000;0,00000
;3,34950;0,86860;0,88465;0,00000;0,00000
;3,35000;0,91729;0,88545;0,00000;0,00000
;3,35050;0,88974;0,88598;0,00000;0,00000
;3,35100;0,90063;0,88634;0,00000;0,00000
;3,35150;0,82118;0,88656;0,00000;0,00000
;3,35200;0,97367;0,88665;0,00000;0,00000
;3,35250;0,85002;0,88665;0,00000;0,00000
;3,35300;0,93010;0,88665;0,00000;0,00000
;3,35350;0,90768;0,88669;0,00000;0,00000
;3,35400;0,90768;0,88684;0,00000;0,00000
;3,35450;0,88013;0,88713;0,00000;0,00000
;3,35500;0,91024;0,88754;0,00000;0,00000
;3,35550;0,87949;0,88805;0,00000;0,00000
;3,35600;0,88461;0,88863;0,00000;0,00000
;3,35650;0,86091;0,88921;0,00000;0,00000
;3,35700;0,89807;0,88973;0,00000;0,00000
;3,35750;0,88013;0,89015;0,00000;0,00000
;3,35800;0,89038;0,89047;0,00000;0,00000
;3,35850;0,87052;0,89068;0,00000;0,00000
;3,35900;0,92690;0,89079;0,00000;0,00000
;3,35950;0,90640;0,89084;0,00000;0,00000
;3,36000;0,88910;0,89091;0,00000;0,00000
;3,36050;0,86475;0,89101;0,00000;0,00000
;3,36100;0,90383;0,89111;0,00000;0,00000
;3,36150;0,85770;0,89116;0,00000;0,00000
;3,36200;0,90576;0,89115;0,00000;0,00000
;3,36250;0,86796;0,89107;0,00000;0,00000
;3,36300;0,86924;0,89091;0,00000;0,00000
;3,36350;0,89807;0,89064;0,00000;0,00000
;3,36400;0,84105;0,89026;0,00000;0,00000
;3,36450;0,85642;0,88975;0,00000;0,00000
;3,36500;0,90832;0,88906;0,00000;0,00000
;3,36550;0,83720;0,88821;0,00000;0,00000
;3,36600;0,82054;0,88721;0,00000;0,00000
;3,36650;0,83848;0,88597;0,00000;0,00000
;3,36700;0,83528;0,88443;0,00000;0,00000
;3,36750;0,87052;0,88258;0,00000;0,00000
;3,36800;0,83015;0,88046;0,00000;0,00000
;3,36850;0,87116;0,87814;0,00000;0,00000
;3,36900;0,88718;0,87570;0,00000;0,00000
;3,36950;0,87564;0,87325;0,00000;0,00000
;3,37000;0,90063;0,87094;0,00000;0,00000
;3,37050;0,87757;0,86886;0,00000;0,00000
;3,37100;0,89294;0,86711;0,00000;0,00000
;3,37150;0,81926;0,86571;0,00000;0,00000
;3,37200;0,89166;0,86461;0,00000;0,00000
;3,37250;0,88525;0,86377;0,00000;0,00000
;3,37300;0,89166;0,86321;0,00000;0,00000
;3,37350;0,90960;0,86298;0,00000;0,00000
;3,37400;0,87308;0,86310;0,00000;0,00000
;3,37450;0,83528;0,86354;0,00000;0,00000
;3,37500;0,87308;0,86419;0,00000;0,00000
;3,37550;0,87500;0,86497;0,00000;0,00000
;3,37600;0,88013;0,86581;0,00000;0,00000
;3,37650;0,85899;0,86670;0,00000;0,00000
;3,37700;0,90640;0,86762;0,00000;0,00000
;3,37750;0,92690;0,86858;0,00000;0,00000
;3,37800;0,89679;0,86966;0,00000;0,00000
;3,37850;0,88782;0,87093;0,00000;0,00000
;3,37900;0,85578;0,87233;0,00000;0,00000
;3,37950;0,86667;0,87380;0,00000;0,00000
;3,38000;0,80324;0,87519;0,00000;0,00000
;3,38050;0,88077;0,87636;0,00000;0,00000
;3,38100;0,90576;0,87725;0,00000;0,00000
;3,38150;0,92049;0,87793;0,00000;0,00000
;3,38200;0,84425;0,87849;0,00000;0,00000
;3,38250;0,87436;0,87897;0,00000;0,00000
;3,38300;0,89807;0,87935;0,00000;0,00000
;3,38350;0,92177;0,87965;0,00000;0,00000
;3,38400;0,86027;0,87996;0,00000;0,00000
;3,38450;0,96150;0,88032;0,00000;0,00000
;3,38500;0,87564;0,88080;0,00000;0,00000
;3,38550;0,80709;0,88141;0,00000;0,00000
;3,38600;0,90255;0,88202;0,00000;0,00000
;3,38650;0,94484;0,88256;0,00000;0,00000
;3,38700;0,89807;0,88312;0,00000;0,00000
;3,38750;0,91088;0,88377;0,00000;0,00000
;3,38800;0,87628;0,88454;0,00000;0,00000
;3,38850;0,97111;0,88544;0,00000;0,00000
;3,38900;0,87885;0,88649;0,00000;0,00000
;3,38950;0,93715;0,88772;0,00000;0,00000
;3,39000;0,87757;0,88912;0,00000;0,00000
;3,39050;0,92882;0,89064;0,00000;0,00000
;3,39100;0,93523;0,89225;0,00000;0,00000
;3,39150;0,88333;0,89396;0,00000;0,00000
;3,39200;0,94420;0,89575;0,00000;0,00000
;3,39250;0,97880;0,89760;0,00000;0,00000
;3,39300;0,86411;0,89958;0,00000;0,00000
;3,39350;0,91921;0,90165;0,00000;0,00000
;3,39400;0,93971;0,90372;0,00000;0,00000
;3,39450;0,92498;0,90577;0,00000;0,00000
;3,39500;0,89038;0,90778;0,00000;0,00000
;3,39550;0,88846;0,90969;0,00000;0,00000
;3,39600;0,97687;0,91143;0,00000;0,00000
;3,39650;0,97367;0,91305;0,00000;0,00000
;3,39700;0,93651;0,91466;0,00000;0,00000
;3,39750;0,95060;0,91635;0,00000;0,00000
;3,39800;0,91152;0,91811;0,00000;0,00000
;3,39850;0,91665;0,91990;0,00000;0,00000
;3,39900;0,89935;0,92162;0,00000;0,00000
;3,39950;0,87052;0,92317;0,00000;0,00000
;3,40000;0,91473;0,92442;0,00000;0,00000
;3,40050;0,93523;0,92532;0,00000;0,00000
;3,40100;0,88654;0,92588;0,00000;0,00000
;3,40150;0,87436;0,92612;0,00000;0,00000
;3,40200;0,89294;0,92598;0,00000;0,00000
;3,40250;0,93587;0,92546;0,00000;0,00000
;3,40300;0,89615;0,92461;0,00000;0,00000
;3,40350;0,90768;0,92353;0,00000;0,00000
;3,40400;0,87757;0,92224;0,00000;0,00000
;3,40450;0,99609;0,92080;0,00000;0,00000
;3,40500;0,88077;0,91933;0,00000;0,00000
;3,40550;0,93395;0,91794;0,00000;0,00000
;3,40600;0,94612;0,91667;0,00000;0,00000
;3,40650;0,98264;0,91562;0,00000;0,00000
;3,40700;0,89935;0,91489;0,00000;0,00000
;3,40750;0,88333;0,91449;0,00000;0,00000
;3,40800;0,91088;0,91432;0,00000;0,00000
;3,40850;0,92241;0,91427;0,00000;0,00000
;3,40900;0,89615;0,91431;0,00000;0,00000
;3,40950;0,95573;0,91440;0,00000;0,00000
;3,41000;0,91409;0,91457;0,00000;0,00000
;3,41050;0,97623;0,91485;0,00000;0,00000
;3,41100;0,82439;0,91526;0,00000;0,00000
;3,41150;0,90832;0,91571;0,00000;0,00000
;3,41200;0,89166;0,91605;0,00000;0,00000
;3,41250;0,97431;0,91625;0,00000;0,00000
;3,41300;0,86219;0,91636;0,00000;0,00000
;3,41350;0,94612;0,91640;0,00000;0,00000
;3,41400;0,90191;0,91638;0,00000;0,00000
;3,41450;0,89807;0,91630;0,00000;0,00000
;3,41500;0,96086;0,91617;0,00000;0,00000
;3,41550;0,93715;0,91605;0,00000;0,00000
;3,41600;0,90832;0,91601;0,00000;0,00000
;3,41650;0,88141;0,91606;0,00000;0,00000
;3,41700;0,82567;0,91607;0,00000;0,00000
;3,41750;0,89743;0,91591;0,00000;0,00000
;3,41800;0,83144;0,91543;0,00000;0,00000
;3,41850;0,88013;0,91456;0,00000;0,00000
;3,41900;0,88846;0,91327;0,00000;0,00000
;3,41950;0,89038;0,91162;0,00000;0,00000
;3,42000;0,87949;0,90969;0,00000;0,00000
;3,42050;0,87372;0,90755;0,00000;0,00000
;3,42100;0,86988;0,90523;0,00000;0,00000
;3,42150;0,91537;0,90280;0,00000;0,00000
;3,42200;0,90640;0,90035;0,00000;0,00000
;3,42250;0,83400;0,89796;0,00000;0,00000
;3,42300;0,91665;0,89566;0,00000;0,00000
;3,42350;0,90127;0,89348;0,00000;0,00000
;3,42400;0,86219;0,89148;0,00000;0,00000
;3,42450;0,85834;0,88966;0,00000;0,00000
;3,42500;0,89935;0,88798;0,00000;0,00000
;3,42550;0,86219;0,88643;0,00000;0,00000
;3,42600;0,87372;0,88500;0,00000;0,00000
;3,42650;0,88974;0,88369;0,00000;0,00000
;3,42700;0,95573;0,88253;0,00000;0,00000
;3,42750;0,91216;0,88164;0,00000;0,00000
;3,42800;0,92241;0,88113;0,00000;0,00000
;3,42850;0,89230;0,88105;0,00000;0,00000
;3,42900;0,98776;0,88141;0,00000;0,00000
;3,42950;0,85834;0,88223;0,00000;0,00000
;3,43000;0,91665;0,88346;0,00000;0,00000
;3,43050;0,88397;0,88502;0,00000;0,00000
;3,43100;0,92113;0,88677;0,00000;0,00000
;3,43150;0,84041;0,88864;0,00000;0,00000
;3,43200;0,92882;0,89051;0,00000;0,00000
;3,43250;0,85642;0,89229;0,00000;0,00000
;3,43300;0,92305;0,89393;0,00000;0,00000
;3,43350;0,84745;0,89537;0,00000;0,00000
;3,43400;0,94484;0,89659;0,00000;0,00000
;3,43450;0,94996;0,89764;0,00000;0,00000
;3,43500;0,91601;0,89863;0,00000;0,00000
;3,43550;0,89935;0,89964;0,00000;0,00000
;3,43600;0,94868;0,90068;0,00000;0,00000
;3,43650;0,86860;0,90176;0,00000;0,00000
;3,43700;0,94420;0,90286;0,00000;0,00000
;3,43750;0,85258;0,90393;0,00000;0,00000
;3,43800;0,92754;0,90491;0,00000;0,00000
;3,43850;0,88141;0,90577;0,00000;0,00000
;3,43900;0,90512;0,90647;0,00000;0,00000
;3,43950;0,86027;0,90699;0,00000;0,00000
;3,44000;0,93843;0,90729;0,00000;0,00000
;3,44050;0,90960;0,90740;0,00000;0,00000
;3,44100;0,94163;0,90741;0,00000;0,00000
;3,44150;0,87757;0,90738;0,00000;0,00000
;3,44200;0,95125;0,90736;0,00000;0,00000
;3,44250;0,91088;0,90737;0,00000;0,00000
;3,44300;0,96726;0,90748;0,00000;0,00000
;3,44350;0,90447;0,90776;0,00000;0,00000
;3,44400;0,97367;0,90824;0,00000;0,00000
;3,44450;0,88269;0,90894;0,00000;0,00000
;3,44500;0,89615;0,90982;0,00000;0,00000
;3,44550;0,88654;0,91075;0,00000;0,00000
;3,44600;0,99161;0,91166;0,00000;0,00000
;3,44650;0,90832;0,91258;0,00000;0,00000
;3,44700;0,94484;0,91357;0,00000;0,00000
;3,44750;0,87180;0,91460;0,00000;0,00000
;3,44800;0,93843;0,91563;0,00000;0,00000
;3,44850;0,87500;0,91658;0,00000;0,00000
;3,44900;0,93587;0,91739;0,00000;0,00000
;3,44950;0,91409;0,91805;0,00000;0,00000
;3,45000;0,95573;0,91859;0,00000;0,00000
;3,45050;0,91857;0,91906;0,00000;0,00000
;3,45100;0,90319;0,91951;0,00000;0,00000
;3,45150;0,85642;0,91988;0,00000;0,00000
;3,45200;0,96342;0,92010;0,00000;0,00000
;3,45250;0,88718;0,92016;0,00000;0,00000
;3,45300;0,89486;0,92007;0,00000;0,00000
;3,45350;0,88461;0,91980;0,00000;0,00000
;3,45400;0,94228;0,91935;0,00000;0,00000
;3,45450;0,94356;0,91875;0,00000;0,00000
;3,45500;0,92690;0,91812;0,00000;0,00000
;3,45550;0,97175;0,91758;0,00000;0,00000
;3,45600;0,93074;0,91721;0,00000;0,00000
;3,45650;0,97880;0,91710;0,00000;0,00000
;3,45700;0,88718;0,91729;0,00000;0,00000
;3,45750;0,85002;0,91771;0,00000;0,00000
;3,45800;0,90319;0,91817;0,00000;0,00000
;3,45850;0,89294;0,91852;0,00000;0,00000
;3,45900;0,92562;0,91869;0,00000;0,00000
;3,45950;0,91537;0,91870;0,00000;0,00000
;3,46000;0,93779;0,91859;0,00000;0,00000
;3,46050;0,95317;0,91844;0,00000;0,00000
;3,46100;0,91216;0,91832;0,00000;0,00000
;3,46150;0,94292;0,91828;0,00000;0,00000
;3,46200;0,94612;0,91837;0,00000;0,00000
;3,46250;0,92049;0,91859;0,00000;0,00000
;3,46300;0,89166;0,91895;0,00000;0,00000
;3,46350;0,93459;0,91937;0,00000;0,00000
;3,46400;0,89166;0,91979;0,00000;0,00000
;3,46450;0,91985;0,92018;0,00000;0,00000
;3,46500;0,91729;0,92049;0,00000;0,00000
;3,46550;0,89743;0,92070;0,00000;0,00000
;3,46600;0,86603;0,92078;0,00000;0,00000
;3,46650;0,84809;0,92062;0,00000;0,00000
;3,46700;0,88077;0,92012;0,00000;0,00000
;3,46750;0,90383;0,91922;0,00000;0,00000
;3,46800;0,85834;0,91794;0,00000;0,00000
;3,46850;0,86796;0,91630;0,00000;0,00000
;3,46900;0,90255;0,91433;0,00000;0,00000
;3,46950;0,91280;0,91210;0,00000;0,00000
;3,47000;0,87500;0,90972;0,00000;0,00000
;3,47050;0,86091;0,90728;0,00000;0,00000
;3,47100;0,85963;0,90476;0,00000;0,00000
;3,47150;0,89999;0,90217;0,00000;0,00000
;3,47200;0,84041;0,89953;0,00000;0,00000
;3,47250;0,83976;0,89685;0,00000;0,00000
;3,47300;0,88461;0,89411;0,00000;0,00000
;3,47350;0,85194;0,89130;0,00000;0,00000
;3,47400;0,86731;0,88848;0,00000;0,00000
;3,47450;0,86988;0,88568;0,00000;0,00000
;3,47500;0,91537;0,88297;0,00000;0,00000
;3,47550;0,89679;0,88045;0,00000;0,00000
;3,47600;0,78915;0,87820;0,00000;0,00000
;3,47650;0,85770;0,87615;0,00000;0,00000
;3,47700;0,85450;0,87421;0,00000;0,00000
;3,47750;0,86667;0,87233;0,00000;0,00000
;3,47800;0,84105;0,87053;0,00000;0,00000
;3,47850;0,92626;0,86884;0,00000;0,00000
;3,47900;0,88141;0,86733;0,00000;0,00000
;3,47950;0,84681;0,86610;0,00000;0,00000
;3,48000;0,83720;0,86512;0,00000;0,00000
;3,48050;0,86539;0,86431;0,00000;0,00000
;3,48100;0,84169;0,86362;0,00000;0,00000
;3,48150;0,87244;0,86300;0,00000;0,00000
;3,48200;0,84553;0,86244;0,00000;0,00000
;3,48250;0,89615;0,86195;0,00000;0,00000
;3,48300;0,93395;0,86158;0,00000;0,00000
;3,48350;0,89679;0,86146;0,00000;0,00000
;3,48400;0,85386;0,86166;0,00000;0,00000
;3,48450;0,83848;0,86216;0,00000;0,00000
;3,48500;0,85578;0,86281;0,00000;0,00000
;3,48550;0,86667;0,86352;0,00000;0,00000
;3,48600;0,89422;0,86423;0,00000;0,00000
;3,48650;0,84361;0,86495;0,00000;0,00000
;3,48700;0,84809;0,86564;0,00000;0,00000
;3,48750;0,90319;0,86626;0,00000;0,00000
;3,48800;0,84873;0,86682;0,00000;0,00000
;3,48850;0,88205;0,86732;0,00000;0,00000
;3,48900;0,84297;0,86777;0,00000;0,00000
;3,48950;0,86219;0,86814;0,00000;0,00000
;3,49000;0,85578;0,86839;0,00000;0,00000
;3,49050;0,86860;0,86851;0,00000;0,00000
;3,49100;0,90447;0,86853;0,00000;0,00000
;3,49150;0,89358;0,86853;0,00000;0,00000
;3,49200;0,80068;0,86855;0,00000;0,00000
;3,49250;0,82183;0,86854;0,00000;0,00000
;3,49300;0,88718;0,86838;0,00000;0,00000
;3,49350;0,85899;0,86804;0,00000;0,00000
;3,49400;0,86924;0,86759;0,00000;0,00000
;3,49450;0,92690;0,86710;0,00000;0,00000
;3,49500;0,81221;0,86665;0,00000;0,00000
;3,49550;0,88589;0,86625;0,00000;0,00000
;3,49600;0,86411;0,86591;0,00000;0,00000
;3,49650;0,93523;0,86564;0,00000;0,00000
;3,49700;0,82439;0,86551;0,00000;0,00000
;3,49750;0,87564;0,86553;0,00000;0,00000
;3,49800;0,88077;0,86565;0,00000;0,00000
;3,49850;0,90768;0,86588;0,00000;0,00000
;3,49900;0,86731;0,86625;0,00000;0,00000
;3,49950;0,95701;0,86680;0,00000;0,00000
;3,50000;0,81670;0,86757;0,00000;0,00000
;3,50050;0,91280;0,86855;0,00000;0,00000
;3,50100;0,83464;0,86964;0,00000;0,00000
;3,50150;0,89615;0,87077;0,00000;0,00000
;3,50200;0,83656;0,87188;0,00000;0,00000
;3,50250;0,91985;0,87291;0,00000;0,00000
;3,50300;0,81029;0,87384;0,00000;0,00000
;3,50350;0,88654;0,87463;0,00000;0,00000
;3,50400;0,89358;0,87525;0,00000;0,00000
;3,50450;0,91537;0,87574;0,00000;0,00000
;3,50500;0,85258;0,87619;0,00000;0,00000
;3,50550;0,93138;0,87663;0,00000;0,00000
;3,50600;0,88718;0,87711;0,00000;0,00000
;3,50650;0,89230;0,87768;0,00000;0,00000
;3,50700;0,78979;0,87830;0,00000;0,00000
;3,50750;0,88782;0,87886;0,00000;0,00000
;3,50800;0,84937;0,87923;0,00000;0,00000
;3,50850;0,83976;0,87938;0,00000;0,00000
;3,50900;0,81542;0,87924;0,00000;0,00000
;3,50950;0,88013;0,87876;0,00000;0,00000
;3,51000;0,90063;0,87797;0,00000;0,00000
;3,51050;0,86219;0,87698;0,00000;0,00000
;3,51100;0,81670;0,87587;0,00000;0,00000
;3,51150;0,92754;0,87466;0,00000;0,00000
;3,51200;0,88333;0,87342;0,00000;0,00000
;3,51250;0,85322;0,87226;0,00000;0,00000
;3,51300;0,84553;0,87119;0,00000;0,00000
;3,51350;0,86988;0,87020;0,00000;0,00000
;3,51400;0,82375;0,86924;0,00000;0,00000
;3,51450;0,84553;0,86827;0,00000;0,00000
;3,51500;0,79235;0,86721;0,00000;0,00000
;3,51550;0,85194;0,86599;0,00000;0,00000
;3,51600;0,78851;0,86455;0,00000;0,00000
;3,51650;0,87116;0,86287;0,00000;0,00000
;3,51700;0,82567;0,86098;0,00000;0,00000
;3,51750;0,84553;0,85895;0,00000;0,00000
;3,51800;0,83528;0,85683;0,00000;0,00000
;3,51850;0,83272;0,85466;0,00000;0,00000
;3,51900;0,83464;0,85250;0,00000;0,00000
;3,51950;0,88333;0,85037;0,00000;0,00000
;3,52000;0,83400;0,84838;0,00000;0,00000
;3,52050;0,87757;0,84658;0,00000;0,00000
;3,52100;0,77505;0,84502;0,00000;0,00000
;3,52150;0,82759;0,84363;0,00000;0,00000
;3,52200;0,83400;0,84233;0,00000;0,00000
;3,52250;0,81414;0,84107;0,00000;0,00000
;3,52300;0,77634;0,83983;0,00000;0,00000
;3,52350;0,82183;0,83853;0,00000;0,00000
;3,52400;0,78146;0,83710;0,00000;0,00000
;3,52450;0,78402;0,83550;0,00000;0,00000
;3,52500;0,86219;0,83371;0,00000;0,00000
;3,52550;0,85194;0,83183;0,00000;0,00000
;3,52600;0,80837;0,82997;0,00000;0,00000
;3,52650;0,76993;0,82821;0,00000;0,00000
;3,52700;0,79107;0,82648;0,00000;0,00000
;3,52750;0,83400;0,82473;0,00000;0,00000
;3,52800;0,75263;0,82294;0,00000;0,00000
;3,52850;0,76224;0,82110;0,00000;0,00000
;3,52900;0,81029;0,81913;0,00000;0,00000
;3,52950;0,80581;0,81703;0,00000;0,00000
;3,53000;0,83528;0,81488;0,00000;0,00000
;3,53050;0,80517;0,81279;0,00000;0,00000
;3,53100;0,82311;0,81086;0,00000;0,00000
;3,53150;0,81029;0,80913;0,00000;0,00000
;3,53200;0,82118;0,80764;0,00000;0,00000
;3,53250;0,74558;0,80639;0,00000;0,00000
;3,53300;0,86731;0,80534;0,00000;0,00000
;3,53350;0,77890;0,80447;0,00000;0,00000
;3,53400;0,80196;0,80379;0,00000;0,00000
;3,53450;0,73277;0,80324;0,00000;0,00000
;3,53500;0,80773;0,80271;0,00000;0,00000
;3,53550;0,76480;0,80212;0,00000;0,00000
;3,53600;0,82183;0,80145;0,00000;0,00000
;3,53650;0,85963;0,80075;0,00000;0,00000
;3,53700;0,83592;0,80016;0,00000;0,00000
;3,53750;0,81093;0,79981;0,00000;0,00000
;3,53800;0,81670;0,79974;0,00000;0,00000
;3,53850;0,76416;0,79990;0,00000;0,00000
;3,53900;0,83400;0,80023;0,00000;0,00000
;3,53950;0,79812;0,80068;0,00000;0,00000
;3,54000;0,82887;0,80121;0,00000;0,00000
;3,54050;0,78082;0,80184;0,00000;0,00000
;3,54100;0,82951;0,80252;0,00000;0,00000
;3,54150;0,76673;0,80321;0,00000;0,00000
;3,54200;0,79363;0,80386;0,00000;0,00000
;3,54250;0,74302;0,80437;0,00000;0,00000
;3,54300;0,84105;0,80468;0,00000;0,00000
;3,54350;0,73149;0,80476;0,00000;0,00000
;3,54400;0,84809;0,80461;0,00000;0,00000
;3,54450;0,81157;0,80429;0,00000;0,00000
;3,54500;0,84041;0,80389;0,00000;0,00000
;3,54550;0,83592;0,80355;0,00000;0,00000
;3,54600;0,86924;0,80338;0,00000;0,00000
;3,54650;0,81157;0,80348;0,00000;0,00000
;3,54700;0,81542;0,80389;0,00000;0,00000
;3,54750;0,77954;0,80455;0,00000;0,00000
;3,54800;0,84553;0,80536;0,00000;0,00000
;3,54850;0,79363;0,80627;0,00000;0,00000
;3,54900;0,86988;0,80727;0,00000;0,00000
;3,54950;0,78338;0,80835;0,00000;0,00000
;3,55000;0,84681;0,80951;0,00000;0,00000
;3,55050;0,76608;0,81069;0,00000;0,00000
;3,55100;0,87308;0,81186;0,00000;0,00000
;3,55150;0,78466;0,81298;0,00000;0,00000
;3,55200;0,80709;0,81404;0,00000;0,00000
;3,55250;0,71995;0,81496;0,00000;0,00000
;3,55300;0,88974;0,81563;0,00000;0,00000
;3,55350;0,80453;0,81604;0,00000;0,00000
;3,55400;0,86091;0,81632;0,00000;0,00000
;3,55450;0,82183;0,81655;0,00000;0,00000
;3,55500;0,83912;0,81682;0,00000;0,00000
;3,55550;0,76737;0,81712;0,00000;0,00000
;3,55600;0,83720;0,81742;0,00000;0,00000
;3,55650;0,82887;0,81767;0,00000;0,00000
;3,55700;0,82247;0,81791;0,00000;0,00000
;3,55750;0,83079;0,81815;0,00000;0,00000
;3,55800;0,86219;0,81843;0,00000;0,00000
;3,55850;0,77377;0,81879;0,00000;0,00000
;3,55900;0,80004;0,81917;0,00000;0,00000
;3,55950;0,80196;0,81950;0,00000;0,00000
;3,56000;0,84297;0,81971;0,00000;0,00000
;3,56050;0,77762;0,81981;0,00000;0,00000
;3,56100;0,76993;0,81977;0,00000;0,00000
;3,56150;0,74558;0,81950;0,00000;0,00000
;3,56200;0,78082;0,81888;0,00000;0,00000
;3,56250;0,82887;0,81788;0,00000;0,00000
;3,56300;0,78274;0,81656;0,00000;0,00000
;3,56350;0,78210;0,81500;0,00000;0,00000
;3,56400;0,81670;0,81326;0,00000;0,00000
;3,56450;0,76673;0,81140;0,00000;0,00000
;3,56500;0,81093;0,80945;0,00000;0,00000
;3,56550;0,80132;0,80747;0,00000;0,00000
;3,56600;0,80965;0,80553;0,00000;0,00000
;3,56650;0,78274;0,80369;0,00000;0,00000
;3,56700;0,76160;0,80196;0,00000;0,00000
;3,56750;0,75327;0,80029;0,00000;0,00000
;3,56800;0,80324;0,79862;0,00000;0,00000
;3,56850;0,77954;0,79694;0,00000;0,00000
;3,56900;0,79684;0,79529;0,00000;0,00000
;3,56950;0,73853;0,79369;0,00000;0,00000
;3,57000;0,80901;0,79213;0,00000;0,00000
;3,57050;0,80453;0,79062;0,00000;0,00000
;3,57100;0,78082;0,78923;0,00000;0,00000
;3,57150;0,78787;0,78799;0,00000;0,00000
;3,57200;0,79812;0,78692;0,00000;0,00000
;3,57250;0,80132;0,78604;0,00000;0,00000
;3,57300;0,78274;0,78535;0,00000;0,00000
;3,57350;0,78338;0,78487;0,00000;0,00000
;3,57400;0,75968;0,78454;0,00000;0,00000
;3,57450;0,73469;0,78428;0,00000;0,00000
;3,57500;0,81157;0,78401;0,00000;0,00000
;3,57550;0,76160;0,78369;0,00000;0,00000
;3,57600;0,72444;0,78330;0,00000;0,00000
;3,57650;0,67895;0,78276;0,00000;0,00000
;3,57700;0,75583;0,78190;0,00000;0,00000
;3,57750;0,75455;0,78064;0,00000;0,00000
;3,57800;0,74366;0,77903;0,00000;0,00000
;3,57850;0,70458;0,77711;0,00000;0,00000
;3,57900;0,76096;0,77489;0,00000;0,00000
;3,57950;0,72252;0,77240;0,00000;0,00000
;3,58000;0,77249;0,76971;0,00000;0,00000
;3,58050;0,79043;0,76694;0,00000;0,00000
;3,58100;0,72252;0,76422;0,00000;0,00000
;3,58150;0,77505;0,76163;0,00000;0,00000
;3,58200;0,72764;0,75921;0,00000;0,00000
;3,58250;0,73533;0,75697;0,00000;0,00000
;3,58300;0,74879;0,75489;0,00000;0,00000
;3,58350;0,75135;0,75297;0,00000;0,00000
;3,58400;0,68856;0,75119;0,00000;0,00000
;3,58450;0,75007;0,74953;0,00000;0,00000
;3,58500;0,75968;0,74793;0,00000;0,00000
;3,58550;0,72572;0,74644;0,00000;0,00000
;3,58600;0,72316;0,74506;0,00000;0,00000
;3,58650;0,75327;0,74379;0,00000;0,00000
;3,58700;0,74174;0,74261;0,00000;0,00000
;3,58750;0,78915;0,74158;0,00000;0,00000
;3,58800;0,70906;0,74075;0,00000;0,00000
;3,58850;0,78402;0,74014;0,00000;0,00000
;3,58900;0,76032;0,73976;0,00000;0,00000
;3,58950;0,72124;0,73962;0,00000;0,00000
;3,59000;0,72764;0,73969;0,00000;0,00000
;3,59050;0,75455;0,73987;0,00000;0,00000
;3,59100;0,72188;0,74012;0,00000;0,00000
;3,59150;0,78979;0,74042;0,00000;0,00000
;3,59200;0,70970;0,74077;0,00000;0,00000
;3,59250;0,76544;0,74118;0,00000;0,00000
;3,59300;0,73085;0,74162;0,00000;0,00000
;3,59350;0,75135;0,74206;0,00000;0,00000
;3,59400;0,74238;0,74250;0,00000;0,00000
;3,59450;0,78723;0,74295;0,00000;0,00000
;3,59500;0,78018;0,74345;0,00000;0,00000
;3,59550;0,76352;0,74409;0,00000;0,00000
;3,59600;0,74879;0,74488;0,00000;0,00000
;3,59650;0,79299;0,74582;0,00000;0,00000
;3,59700;0,71803;0,74689;0,00000;0,00000
;3,59750;0,80260;0,74805;0,00000;0,00000
;3,59800;0,78851;0,74930;0,00000;0,00000
;3,59850;0,77057;0,75068;0,00000;0,00000
;3,59900;0,70970;0,75217;0,00000;0,00000
;3,59950;0,78787;0,75368;0,00000;0,00000
;3,60000;0,73149;0,75513;0,00000;0,00000
;3,60050;0,74238;0,75646;0,00000;0,00000
;3,60100;0,75327;0,75762;0,00000;0,00000
;3,60150;0,74174;0,75856;0,00000;0,00000
;3,60200;0,76224;0,75927;0,00000;0,00000
;3,60250;0,72188;0,75974;0,00000;0,00000
;3,60300;0,71675;0,75996;0,00000;0,00000
;3,60350;0,79876;0,75990;0,00000;0,00000
;3,60400;0,77505;0,75961;0,00000;0,00000
;3,60450;0,83656;0,75927;0,00000;0,00000
;3,60500;0,68151;0,75898;0,00000;0,00000
;3,60550;0,76865;0,75877;0,00000;0,00000
;3,60600;0,72892;0,75856;0,00000;0,00000
;3,60650;0,80773;0,75831;0,00000;0,00000
;3,60700;0,74046;0,75808;0,00000;0,00000
;3,60750;0,74815;0,75788;0,00000;0,00000
;3,60800;0,79428;0,75773;0,00000;0,00000
;3,60850;0,76865;0,75764;0,00000;0,00000
;3,60900;0,73918;0,75765;0,00000;0,00000
;3,60950;0,85706;0,75778;0,00000;0,00000
;3,61000;0,71163;0,75808;0,00000;0,00000
;3,61050;0,79107;0,75856;0,00000;0,00000
;3,61100;0,74943;0,75917;0,00000;0,00000
;3,61150;0,74622;0,75986;0,00000;0,00000
;3,61200;0,75904;0,76056;0,00000;0,00000
;3,61250;0,80709;0,76123;0,00000;0,00000
;3,61300;0,69176;0,76187;0,00000;0,00000
;3,61350;0,78915;0,76245;0,00000;0,00000
;3,61400;0,72508;0,76290;0,00000;0,00000
;3,61450;0,78018;0,76320;0,00000;0,00000
;3,61500;0,73469;0,76336;0,00000;0,00000
;3,61550;0,84617;0,76341;0,00000;0,00000
;3,61600;0,76352;0,76345;0,00000;0,00000
;3,61650;0,73341;0,76357;0,00000;0,00000
;3,61700;0,69176;0,76369;0,00000;0,00000
;3,61750;0,75391;0,76369;0,00000;0,00000
;3,61800;0,71098;0,76347;0,00000;0,00000
;3,61850;0,70970;0,76295;0,00000;0,00000
;3,61900;0,69305;0,76208;0,00000;0,00000
;3,61950;0,76608;0,76082;0,00000;0,00000
;3,62000;0,77826;0,75923;0,00000;0,00000
;3,62050;0,80901;0,75749;0,00000;0,00000
;3,62100;0,71419;0,75578;0,00000;0,00000
;3,62150;0,75327;0,75420;0,00000;0,00000
;3,62200;0,71227;0,75272;0,00000;0,00000
;3,62250;0,81926;0,75134;0,00000;0,00000
;3,62300;0,68792;0,75010;0,00000;0,00000
;3,62350;0,75263;0,74901;0,00000;0,00000
;3,62400;0,71163;0,74800;0,00000;0,00000
;3,62450;0,72316;0,74704;0,00000;0,00000
;3,62500;0,70394;0,74604;0,00000;0,00000
;3,62550;0,75583;0,74498;0,00000;0,00000
;3,62600;0,67190;0,74383;0,00000;0,00000
;3,62650;0,73277;0,74257;0,00000;0,00000
;3,62700;0,69753;0,74117;0,00000;0,00000
;3,62750;0,70650;0,73961;0,00000;0,00000
;3,62800;0,68792;0,73788;0,00000;0,00000
;3,62850;0,73853;0,73598;0,00000;0,00000
;3,62900;0,75840;0,73397;0,00000;0,00000
;3,62950;0,66165;0,73195;0,00000;0,00000
;3,63000;0,71419;0,72995;0,00000;0,00000
;3,63050;0,72316;0,72794;0,00000;0,00000
;3,63100;0,68087;0,72595;0,00000;0,00000
;3,63150;0,74366;0,72398;0,00000;0,00000
;3,63200;0,71483;0,72208;0,00000;0,00000
;3,63250;0,70970;0,72031;0,00000;0,00000
;3,63300;0,69881;0,71867;0,00000;0,00000
;3,63350;0,71675;0,71717;0,00000;0,00000
;3,63400;0,70202;0,71580;0,00000;0,00000
;3,63450;0,70458;0,71454;0,00000;0,00000
;3,63500;0,74494;0,71341;0,00000;0,00000
;3,63550;0,70458;0,71243;0,00000;0,00000
;3,63600;0,72380;0,71164;0,00000;0,00000
;3,63650;0,70586;0,71104;0,00000;0,00000
;3,63700;0,71291;0,71060;0,00000;0,00000
;3,63750;0,71803;0,71031;0,00000;0,00000
;3,63800;0,68087;0,71013;0,00000;0,00000
;3,63850;0,68408;0,71002;0,00000;0,00000
;3,63900;0,74110;0,70989;0,00000;0,00000
;3,63950;0,65204;0,70974;0,00000;0,00000
;3,64000;0,73085;0,70954;0,00000;0,00000
;3,64050;0,69881;0,70927;0,00000;0,00000
;3,64100;0,77377;0,70898;0,00000;0,00000
;3,64150;0,71803;0,70877;0,00000;0,00000
;3,64200;0,73533;0,70873;0,00000;0,00000
;3,64250;0,68279;0,70887;0,00000;0,00000
;3,64300;0,75519;0,70916;0,00000;0,00000
;3,64350;0,74430;0,70960;0,00000;0,00000
;3,64400;0,79620;0,71026;0,00000;0,00000
;3,64450;0,69817;0,71121;0,00000;0,00000
;3,64500;0,71291;0,71245;0,00000;0,00000
;3,64550;0,70330;0,71385;0,00000;0,00000
;3,64600;0,77441;0,71532;0,00000;0,00000
;3,64650;0,71098;0,71684;0,00000;0,00000
;3,64700;0,76352;0,71842;0,00000;0,00000
;3,64750;0,70970;0,72003;0,00000;0,00000
;3,64800;0,76096;0,72166;0,00000;0,00000
;3,64850;0,70650;0,72328;0,00000;0,00000
;3,64900;0,79171;0,72488;0,00000;0,00000
;3,64950;0,73405;0,72648;0,00000;0,00000
;3,65000;0,72060;0,72809;0,00000;0,00000
;3,65050;0,71867;0,72967;0,00000;0,00000
;3,65100;0,71611;0,73113;0,00000;0,00000
;3,65150;0,71291;0,73239;0,00000;0,00000
;3,65200;0,69048;0,73340;0,00000;0,00000
;3,65250;0,61424;0,73404;0,00000;0,00000
;3,65300;0,76865;0,73419;0,00000;0,00000
;3,65350;0,71163;0,73384;0,00000;0,00000
;3,65400;0,78082;0,73312;0,00000;0,00000
;3,65450;0,76737;0,73223;0,00000;0,00000
;3,65500;0,71739;0,73133;0,00000;0,00000
;3,65550;0,70842;0,73051;0,00000;0,00000
;3,65600;0,77762;0,72977;0,00000;0,00000
;3,65650;0,73533;0,72914;0,00000;0,00000
;3,65700;0,76160;0,72870;0,00000;0,00000
;3,65750;0,67639;0,72846;0,00000;0,00000
;3,65800;0,80068;0,72838;0,00000;0,00000
;3,65850;0,70266;0,72846;0,00000;0,00000
;3,65900;0,72957;0,72868;0,00000;0,00000
;3,65950;0,76416;0,72902;0,00000;0,00000
;3,66000;0,83079;0,72949;0,00000;0,00000
;3,66050;0,76416;0,73024;0,00000;0,00000
;3,66100;0,76865;0,73134;0,00000;0,00000
;3,66150;0,74238;0,73281;0,00000;0,00000
;3,66200;0,80709;0,73457;0,00000;0,00000
;3,66250;0,81093;0,73663;0,00000;0,00000
;3,66300;0,71419;0,73899;0,00000;0,00000
;3,66350;0,75327;0,74158;0,00000;0,00000
;3,66400;0,78723;0,74424;0,00000;0,00000
;3,66450;0,77890;0,74693;0,00000;0,00000
;3,66500;0,69048;0,74959;0,00000;0,00000
;3,66550;0,74430;0,75210;0,00000;0,00000
;3,66600;0,78466;0,75433;0,00000;0,00000
;3,66650;0,69625;0,75625;0,00000;0,00000
;3,66700;0,73277;0,75781;0,00000;0,00000
;3,66750;0,75519;0,75894;0,00000;0,00000
;3,66800;0,76288;0,75965;0,00000;0,00000
;3,66850;0,70330;0,75999;0,00000;0,00000
;3,66900;0,75647;0,75997;0,00000;0,00000
;3,66950;0,70906;0,75960;0,00000;0,00000
;3,67000;0,77249;0,75890;0,00000;0,00000
;3,67050;0,72188;0,75792;0,00000;0,00000
;3,67100;0,73469;0,75673;0,00000;0,00000
;3,67150;0,70522;0,75535;0,00000;0,00000
;3,67200;0,71163;0,75376;0,00000;0,00000
;3,67250;0,75840;0,75196;0,00000;0,00000
;3,67300;0,69625;0,75000;0,00000;0,00000
;3,67350;0,72188;0,74791;0,00000;0,00000
;3,67400;0,73533;0,74573;0,00000;0,00000
;3,67450;0,77698;0,74350;0,00000;0,00000
;3,67500;0,71867;0,74135;0,00000;0,00000
;3,67550;0,76801;0,73937;0,00000;0,00000
;3,67600;0,71803;0,73761;0,00000;0,00000
;3,67650;0,72252;0,73608;0,00000;0,00000
;3,67700;0,72252;0,73475;0,00000;0,00000
;3,67750;0,66742;0,73356;0,00000;0,00000
;3,67800;0,70586;0,73240;0,00000;0,00000
;3,67850;0,69817;0,73117;0,00000;0,00000
;3,67900;0,73725;0,72986;0,00000;0,00000
;3,67950;0,71931;0,72849;0,00000;0,00000
;3,68000;0,71611;0,72711;0,00000;0,00000
;3,68050;0,69881;0,72575;0,00000;0,00000
;3,68100;0,67895;0,72440;0,00000;0,00000
;3,68150;0,73085;0,72301;0,00000;0,00000
;3,68200;0,70202;0,72160;0,00000;0,00000
;3,68250;0,75776;0,72020;0,00000;0,00000
;3,68300;0,68728;0,71889;0,00000;0,00000
;3,68350;0,72252;0,71770;0,00000;0,00000
;3,68400;0,69048;0,71661;0,00000;0,00000
;3,68450;0,66550;0,71559;0,00000;0,00000
;3,68500;0,71419;0,71457;0,00000;0,00000
;3,68550;0,73982;0,71353;0,00000;0,00000
;3,68600;0,70202;0,71252;0,00000;0,00000
;3,68650;0,65204;0,71158;0,00000;0,00000
;3,68700;0,67254;0,71063;0,00000;0,00000
;3,68750;0,70202;0,70958;0,00000;0,00000
;3,68800;0,70778;0,70843;0,00000;0,00000
;3,68850;0,71034;0,70723;0,00000;0,00000
;3,68900;0,66101;0,70601;0,00000;0,00000
;3,68950;0,67767;0,70478;0,00000;0,00000
;3,69000;0,70970;0,70351;0,00000;0,00000
;3,69050;0,71163;0,70221;0,00000;0,00000
;3,69100;0,71419;0,70096;0,00000;0,00000
;3,69150;0,77313;0,69987;0,00000;0,00000
;3,69200;0,65012;0,69903;0,00000;0,00000
;3,69250;0,72380;0,69845;0,00000;0,00000
;3,69300;0,71547;0,69810;0,00000;0,00000
;3,69350;0,74110;0,69798;0,00000;0,00000
;3,69400;0,71034;0,69812;0,00000;0,00000
;3,69450;0,74494;0,69855;0,00000;0,00000
;3,69500;0,70778;0,69926;0,00000;0,00000
;3,69550;0,70330;0,70023;0,00000;0,00000
;3,69600;0,73085;0,70138;0,00000;0,00000
;3,69650;0,77121;0,70270;0,00000;0,00000
;3,69700;0,75904;0,70423;0,00000;0,00000
;3,69750;0,72380;0,70602;0,00000;0,00000
;3,69800;0,76737;0,70807;0,00000;0,00000
;3,69850;0,76160;0,71036;0,00000;0,00000
;3,69900;0,73149;0,71289;0,00000;0,00000
;3,69950;0,76993;0,71561;0,00000;0,00000
;3,70000;0,66678;0,71846;0,00000;0,00000
;3,70050;0,74750;0,72130;0,00000;0,00000
;3,70100;0,75647;0,72401;0,00000;0,00000
;3,70150;0,78979;0,72660;0,00000;0,00000
;3,70200;0,73597;0,72911;0,00000;0,00000
;3,70250;0,77762;0,73159;0,00000;0,00000
;3,70300;0,75840;0,73404;0,00000;0,00000
;3,70350;0,74750;0,73647;0,00000;0,00000
;3,70400;0,76737;0,73884;0,00000;0,00000
;3,70450;0,79171;0,74116;0,00000;0,00000
;3,70500;0,71739;0,74343;0,00000;0,00000
;3,70550;0,76160;0,74562;0,00000;0,00000
;3,70600;0,71098;0,74765;0,00000;0,00000
;3,70650;0,83528;0,74948;0,00000;0,00000
;3,70700;0,71034;0,75113;0,00000;0,00000
;3,70750;0,75647;0,75263;0,00000;0,00000
;3,70800;0,73725;0,75393;0,00000;0,00000
;3,70850;0,79684;0,75502;0,00000;0,00000
;3,70900;0,69817;0,75592;0,00000;0,00000
;3,70950;0,78018;0,75663;0,00000;0,00000
;3,71000;0,75391;0,75713;0,00000;0,00000
;3,71050;0,77890;0,75747;0,00000;0,00000
;3,71100;0,78595;0,75774;0,00000;0,00000
;3,71150;0,78402;0,75799;0,00000;0,00000
;3,71200;0,75583;0,75832;0,00000;0,00000
;3,71250;0,87757;0,75876;0,00000;0,00000
;3,71300;0,70458;0,75941;0,00000;0,00000
;3,71350;0,84233;0,76030;0,00000;0,00000
;3,71400;0,72252;0,76139;0,00000;0,00000
;3,71450;0,77121;0,76261;0,00000;0,00000
;3,71500;0,70522;0,76386;0,00000;0,00000
;3,71550;0,78915;0,76499;0,00000;0,00000
;3,71600;0,72636;0,76595;0,00000;0,00000
;3,71650;0,79620;0,76669;0,00000;0,00000
;3,71700;0,74750;0,76725;0,00000;0,00000
;3,71750;0,78659;0,76765;0,00000;0,00000
;3,71800;0,78915;0,76793;0,00000;0,00000
;3,71850;0,77377;0,76816;0,00000;0,00000
;3,71900;0,74046;0,76837;0,00000;0,00000
;3,71950;0,79492;0,76855;0,00000;0,00000
;3,72000;0,72380;0,76869;0,00000;0,00000
;3,72050;0,79043;0,76876;0,00000;0,00000
;3,72100;0,67254;0,76872;0,00000;0,00000
;3,72150;0,71995;0,76847;0,00000;0,00000
;3,72200;0,77762;0,76791;0,00000;0,00000
;3,72250;0,73277;0,76704;0,00000;0,00000
;3,72300;0,78787;0,76594;0,00000;0,00000
;3,72350;0,77505;0,76472;0,00000;0,00000
;3,72400;0,68151;0,76344;0,00000;0,00000
;3,72450;0,72508;0,76209;0,00000;0,00000
;3,72500;0,72957;0,76058;0,00000;0,00000
;3,72550;0,78274;0,75891;0,00000;0,00000
;3,72600;0,71419;0,75715;0,00000;0,00000
;3,72650;0,75968;0,75537;0,00000;0,00000
;3,72700;0,77634;0,75361;0,00000;0,00000
;3,72750;0,75199;0,75197;0,00000;0,00000
;3,72800;0,65524;0,75046;0,00000;0,00000
;3,72850;0,74815;0,74902;0,00000;0,00000
;3,72900;0,74110;0,74755;0,00000;0,00000
;3,72950;0,72828;0,74607;0,00000;0,00000
;3,73000;0,72636;0,74462;0,00000;0,00000
;3,73050;0,78787;0,74321;0,00000;0,00000
;3,73100;0,74815;0,74192;0,00000;0,00000
;3,73150;0,76929;0,74084;0,00000;0,00000
;3,73200;0,77634;0,74003;0,00000;0,00000
;3,73250;0,73789;0,73955;0,00000;0,00000
;3,73300;0,73661;0,73938;0,00000;0,00000
;3,73350;0,80196;0,73947;0,00000;0,00000
;3,73400;0,74430;0,73983;0,00000;0,00000
;3,73450;0,73853;0,74046;0,00000;0,00000
;3,73500;0,73213;0,74127;0,00000;0,00000
;3,73550;0,68279;0,74215;0,00000;0,00000
;3,73600;0,69497;0,74294;0,00000;0,00000
;3,73650;0,73085;0,74348;0,00000;0,00000
;3,73700;0,76288;0,74373;0,00000;0,00000
;3,73750;0,74686;0,74374;0,00000;0,00000
;3,73800;0,74494;0,74361;0,00000;0,00000
;3,73850;0,74046;0,74337;0,00000;0,00000
;3,73900;0,75071;0,74309;0,00000;0,00000
;3,73950;0,67254;0,74275;0,00000;0,00000
;3,74000;0,72764;0,74231;0,00000;0,00000
;3,74050;0,71803;0,74169;0,00000;0,00000
;3,74100;0,73533;0,74089;0,00000;0,00000
;3,74150;0,73469;0,73995;0,00000;0,00000
;3,74200;0,79107;0,73895;0,00000;0,00000
;3,74250;0,72316;0,73799;0,00000;0,00000
;3,74300;0,76673;0,73716;0,00000;0,00000
;3,74350;0,69497;0,73648;0,00000;0,00000
;3,74400;0,77570;0,73593;0,00000;0,00000
;3,74450;0,70522;0,73551;0,00000;0,00000
;3,74500;0,74110;0,73519;0,00000;0,00000
;3,74550;0,75776;0,73496;0,00000;0,00000
;3,74600;0,77185;0,73483;0,00000;0,00000
;3,74650;0,77057;0,73488;0,00000;0,00000
;3,74700;0,74943;0,73517;0,00000;0,00000
;3,74750;0,73918;0,73569;0,00000;0,00000
;3,74800;0,80196;0,73643;0,00000;0,00000
;3,74850;0,77377;0,73741;0,00000;0,00000
;3,74900;0,74046;0,73864;0,00000;0,00000
;3,74950;0,74046;0,74009;0,00000;0,00000
;3,75000;0,74046;0,74165;0,00000;0,00000
;3,75050;0,74622;0,74322;0,00000;0,00000
;3,75100;0,78466;0,74476;0,00000;0,00000
;3,75150;0,73277;0,74626;0,00000;0,00000
;3,75200;0,75968;0,74770;0,00000;0,00000
;3,75250;0,75263;0,74905;0,00000;0,00000
;3,75300;0,76160;0,75030;0,00000;0,00000
;3,75350;0,75519;0,75145;0,00000;0,00000
;3,75400;0,80837;0,75252;0,00000;0,00000
;3,75450;0,79043;0,75358;0,00000;0,00000
;3,75500;0,79684;0,75473;0,00000;0,00000
;3,75550;0,75455;0,75601;0,00000;0,00000
;3,75600;0,82887;0,75743;0,00000;0,00000
;3,75650;0,74302;0,75898;0,00000;0,00000
;3,75700;0,74238;0,76064;0,00000;0,00000
;3,75750;0,73918;0,76228;0,00000;0,00000
;3,75800;0,81606;0,76379;0,00000;0,00000
;3,75850;0,74686;0,76517;0,00000;0,00000
;3,75900;0,78915;0,76644;0,00000;0,00000
;3,75950;0,80773;0,76762;0,00000;0,00000
;3,76000;0,81478;0,76877;0,00000;0,00000
;3,76050;0,71867;0,76995;0,00000;0,00000
;3,76100;0,80709;0,77112;0,00000;0,00000
;3,76150;0,72508;0,77222;0,00000;0,00000
;3,76200;0,78723;0,77319;0,00000;0,00000
;3,76250;0,80517;0,77401;0,00000;0,00000
;3,76300;0,83720;0,77475;0,00000;0,00000
;3,76350;0,79299;0,77553;0,00000;0,00000
;3,76400;0,80709;0,77643;0,00000;0,00000
;3,76450;0,77698;0,77747;0,00000;0,00000
;3,76500;0,78146;0,77861;0,00000;0,00000
;3,76550;0,77890;0,77980;0,00000;0,00000
;3,76600;0,81542;0,78098;0,00000;0,00000
;3,76650;0,83208;0,78217;0,00000;0,00000
;3,76700;0,83208;0,78344;0,00000;0,00000
;3,76750;0,76801;0,78485;0,00000;0,00000
;3,76800;0,80132;0,78637;0,00000;0,00000
;3,76850;0,76801;0,78792;0,00000;0,00000
;3,76900;0,82183;0,78941;0,00000;0,00000
;3,76950;0,79684;0,79083;0,00000;0,00000
;3,77000;0,80581;0,79219;0,00000;0,00000
;3,77050;0,78402;0,79347;0,00000;0,00000
;3,77100;0,82311;0,79466;0,00000;0,00000
;3,77150;0,75968;0,79575;0,00000;0,00000
;3,77200;0,80837;0,79671;0,00000;0,00000
;3,77250;0,81798;0,79753;0,00000;0,00000
;3,77300;0,78018;0,79822;0,00000;0,00000
;3,77350;0,73149;0,79878;0,00000;0,00000
;3,77400;0,77954;0,79910;0,00000;0,00000
;3,77450;0,76608;0,79911;0,00000;0,00000
;3,77500;0,84297;0,79882;0,00000;0,00000
;3,77550;0,83464;0,79834;0,00000;0,00000
;3,77600;0,81350;0,79783;0,00000;0,00000
;3,77650;0,71098;0,79737;0,00000;0,00000
;3,77700;0,80773;0,79690;0,00000;0,00000
;3,77750;0,78146;0,79635;0,00000;0,00000
;3,77800;0,77377;0,79571;0,00000;0,00000
;3,77850;0,76096;0,79498;0,00000;0,00000
;3,77900;0,81926;0,79414;0,00000;0,00000
;3,77950;0,74238;0,79323;0,00000;0,00000
;3,78000;0,78723;0,79224;0,00000;0,00000
;3,78050;0,77890;0,79119;0,00000;0,00000
;3,78100;0,80517;0,79008;0,00000;0,00000
;3,78150;0,85450;0,78902;0,00000;0,00000
;3,78200;0,78595;0,78813;0,00000;0,00000
;3,78250;0,75840;0,78748;0,00000;0,00000
;3,78300;0,83400;0,78703;0,00000;0,00000
;3,78350;0,74686;0,78676;0,00000;0,00000
;3,78400;0,81862;0,78664;0,00000;0,00000
;3,78450;0,74174;0,78663;0,00000;0,00000
;3,78500;0,81926;0,78667;0,00000;0,00000
;3,78550;0,75007;0,78674;0,00000;0,00000
;3,78600;0,76224;0,78678;0,00000;0,00000
;3,78650;0,74430;0,78673;0,00000;0,00000
;3,78700;0,76608;0,78651;0,00000;0,00000
;3,78750;0,77890;0,78607;0,00000;0,00000
;3,78800;0,77249;0,78544;0,00000;0,00000
;3,78850;0,81926;0,78468;0,00000;0,00000
;3,78900;0,81221;0,78388;0,00000;0,00000
;3,78950;0,78338;0,78318;0,00000;0,00000
;3,79000;0,70714;0,78258;0,00000;0,00000
;3,79050;0,76224;0,78200;0,00000;0,00000
;3,79100;0,81798;0,78135;0,00000;0,00000
;3,79150;0,75327;0,78066;0,00000;0,00000
;3,79200;0,66934;0,77992;0,00000;0,00000
;3,79250;0,75519;0,77901;0,00000;0,00000
;3,79300;0,73789;0,77782;0,00000;0,00000
;3,79350;0,77441;0,77635;0,00000;0,00000
;3,79400;0,75776;0,77467;0,00000;0,00000
;3,79450;0,81798;0,77288;0,00000;0,00000
;3,79500;0,77698;0,77113;0,00000;0,00000
;3,79550;0,78851;0,76954;0,00000;0,00000
;3,79600;0,77762;0,76820;0,00000;0,00000
;3,79650;0,79748;0,76713;0,00000;0,00000
;3,79700;0,75968;0,76638;0,00000;0,00000
;3,79750;0,73725;0,76590;0,00000;0,00000
;3,79800;0,76673;0,76561;0,00000;0,00000
;3,79850;0,79812;0,76546;0,00000;0,00000
;3,79900;0,80260;0,76545;0,00000;0,00000
;3,79950;0,81414;0,76566;0,00000;0,00000
;3,80000;0,77121;0,76613;0,00000;0,00000
;3,80050;0,76224;0,76687;0,00000;0,00000
;3,80100;0,79876;0,76780;0,00000;0,00000
;3,80150;0,78787;0,76887;0,00000;0,00000
;3,80200;0,79748;0,77008;0,00000;0,00000
;3,80250;0,79428;0,77141;0,00000;0,00000
;3,80300;0,74815;0,77283;0,00000;0,00000
;3,80350;0,86539;0,77431;0,00000;0,00000
;3,80400;0,81734;0,77588;0,00000;0,00000
;3,80450;0,83848;0,77763;0,00000;0,00000
;3,80500;0,78082;0,77961;0,00000;0,00000
;3,80550;0,87308;0,78179;0,00000;0,00000
;3,80600;0,80709;0,78419;0,00000;0,00000
;3,80650;0,81926;0,78680;0,00000;0,00000
;3,80700;0,75455;0,78954;0,00000;0,00000
;3,80750;0,84361;0,79230;0,00000;0,00000
;3,80800;0,78531;0,79498;0,00000;0,00000
;3,80850;0,84233;0,79754;0,00000;0,00000
;3,80900;0,79428;0,79998;0,00000;0,00000
;3,80950;0,87116;0,80228;0,00000;0,00000
;3,81000;0,82311;0,80451;0,00000;0,00000
;3,81050;0,90960;0,80673;0,00000;0,00000
;3,81100;0,74943;0,80901;0,00000;0,00000
;3,81150;0,83464;0,81131;0,00000;0,00000
;3,81200;0,75968;0,81349;0,00000;0,00000
;3,81250;0,90640;0,81548;0,00000;0,00000
;3,81300;0,84169;0,81731;0,00000;0,00000
;3,81350;0,86924;0,81908;0,00000;0,00000
;3,81400;0,76480;0,82085;0,00000;0,00000
;3,81450;0,84681;0,82255;0,00000;0,00000
;3,81500;0,81734;0,82410;0,00000;0,00000
;3,81550;0,85770;0,82550;0,00000;0,00000
;3,81600;0,74622;0,82673;0,00000;0,00000
;3,81650;0,86411;0,82775;0,00000;0,00000
;3,81700;0,87757;0,82853;0,00000;0,00000
;3,81750;0,85578;0,82920;0,00000;0,00000
;3,81800;0,77954;0,82985;0,00000;0,00000
;3,81850;0,82118;0,83044;0,00000;0,00000
;3,81900;0,80324;0,83088;0,00000;0,00000
;3,81950;0,87052;0,83116;0,00000;0,00000
;3,82000;0,80645;0,83129;0,00000;0,00000
;3,82050;0,88654;0,83135;0,00000;0,00000
;3,82100;0,81606;0,83140;0,00000;0,00000
;3,82150;0,88077;0,83150;0,00000;0,00000
;3,82200;0,91665;0,83173;0,00000;0,00000
;3,82250;0,88718;0,83224;0,00000;0,00000
;3,82300;0,81157;0,83310;0,00000;0,00000
;3,82350;0,85258;0,83429;0,00000;0,00000
;3,82400;0,83015;0,83566;0,00000;0,00000
;3,82450;0,81350;0,83712;0,00000;0,00000
;3,82500;0,83656;0,83855;0,00000;0,00000
;3,82550;0,87116;0,83987;0,00000;0,00000
;3,82600;0,78018;0,84106;0,00000;0,00000
;3,82650;0,83784;0,84207;0,00000;0,00000
;3,82700;0,77121;0,84280;0,00000;0,00000
;3,82750;0,86988;0,84318;0,00000;0,00000
;3,82800;0,82567;0,84324;0,00000;0,00000
;3,82850;0,83400;0,84303;0,00000;0,00000
;3,82900;0,83144;0,84260;0,00000;0,00000
;3,82950;0,77249;0,84198;0,00000;0,00000
;3,83000;0,82054;0,84112;0,00000;0,00000
;3,83050;0,87436;0,84003;0,00000;0,00000
;3,83100;0,82375;0,83879;0,00000;0,00000
;3,83150;0,76608;0,83749;0,00000;0,00000
;3,83200;0,81798;0,83609;0,00000;0,00000
;3,83250;0,82823;0,83456;0,00000;0,00000
;3,83300;0,86475;0,83295;0,00000;0,00000
;3,83350;0,80837;0,83136;0,00000;0,00000
;3,83400;0,82503;0,82987;0,00000;0,00000
;3,83450;0,83912;0,82850;0,00000;0,00000
;3,83500;0,81798;0,82725;0,00000;0,00000
;3,83550;0,82118;0,82616;0,00000;0,00000
;3,83600;0,77377;0,82519;0,00000;0,00000
;3,83650;0,81670;0,82426;0,00000;0,00000
;3,83700;0,82759;0,82335;0,00000;0,00000
;3,83750;0,75968;0,82242;0,00000;0,00000
;3,83800;0,82887;0,82145;0,00000;0,00000
;3,83850;0,79107;0,82041;0,00000;0,00000
;3,83900;0,79876;0,81930;0,00000;0,00000
;3,83950;0,79620;0,81812;0,00000;0,00000
;3,84000;0,74558;0,81684;0,00000;0,00000
;3,84050;0,80004;0,81541;0,00000;0,00000
;3,84100;0,79299;0,81381;0,00000;0,00000
;3,84150;0,83400;0,81209;0,00000;0,00000
;3,84200;0,77634;0,81033;0,00000;0,00000
;3,84250;0,81029;0,80859;0,00000;0,00000
;3,84300;0,76096;0,80689;0,00000;0,00000
;3,84350;0,81926;0,80523;0,00000;0,00000
;3,84400;0,81093;0,80363;0,00000;0,00000
;3,84450;0,84041;0,80217;0,00000;0,00000
;3,84500;0,80965;0,80094;0,00000;0,00000
;3,84550;0,75391;0,79997;0,00000;0,00000
;3,84600;0,80837;0,79920;0,00000;0,00000
;3,84650;0,79748;0,79857;0,00000;0,00000
;3,84700;0,75519;0,79805;0,00000;0,00000
;3,84750;0,74558;0,79755;0,00000;0,00000
;3,84800;0,85514;0,79699;0,00000;0,00000
;3,84850;0,80837;0,79641;0,00000;0,00000
;3,84900;0,80324;0,79591;0,00000;0,00000
;3,84950;0,78595;0,79552;0,00000;0,00000
;3,85000;0,83592;0,79527;0,00000;0,00000
;3,85050;0,77505;0,79515;0,00000;0,00000
;3,85100;0,83592;0,79517;0,00000;0,00000
;3,85150;0,81157;0,79534;0,00000;0,00000
;3,85200;0,81093;0,79569;0,00000;0,00000
;3,85250;0,80581;0,79621;0,00000;0,00000
;3,85300;0,86027;0,79690;0,00000;0,00000
;3,85350;0,87052;0,79781;0,00000;0,00000
;3,85400;0,81478;0,79903;0,00000;0,00000
;3,85450;0,80837;0,80055;0,00000;0,00000
;3,85500;0,79299;0,80230;0,00000;0,00000
;3,85550;0,78018;0,80412;0,00000;0,00000
;3,85600;0,83528;0,80590;0,00000;0,00000
;3,85650;0,81670;0,80758;0,00000;0,00000
;3,85700;0,84169;0,80917;0,00000;0,00000
;3,85750;0,77505;0,81067;0,00000;0,00000
;3,85800;0,88013;0,81207;0,00000;0,00000
;3,85850;0,80004;0,81339;0,00000;0,00000
;3,85900;0,83079;0,81465;0,00000;0,00000
;3,85950;0,81157;0,81585;0,00000;0,00000
;3,86000;0,86283;0,81698;0,00000;0,00000
;3,86050;0,82823;0,81807;0,00000;0,00000
;3,86100;0,86860;0,81918;0,00000;0,00000
;3,86150;0,80965;0,82035;0,00000;0,00000
;3,86200;0,92370;0,82160;0,00000;0,00000
;3,86250;0,83848;0,82300;0,00000;0,00000
;3,86300;0,83336;0,82460;0,00000;0,00000
;3,86350;0,85770;0,82636;0,00000;0,00000
;3,86400;0,82247;0,82822;0,00000;0,00000
;3,86450;0,82503;0,83010;0,00000;0,00000
;3,86500;0,87885;0,83194;0,00000;0,00000
;3,86550;0,86411;0,83374;0,00000;0,00000
;3,86600;0,84425;0,83553;0,00000;0,00000
;3,86650;0,78338;0,83728;0,00000;0,00000
;3,86700;0,88782;0,83890;0,00000;0,00000
;3,86750;0,83592;0,84036;0,00000;0,00000
;3,86800;0,82887;0,84166;0,00000;0,00000
;3,86850;0,80132;0,84278;0,00000;0,00000
;3,86900;0,84681;0,84364;0,00000;0,00000
;3,86950;0,81734;0,84422;0,00000;0,00000
;3,87000;0,87757;0,84454;0,00000;0,00000
;3,87050;0,86475;0,84466;0,00000;0,00000
;3,87100;0,86796;0,84471;0,00000;0,00000
;3,87150;0,82118;0,84475;0,00000;0,00000
;3,87200;0,93267;0,84483;0,00000;0,00000
;3,87250;0,85770;0,84504;0,00000;0,00000
;3,87300;0,90063;0,84546;0,00000;0,00000
;3,87350;0,81157;0,84614;0,00000;0,00000
;3,87400;0,88077;0,84701;0,00000;0,00000
;3,87450;0,80773;0,84799;0,00000;0,00000
;3,87500;0,87244;0,84901;0,00000;0,00000
;3,87550;0,88013;0,85001;0,00000;0,00000
;3,87600;0,84553;0,85100;0,00000;0,00000
;3,87650;0,80837;0,85197;0,00000;0,00000
;3,87700;0,87372;0,85283;0,00000;0,00000
;3,87750;0,86667;0,85357;0,00000;0,00000
;3,87800;0,81221;0,85418;0,00000;0,00000
;3,87850;0,85834;0,85465;0,00000;0,00000
;3,87900;0,85194;0,85495;0,00000;0,00000
;3,87950;0,76480;0,85507;0,00000;0,00000
;3,88000;0,81670;0,85491;0,00000;0,00000
;3,88050;0,81606;0,85438;0,00000;0,00000
;3,88100;0,85194;0,85347;0,00000;0,00000
;3,88150;0,83272;0,85224;0,00000;0,00000
;3,88200;0,85450;0,85079;0,00000;0,00000
;3,88250;0,77954;0,84919;0,00000;0,00000
;3,88300;0,89102;0,84749;0,00000;0,00000
;3,88350;0,78402;0,84571;0,00000;0,00000
;3,88400;0,89679;0,84393;0,00000;0,00000
;3,88450;0,81093;0,84222;0,00000;0,00000
;3,88500;0,87628;0,84064;0,00000;0,00000
;3,88550;0,80453;0,83925;0,00000;0,00000
;3,88600;0,82887;0,83803;0,00000;0,00000
;3,88650;0,87564;0,83696;0,00000;0,00000
;3,88700;0,82439;0,83608;0,00000;0,00000
;3,88750;0,79876;0,83537;0,00000;0,00000
;3,88800;0,82118;0,83478;0,00000;0,00000
;3,88850;0,86155;0,83423;0,00000;0,00000
;3,88900;0,81926;0,83375;0,00000;0,00000
;3,88950;0,70778;0,83328;0,00000;0,00000
;3,89000;0,77185;0,83266;0,00000;0,00000
;3,89050;0,77954;0,83169;0,00000;0,00000
;3,89100;0,82823;0,83032;0,00000;0,00000
;3,89150;0,81734;0,82860;0,00000;0,00000
;3,89200;0,83144;0,82668;0,00000;0,00000
;3,89250;0,82887;0,82467;0,00000;0,00000
;3,89300;0,80581;0,82270;0,00000;0,00000
;3,89350;0,82823;0,82081;0,00000;0,00000
;3,89400;0,82183;0,81907;0,00000;0,00000
;3,89450;0,82887;0,81750;0,00000;0,00000
;3,89500;0,76929;0,81615;0,00000;0,00000
;3,89550;0,79684;0,81494;0,00000;0,00000
;3,89600;0,83079;0,81383;0,00000;0,00000
;3,89650;0,75583;0,81280;0,00000;0,00000
;3,89700;0,73597;0,81177;0,00000;0,00000
;3,89750;0,77249;0,81061;0,00000;0,00000
;3,89800;0,88013;0,80928;0,00000;0,00000
;3,89850;0,81286;0,80788;0,00000;0,00000
;3,89900;0,79363;0,80657;0,00000;0,00000
;3,89950;0,86924;0,80542;0,00000;0,00000
;3,90000;0,82183;0,80451;0,00000;0,00000
;3,90050;0,80837;0,80392;0,00000;0,00000
;3,90100;0,76416;0,80362;0,00000;0,00000
;3,90150;0,83336;0,80352;0,00000;0,00000
;3,90200;0,78210;0,80355;0,00000;0,00000
;3,90250;0,78979;0,80367;0,00000;0,00000
;3,90300;0,81606;0,80382;0,00000;0,00000
;3,90350;0,90447;0,80401;0,00000;0,00000
;3,90400;0,83015;0,80437;0,00000;0,00000
;3,90450;0,88077;0,80504;0,00000;0,00000
;3,90500;0,78979;0,80607;0,00000;0,00000
;3,90550;0,83720;0,80741;0,00000;0,00000
;3,90600;0,79876;0,80896;0,00000;0,00000
;3,90650;0,84745;0,81064;0,00000;0,00000
;3,90700;0,80581;0,81239;0,00000;0,00000
;3,90750;0,82695;0,81415;0,00000;0,00000
;3,90800;0,82247;0,81587;0,00000;0,00000
;3,90850;0,83400;0,81751;0,00000;0,00000
;3,90900;0,79235;0,81905;0,00000;0,00000
;3,90950;0,89166;0,82048;0,00000;0,00000
;3,91000;0,79876;0,82181;0,00000;0,00000
;3,91050;0,94163;0,82311;0,00000;0,00000
;3,91100;0,80517;0,82448;0,00000;0,00000
;3,91150;0,90127;0,82598;0,00000;0,00000
;3,91200;0,76673;0,82762;0,00000;0,00000
;3,91250;0,95573;0,82934;0,00000;0,00000
;3,91300;0,74750;0,83113;0,00000;0,00000
;3,91350;0,89102;0,83295;0,00000;0,00000
;3,91400;0,80773;0,83472;0,00000;0,00000
;3,91450;0,84553;0,83640;0,00000;0,00000
;3,91500;0,85770;0,83793;0,00000;0,00000
;3,91550;0,91024;0,83936;0,00000;0,00000
;3,91600;0,82759;0,84075;0,00000;0,00000
;3,91650;0,82311;0,84214;0,00000;0,00000
;3,91700;0,81157;0,84344;0,00000;0,00000
;3,91750;0,87244;0,84457;0,00000;0,00000
;3,91800;0,79748;0,84548;0,00000;0,00000
;3,91850;0,85002;0,84617;0,00000;0,00000
;3,91900;0,85386;0,84661;0,00000;0,00000
;3,91950;0,84809;0,84686;0,00000;0,00000
;3,92000;0,86603;0,84698;0,00000;0,00000
;3,92050;0,87052;0,84703;0,00000;0,00000
;3,92100;0,82311;0,84707;0,00000;0,00000
;3,92150;0,87308;0,84712;0,00000;0,00000
;3,92200;0,85194;0,84720;0,00000;0,00000
;3,92250;0,87180;0,84733;0,00000;0,00000
;3,92300;0,93587;0,84757;0,00000;0,00000
;3,92350;0,86731;0,84803;0,00000;0,00000
;3,92400;0,85322;0,84879;0,00000;0,00000
;3,92450;0,86027;0,84980;0,00000;0,00000
;3,92500;0,82759;0,85097;0,00000;0,00000
;3,92550;0,88077;0,85220;0,00000;0,00000
;3,92600;0,83336;0,85343;0,00000;0,00000
;3,92650;0,82887;0,85460;0,00000;0,00000
;3,92700;0,83656;0,85561;0,00000;0,00000
;3,92750;0,89486;0,85642;0,00000;0,00000
;3,92800;0,83976;0,85706;0,00000;0,00000
;3,92850;0,91088;0,85759;0,00000;0,00000
;3,92900;0,83528;0,85806;0,00000;0,00000
;3,92950;0,84681;0,85850;0,00000;0,00000
;3,93000;0,79556;0,85885;0,00000;0,00000
;3,93050;0,85130;0,85901;0,00000;0,00000
;3,93100;0,83400;0,85892;0,00000;0,00000
;3,93150;0,84361;0,85858;0,00000;0,00000
;3,93200;0,85002;0,85802;0,00000;0,00000
;3,93250;0,84617;0,85727;0,00000;0,00000
;3,93300;0,80132;0,85637;0,00000;0,00000
;3,93350;0,82247;0,85529;0,00000;0,00000
;3,93400;0,84105;0,85400;0,00000;0,00000
;3,93450;0,90063;0,85257;0,00000;0,00000
;3,93500;0,84617;0,85111;0,00000;0,00000
;3,93550;0,81862;0,84973;0,00000;0,00000
;3,93600;0,76160;0,84841;0,00000;0,00000
;3,93650;0,87244;0,84704;0,00000;0,00000
;3,93700;0,77954;0,84559;0,00000;0,00000
;3,93750;0,80581;0,84402;0,00000;0,00000
;3,93800;0,77377;0,84230;0,00000;0,00000
;3,93850;0,85002;0,84038;0,00000;0,00000
;3,93900;0,81157;0,83828;0,00000;0,00000
;3,93950;0,78723;0,83609;0,00000;0,00000
;3,94000;0,78595;0,83380;0,00000;0,00000
;3,94050;0,79620;0,83140;0,00000;0,00000
;3,94100;0,82951;0,82889;0,00000;0,00000
;3,94150;0,80004;0,82633;0,00000;0,00000
;3,94200;0,78595;0,82378;0,00000;0,00000
;3,94250;0,75263;0,82124;0,00000;0,00000
;3,94300;0,86924;0,81869;0,00000;0,00000
;3,94350;0,80709;0,81620;0,00000;0,00000
;3,94400;0,84169;0,81390;0,00000;0,00000
;3,94450;0,81350;0,81186;0,00000;0,00000
;3,94500;0,80196;0,81015;0,00000;0,00000
;3,94550;0,73469;0,80872;0,00000;0,00000
;3,94600;0,81734;0,80745;0,00000;0,00000
;3,94650;0,80324;0,80627;0,00000;0,00000
;3,94700;0,77441;0,80517;0,00000;0,00000
;3,94750;0,76737;0,80412;0,00000;0,00000
;3,94800;0,84489;0,80309;0,00000;0,00000
;3,94850;0,83912;0,80212;0,00000;0,00000
;3,94900;0,78082;0,80131;0,00000;0,00000
;3,94950;0,80453;0,80070;0,00000;0,00000
;3,95000;0,83720;0,80026;0,00000;0,00000
;3,95050;0,78659;0,80000;0,00000;0,00000
;3,95100;0,80196;0,79992;0,00000;0,00000
;3,95150;0,79620;0,79998;0,00000;0,00000
;3,95200;0,79492;0,80012;0,00000;0,00000
;3,95250;0,79748;0,80030;0,00000;0,00000
;3,95300;0,79107;0,80050;0,00000;0,00000
;3,95350;0,81542;0,80068;0,00000;0,00000
;3,95400;0,81157;0,80085;0,00000;0,00000
;3,95450;0,79107;0,80104;0,00000;0,00000
;3,95500;0,84489;0,80125;0,00000;0,00000
;3,95550;0,81798;0,80152;0,00000;0,00000
;3,95600;0,81414;0,80190;0,00000;0,00000
;3,95650;0,80709;0,80241;0,00000;0,00000
;3,95700;0,91088;0,80305;0,00000;0,00000
;3,95750;0,78531;0,80391;0,00000;0,00000
;3,95800;0,83400;0,80501;0,00000;0,00000
;3,95850;0,77441;0,80629;0,00000;0,00000
;3,95900;0,81542;0,80764;0,00000;0,00000
;3,95950;0,87885;0,80899;0,00000;0,00000
;3,96000;0,85642;0,81038;0,00000;0,00000
;3,96050;0,82247;0,81191;0,00000;0,00000
;3,96100;0,81670;0,81357;0,00000;0,00000
;3,96150;0,85770;0,81530;0,00000;0,00000
;3,96200;0,85130;0,81710;0,00000;0,00000
;3,96250;0,87949;0,81898;0,00000;0,00000
;3,96300;0,85002;0,82100;0,00000;0,00000
;3,96350;0,77185;0,82314;0,00000;0,00000
;3,96400;0,86283;0,82528;0,00000;0,00000
;3,96450;0,77249;0,82731;0,00000;0,00000
;3,96500;0,87628;0,82915;0,00000;0,00000
;3,96550;0,83976;0,83079;0,00000;0,00000
;3,96600;0,85194;0,83225;0,00000;0,00000
;3,96650;0,76544;0,83356;0,00000;0,00000
;3,96700;0,86860;0,83466;0,00000;0,00000
;3,96750;0,84937;0,83553;0,00000;0,00000
;3,96800;0,85194;0,83622;0,00000;0,00000
;3,96850;0,80389;0,83681;0,00000;0,00000
;3,96900;0,87821;0,83729;0,00000;0,00000
;3,96950;0,82311;0,83768;0,00000;0,00000
;3,97000;0,86603;0,83802;0,00000;0,00000
;3,97050;0,83144;0,83834;0,00000;0,00000
;3,97100;0,85899;0,83866;0,00000;0,00000
;3,97150;0,83208;0,83899;0,00000;0,00000
;3,97200;0,87436;0,83935;0,00000;0,00000
;3,97250;0,79171;0,83973;0,00000;0,00000
;3,97300;0,91729;0,84013;0,00000;0,00000
;3,97350;0,78210;0,84055;0,00000;0,00000
;3,97400;0,89550;0,84099;0,00000;0,00000
;3,97450;0,82311;0,84145;0,00000;0,00000
;3,97500;0,89294;0,84195;0,00000;0,00000
;3,97550;0,84169;0,84251;0,00000;0,00000
;3,97600;0,83848;0,84316;0,00000;0,00000
;3,97650;0,79876;0,84383;0,00000;0,00000
;3,97700;0,87372;0,84444;0,00000;0,00000
;3,97750;0,80196;0,84494;0,00000;0,00000
;3,97800;0,82759;0,84530;0,00000;0,00000
;3,97850;0,84361;0,84547;0,00000;0,00000
;3,97900;0,88974;0,84548;0,00000;0,00000
;3,97950;0,82823;0,84540;0,00000;0,00000
;3,98000;0,78018;0,84527;0,00000;0,00000
;3,98050;0,80004;0,84501;0,00000;0,00000
;3,98100;0,88141;0,84453;0,00000;0,00000
;3,98150;0,84873;0,84387;0,00000;0,00000
;3,98200;0,90127;0,84317;0,00000;0,00000
;3,98250;0,77954;0,84254;0,00000;0,00000
;3,98300;0,83464;0,84198;0,00000;0,00000
;3,98350;0,78274;0,84141;0,00000;0,00000
;3,98400;0,83784;0,84074;0,00000;0,00000
;3,98450;0,84169;0,83994;0,00000;0,00000
;3,98500;0,85963;0,83908;0,00000;0,00000
;3,98550;0,76096;0,83819;0,00000;0,00000
;3,98600;0,86155;0,83727;0,00000;0,00000
;3,98650;0,82887;0,83629;0,00000;0,00000
;3,98700;0,82439;0,83531;0,00000;0,00000
;3,98750;0,80965;0,83433;0,00000;0,00000
;3,98800;0,82887;0,83336;0,00000;0,00000
;3,98850;0,81093;0,83238;0,00000;0,00000
;3,98900;0,81990;0,83138;0,00000;0,00000
;3,98950;0,74686;0,83034;0,00000;0,00000
;3,99000;0,84681;0,82919;0,00000;0,00000
;3,99050;0,78466;0,82791;0,00000;0,00000
;3,99100;0,82311;0,82651;0,00000;0,00000
;3,99150;0,74302;0,82500;0,00000;0,00000
;3,99200;0,78595;0,82334;0,00000;0,00000
;3,99250;0,79363;0,82147;0,00000;0,00000
;3,99300;0,80324;0,81941;0,00000;0,00000
;3,99350;0,79556;0,81721;0,00000;0,00000
;3,99400;0,80260;0,81495;0,00000;0,00000
;3,99450;0,85386;0,81269;0,00000;0,00000
;3,99500;0,76288;0,81056;0,00000;0,00000
;3,99550;0,76160;0,80856;0,00000;0,00000
;3,99600;0,77249;0,80663;0,00000;0,00000
;3,99650;0,78018;0,80470;0,00000;0,00000
;3,99700;0,80901;0,80277;0,00000;0,00000
;3,99750;0,74750;0,80086;0,00000;0,00000
;3,99800;0,81862;0,79898;0,00000;0,00000
;3,99850;0,72828;0,79713;0,00000;0,00000
;3,99900;0,76416;0,79529;0,00000;0,00000
;3,99950;0,82887;0,79343;0,00000;0,00000
;4,00000;0,78979;0,79162;0,00000;0,00000
;4,00050;0,78082;0,78993;0,00000;0,00000
;4,00100;0,77441;0,78841;0,00000;0,00000
;4,00150;0,75327;0,78703;0,00000;0,00000
;4,00200;0,76673;0,78574;0,00000;0,00000
;4,00250;0,84425;0,78452;0,00000;0,00000
;4,00300;0,77762;0,78344;0,00000;0,00000
;4,00350;0,77249;0,78257;0,00000;0,00000
;4,00400;0,75519;0,78187;0,00000;0,00000
;4,00450;0,80389;0,78129;0,00000;0,00000
;4,00500;0,77826;0,78082;0,00000;0,00000
;4,00550;0,84425;0,78048;0,00000;0,00000
;4,00600;0,75135;0,78033;0,00000;0,00000
;4,00650;0,81542;0,78039;0,00000;0,00000
;4,00700;0,80453;0,78062;0,00000;0,00000
;4,00750;0,82311;0,78107;0,00000;0,00000
;4,00800;0,78274;0,78175;0,00000;0,00000
;4,00850;0,78659;0,78263;0,00000;0,00000
;4,00900;0,75647;0,78363;0,00000;0,00000
;4,00950;0,80132;0,78466;0,00000;0,00000
;4,01000;0,77634;0,78565;0,00000;0,00000
;4,01050;0,79299;0,78658;0,00000;0,00000
;4,01100;0,81670;0,78742;0,00000;0,00000
;4,01150;0,87244;0,78825;0,00000;0,00000
;4,01200;0,91857;0,78924;0,00000;0,00000
;4,01250;0,86667;0,79060;0,00000;0,00000
;4,01300;0,76929;0,79247;0,00000;0,00000
;4,01350;0,82631;0,79476;0,00000;0,00000
;4,01400;0,82695;0,79731;0,00000;0,00000
;4,01450;0,81606;0,80003;0,00000;0,00000
;4,01500;0,81926;0,80282;0,00000;0,00000
;4,01550;0,81542;0,80561;0,00000;0,00000
;4,01600;0,77057;0,80830;0,00000;0,00000
;4,01650;0,80132;0,81077;0,00000;0,00000
;4,01700;0,80837;0,81293;0,00000;0,00000
;4,01750;0,85514;0,81474;0,00000;0,00000
;4,01800;0,81093;0,81627;0,00000;0,00000
;4,01850;0,84425;0,81757;0,00000;0,00000
;4,01900;0,81157;0,81869;0,00000;0,00000
;4,01950;0,78531;0,81965;0,00000;0,00000
;4,02000;0,76993;0,82038;0,00000;0,00000
;4,02050;0,81157;0,82080;0,00000;0,00000
;4,02100;0,76096;0,82087;0,00000;0,00000
;4,02150;0,88525;0,82059;0,00000;0,00000
;4,02200;0,77634;0,82005;0,00000;0,00000
;4,02250;0,79684;0,81935;0,00000;0,00000
;4,02300;0,83400;0,81849;0,00000;0,00000
;4,02350;0,80901;0,81754;0,00000;0,00000
;4,02400;0,77377;0,81653;0,00000;0,00000
;4,02450;0,82759;0,81548;0,00000;0,00000
;4,02500;0,81478;0,81439;0,00000;0,00000
;4,02550;0,85130;0,81334;0,00000;0,00000
;4,02600;0,80132;0,81241;0,00000;0,00000
;4,02650;0,83015;0,81165;0,00000;0,00000
;4,02700;0,77185;0,81105;0,00000;0,00000
;4,02750;0,85450;0,81058;0,00000;0,00000
;4,02800;0,78915;0,81024;0,00000;0,00000
;4,02850;0,83784;0,81002;0,00000;0,00000
;4,02900;0,82567;0,80994;0,00000;0,00000
;4,02950;0,77441;0,81000;0,00000;0,00000
;4,03000;0,75327;0,81011;0,00000;0,00000
;4,03050;0,82567;0,81015;0,00000;0,00000
;4,03100;0,86924;0,81011;0,00000;0,00000
;4,03150;0,88589;0,81010;0,00000;0,00000
;4,03200;0,75391;0,81027;0,00000;0,00000
;4,03250;0,83272;0,81062;0,00000;0,00000
;4,03300;0,74622;0,81105;0,00000;0,00000
;4,03350;0,84553;0,81146;0,00000;0,00000
;4,03400;0,77185;0,81179;0,00000;0,00000
;4,03450;0,83976;0,81202;0,00000;0,00000
;4,03500;0,76224;0,81216;0,00000;0,00000
;4,03550;0,77441;0,81215;0,00000;0,00000
;4,03600;0,83592;0,81195;0,00000;0,00000
;4,03650;0,79235;0,81158;0,00000;0,00000
;4,03700;0,75647;0,81106;0,00000;0,00000
;4,03750;0,81286;0,81037;0,00000;0,00000
;4,03800;0,79428;0,80952;0,00000;0,00000
;4,03850;0,78146;0,80852;0,00000;0,00000
;4,03900;0,72380;0,80738;0,00000;0,00000
;4,03950;0,81221;0,80604;0,00000;0,00000
;4,04000;0,84041;0,80451;0,00000;0,00000
;4,04050;0,81798;0,80294;0,00000;0,00000
;4,04100;0,73277;0,80144;0,00000;0,00000
;4,04150;0,77185;0,80000;0,00000;0,00000
;4,04200;0,69817;0,79849;0,00000;0,00000
;4,04250;0,81862;0,79683;0,00000;0,00000
;4,04300;0,74494;0,79499;0,00000;0,00000
;4,04350;0,81093;0,79303;0,00000;0,00000
;4,04400;0,76032;0,79102;0,00000;0,00000
;4,04450;0,76993;0,78902;0,00000;0,00000
;4,04500;0,76160;0,78704;0,00000;0,00000
;4,04550;0,76416;0,78508;0,00000;0,00000
;4,04600;0,74815;0,78314;0,00000;0,00000
;4,04650;0,75455;0,78121;0,00000;0,00000
;4,04700;0,78979;0,77928;0,00000;0,00000
;4,04750;0,77698;0,77740;0,00000;0,00000
;4,04800;0,71739;0,77561;0,00000;0,00000
;4,04850;0,74494;0,77389;0,00000;0,00000
;4,04900;0,71227;0,77215;0,00000;0,00000
;4,04950;0,79107;0,77035;0,00000;0,00000
;4,05000;0,70522;0,76848;0,00000;0,00000
;4,05050;0,76096;0,76658;0,00000;0,00000
;4,05100;0,76160;0,76464;0,00000;0,00000
;4,05150;0,74238;0,76272;0,00000;0,00000
;4,05200;0,82759;0,76089;0,00000;0,00000
;4,05250;0,75904;0,75926;0,00000;0,00000
;4,05300;0,82631;0,75794;0,00000;0,00000
;4,05350;0,71483;0,75701;0,00000;0,00000
;4,05400;0,75776;0,75643;0,00000;0,00000
;4,05450;0,76032;0,75611;0,00000;0,00000
;4,05500;0,82951;0,75601;0,00000;0,00000
;4,05550;0,76673;0,75619;0,00000;0,00000
;4,05600;0,75199;0,75666;0,00000;0,00000
;4,05650;0,76224;0,75737;0,00000;0,00000
;4,05700;0,83144;0,75825;0,00000;0,00000
;4,05750;0,73853;0,75931;0,00000;0,00000
;4,05800;0,70330;0,76051;0,00000;0,00000
;4,05850;0,72636;0,76166;0,00000;0,00000
;4,05900;0,77826;0,76262;0,00000;0,00000
;4,05950;0,74879;0,76335;0,00000;0,00000
;4,06000;0,78659;0,76386;0,00000;0,00000
;4,06050;0,72188;0,76421;0,00000;0,00000
;4,06100;0,82823;0,76440;0,00000;0,00000
;4,06150;0,70970;0,76450;0,00000;0,00000
;4,06200;0,83720;0,76454;0,00000;0,00000
;4,06250;0,70522;0,76456;0,00000;0,00000
;4,06300;0,83272;0,76459;0,00000;0,00000
;4,06350;0,75455;0,76466;0,00000;0,00000
;4,06400;0,83848;0,76484;0,00000;0,00000
;4,06450;0,74750;0,76519;0,00000;0,00000
;4,06500;0,83656;0,76575;0,00000;0,00000
;4,06550;0,76480;0,76652;0,00000;0,00000
;4,06600;0,81221;0,76753;0,00000;0,00000
;4,06650;0,76160;0,76874;0,00000;0,00000
;4,06700;0,79492;0,77010;0,00000;0,00000
;4,06750;0,75135;0,77155;0,00000;0,00000
;4,06800;0,82567;0,77303;0,00000;0,00000
;4,06850;0,79684;0,77453;0,00000;0,00000
;4,06900;0,82439;0,77608;0,00000;0,00000
;4,06950;0,78915;0,77772;0,00000;0,00000
;4,07000;0,77121;0,77943;0,00000;0,00000
;4,07050;0,74494;0,78114;0,00000;0,00000
;4,07100;0,82311;0,78274;0,00000;0,00000
;4,07150;0,83528;0,78421;0,00000;0,00000
;4,07200;0,81350;0,78563;0,00000;0,00000
;4,07250;0,74366;0,78706;0,00000;0,00000
;4,07300;0,80132;0,78844;0,00000;0,00000
;4,07350;0,82439;0,78972;0,00000;0,00000
;4,07400;0,80389;0,79091;0,00000;0,00000
;4,07450;0,80453;0,79205;0,00000;0,00000
;4,07500;0,83720;0,79319;0,00000;0,00000
;4,07550;0,78210;0,79433;0,00000;0,00000
;4,07600;0,83720;0,79549;0,00000;0,00000
;4,07650;0,79043;0,79668;0,00000;0,00000
;4,07700;0,84105;0,79789;0,00000;0,00000
;4,07750;0,73469;0,79910;0,00000;0,00000
;4,07800;0,80581;0,80023;0,00000;0,00000
;4,07850;0,80965;0,80120;0,00000;0,00000
;4,07900;0,79876;0,80201;0,00000;0,00000
;4,07950;0,83079;0,80268;0,00000;0,00000
;4,08000;0,79876;0,80326;0,00000;0,00000
;4,08050;0,80965;0,80378;0,00000;0,00000
;4,08100;0,86283;0,80426;0,00000;0,00000
;4,08150;0,75327;0,80476;0,00000;0,00000
;4,08200;0,82375;0,80527;0,00000;0,00000
;4,08250;0,77377;0,80574;0,00000;0,00000
;4,08300;0,81286;0,80611;0,00000;0,00000
;4,08350;0,80324;0,80638;0,00000;0,00000
;4,08400;0,80517;0,80655;0,00000;0,00000
;4,08450;0,78082;0,80663;0,00000;0,00000
;4,08500;0,82631;0,80661;0,00000;0,00000
;4,08550;0,73277;0,80648;0,00000;0,00000
;4,08600;0,78915;0,80619;0,00000;0,00000
;4,08650;0,74238;0,80567;0,00000;0,00000
;4,08700;0,75840;0,80484;0,00000;0,00000
;4,08750;0,75840;0,80367;0,00000;0,00000
;4,08800;0,82695;0,80216;0,00000;0,00000
;4,08850;0,82118;0,80043;0,00000;0,00000
;4,08900;0,79043;0,79865;0,00000;0,00000
;4,08950;0,79107;0,79693;0,00000;0,00000
;4,09000;0,81606;0,79533;0,00000;0,00000
;4,09050;0,77249;0,79389;0,00000;0,00000
;4,09100;0,77121;0,79262;0,00000;0,00000
;4,09150;0,72252;0,79145;0,00000;0,00000
;4,09200;0,80453;0,79028;0,00000;0,00000
;4,09250;0,77505;0,78909;0,00000;0,00000
;4,09300;0,84169;0,78792;0,00000;0,00000
;4,09350;0,76352;0,78686;0,00000;0,00000
;4,09400;0,70522;0,78593;0,00000;0,00000
;4,09450;0,76160;0,78502;0,00000;0,00000
;4,09500;0,77890;0,78401;0,00000;0,00000
;4,09550;0,80324;0,78291;0,00000;0,00000
;4,09600;0,75647;0,78180;0,00000;0,00000
;4,09650;0,76608;0,78070;0,00000;0,00000
;4,09700;0,81542;0,77965;0,00000;0,00000
;4,09750;0,73597;0,77865;0,00000;0,00000
;4,09800;0,76993;0,77774;0,00000;0,00000
;4,09850;0,72252;0,77684;0,00000;0,00000
;4,09900;0,75007;0,77589;0,00000;0,00000
;4,09950;0,75840;0,77484;0,00000;0,00000
;4,10000;0,70906;0,77364;0,00000;0,00000
;4,10050;0,77505;0,77229;0,00000;0,00000
;4,10100;0,67639;0,77075;0,00000;0,00000
;4,10150;0,77249;0,76901;0,00000;0,00000
;4,10200;0,75904;0,76707;0,00000;0,00000
;4,10250;0,74686;0,76501;0,00000;0,00000
;4,10300;0,73021;0,76292;0,00000;0,00000
;4,10350;0,72444;0,76080;0,00000;0,00000
;4,10400;0,75007;0,75866;0,00000;0,00000
;4,10450;0,72572;0,75651;0,00000;0,00000
;4,10500;0,75711;0,75438;0,00000;0,00000
;4,10550;0,77185;0,75233;0,00000;0,00000
;4,10600;0,76352;0,75044;0,00000;0,00000
;4,10650;0,83976;0,74882;0,00000;0,00000
;4,10700;0,75968;0,74762;0,00000;0,00000
;4,10750;0,73918;0,74691;0,00000;0,00000
;4,10800;0,72508;0,74661;0,00000;0,00000
;4,10850;0,75968;0,74661;0,00000;0,00000
;4,10900;0,76288;0,74682;0,00000;0,00000
;4,10950;0,77185;0,74720;0,00000;0,00000
;4,11000;0,75647;0,74776;0,00000;0,00000
;4,11050;0,71931;0,74846;0,00000;0,00000
;4,11100;0,81926;0,74925;0,00000;0,00000
;4,11150;0,77826;0,75014;0,00000;0,00000
;4,11200;0,72316;0,75115;0,00000;0,00000
;4,11250;0,73341;0,75224;0,00000;0,00000
;4,11300;0,72572;0,75329;0,00000;0,00000
;4,11350;0,82951;0,75421;0,00000;0,00000
;4,11400;0,75968;0,75506;0,00000;0,00000
;4,11450;0,79363;0,75593;0,00000;0,00000
;4,11500;0,70586;0,75683;0,00000;0,00000
;4,11550;0,78466;0,75772;0,00000;0,00000
;4,11600;0,77762;0,75856;0,00000;0,00000
;4,11650;0,81350;0,75938;0,00000;0,00000
;4,11700;0,71098;0,76023;0,00000;0,00000
;4,11750;0,76544;0,76109;0,00000;0,00000
;4,11800;0,80517;0,76190;0,00000;0,00000
;4,11850;0,89422;0,76274;0,00000;0,00000
;4,11900;0,72828;0,76376;0,00000;0,00000
;4,11950;0,77570;0,76502;0,00000;0,00000
;4,12000;0,80581;0,76644;0,00000;0,00000
;4,12050;0,79363;0,76798;0,00000;0,00000
;4,12100;0,75840;0,76961;0,00000;0,00000
;4,12150;0,78082;0,77129;0,00000;0,00000
;4,12200;0,77121;0,77294;0,00000;0,00000
;4,12250;0,80581;0,77451;0,00000;0,00000
;4,12300;0,73085;0,77598;0,00000;0,00000
;4,12350;0,83400;0,77732;0,00000;0,00000
;4,12400;0,73789;0,77852;0,00000;0,00000
;4,12450;0,85770;0,77960;0,00000;0,00000
;4,12500;0,76288;0,78061;0,00000;0,00000
;4,12550;0,81286;0,78160;0,00000;0,00000
;4,12600;0,71675;0,78255;0,00000;0,00000
;4,12650;0,78915;0,78339;0,00000;0,00000
;4,12700;0,80068;0,78405;0,00000;0,00000
;4,12750;0,80260;0,78456;0,00000;0,00000
;4,12800;0,81990;0,78501;0,00000;0,00000
;4,12850;0,78787;0,78546;0,00000;0,00000
;4,12900;0,69881;0,78591;0,00000;0,00000
;4,12950;0,84617;0,78628;0,00000;0,00000
;4,13000;0,80196;0,78654;0,00000;0,00000
;4,13050;0,83272;0,78680;0,00000;0,00000
;4,13100;0,76032;0,78712;0,00000;0,00000
;4,13150;0,80453;0,78753;0,00000;0,00000
;4,13200;0,79876;0,78798;0,00000;0,00000
;4,13250;0,85258;0,78850;0,00000;0,00000
;4,13300;0,78082;0,78915;0,00000;0,00000
;4,13350;0,79940;0,78994;0,00000;0,00000
;4,13400;0,77057;0,79081;0,00000;0,00000
;4,13450;0,77377;0,79170;0,00000;0,00000
;4,13500;0,77890;0,79249;0,00000;0,00000
;4,13550;0,85130;0,79317;0,00000;0,00000
;4,13600;0,74302;0,79376;0,00000;0,00000
;4,13650;0,80709;0,79428;0,00000;0,00000
;4,13700;0,75711;0,79467;0,00000;0,00000
;4,13750;0,81990;0,79491;0,00000;0,00000
;4,13800;0,72188;0,79500;0,00000;0,00000
;4,13850;0,81606;0,79490;0,00000;0,00000
;4,13900;0,77570;0,79461;0,00000;0,00000
;4,13950;0,75711;0,79414;0,00000;0,00000
;4,14000;0,72636;0,79348;0,00000;0,00000
;4,14050;0,74238;0,79255;0,00000;0,00000
;4,14100;0,78595;0,79129;0,00000;0,00000
;4,14150;0,79363;0,78975;0,00000;0,00000
;4,14200;0,81414;0,78806;0,00000;0,00000
;4,14250;0,77890;0,78636;0,00000;0,00000
;4,14300;0,81286;0,78477;0,00000;0,00000
;4,14350;0,80068;0,78336;0,00000;0,00000
;4,14400;0,81093;0,78222;0,00000;0,00000
;4,14450;0,80260;0,78139;0,00000;0,00000
;4,14500;0,74943;0,78089;0,00000;0,00000
;4,14550;0,79876;0,78065;0,00000;0,00000
;4,14600;0,76096;0,78060;0,00000;0,00000
;4,14650;0,80389;0,78068;0,00000;0,00000
;4,14700;0,74238;0,78086;0,00000;0,00000
;4,14750;0,79428;0,78107;0,00000;0,00000
;4,14800;0,70202;0,78124;0,00000;0,00000
;4,14850;0,76673;0,78127;0,00000;0,00000
;4,14900;0,76737;0,78109;0,00000;0,00000
;4,14950;0,76416;0,78067;0,00000;0,00000
;4,15000;0,72380;0,78004;0,00000;0,00000
;4,15050;0,73469;0,77917;0,00000;0,00000
;4,15100;0,76032;0,77800;0,00000;0,00000
;4,15150;0,79235;0,77659;0,00000;0,00000
;4,15200;0,78082;0,77503;0,00000;0,00000
;4,15250;0,72636;0,77344;0,00000;0,00000
;4,15300;0,72636;0,77182;0,00000;0,00000
;4,15350;0,74943;0,77012;0,00000;0,00000
;4,15400;0,76288;0,76835;0,00000;0,00000
;4,15450;0,79363;0,76654;0,00000;0,00000
;4,15500;0,76480;0,76481;0,00000;0,00000
;4,15550;0,72636;0,76323;0,00000;0,00000
;4,15600;0,76737;0,76178;0,00000;0,00000
;4,15650;0,73853;0,76045;0,00000;0,00000
;4,15700;0,73021;0,75922;0,00000;0,00000
;4,15750;0,72316;0,75802;0,00000;0,00000
;4,15800;0,76032;0,75683;0,00000;0,00000
;4,15850;0,71098;0,75561;0,00000;0,00000
;4,15900;0,67703;0,75432;0,00000;0,00000
;4,15950;0,79620;0,75292;0,00000;0,00000
;4,16000;0,76160;0,75142;0,00000;0,00000
;4,16050;0,77377;0,74997;0,00000;0,00000
;4,16100;0,81926;0,74870;0,00000;0,00000
;4,16150;0,73021;0,74773;0,00000;0,00000
;4,16200;0,70970;0,74709;0,00000;0,00000
;4,16250;0,76993;0,74668;0,00000;0,00000
;4,16300;0,76416;0,74644;0,00000;0,00000
;4,16350;0,70842;0,74635;0,00000;0,00000
;4,16400;0,77377;0,74638;0,00000;0,00000
;4,16450;0,72252;0,74647;0,00000;0,00000
;4,16500;0,75711;0,74660;0,00000;0,00000
;4,16550;0,76608;0,74675;0,00000;0,00000
;4,16600;0,76993;0,74696;0,00000;0,00000
;4,16650;0,70586;0,74722;0,00000;0,00000
;4,16700;0,77826;0,74753;0,00000;0,00000
;4,16750;0,80132;0,74786;0,00000;0,00000
;4,16800;0,79940;0,74831;0,00000;0,00000
;4,16850;0,75968;0,74898;0,00000;0,00000
;4,16900;0,78595;0,74989;0,00000;0,00000
;4,16950;0,74494;0,75102;0,00000;0,00000
;4,17000;0,81350;0,75232;0,00000;0,00000
;4,17050;0,72188;0,75378;0,00000;0,00000
;4,17100;0,78210;0,75532;0,00000;0,00000
;4,17150;0,77762;0,75689;0,00000;0,00000
;4,17200;0,82183;0,75848;0,00000;0,00000
;4,17250;0,76096;0,76015;0,00000;0,00000
;4,17300;0,83592;0,76191;0,00000;0,00000
;4,17350;0,74750;0,76378;0,00000;0,00000
;4,17400;0,85706;0,76577;0,00000;0,00000
;4,17450;0,76993;0,76788;0,00000;0,00000
;4,17500;0,83015;0,77013;0,00000;0,00000
;4,17550;0,80773;0,77251;0,00000;0,00000
;4,17600;0,78082;0,77501;0,00000;0,00000
;4,17650;0,79620;0,77757;0,00000;0,00000
;4,17700;0,82695;0,78014;0,00000;0,00000
;4,17750;0,75199;0,78268;0,00000;0,00000
;4,17800;0,79748;0,78512;0,00000;0,00000
;4,17850;0,74622;0,78735;0,00000;0,00000
;4,17900;0,80453;0,78931;0,00000;0,00000
;4,17950;0,75968;0,79094;0,00000;0,00000
;4,18000;0,80901;0,79223;0,00000;0,00000
;4,18050;0,76608;0,79320;0,00000;0,00000
;4,18100;0,82823;0,79387;0,00000;0,00000
;4,18150;0,81029;0,79433;0,00000;0,00000
;4,18200;0,83784;0,79467;0,00000;0,00000
;4,18250;0,75455;0,79500;0,00000;0,00000
;4,18300;0,83784;0,79532;0,00000;0,00000
;4,18350;0,73021;0,79562;0,00000;0,00000
;4,18400;0,85578;0,79587;0,00000;0,00000
;4,18450;0,72188;0,79605;0,00000;0,00000
;4,18500;0,83592;0,79615;0,00000;0,00000
;4,18550;0,74879;0,79614;0,00000;0,00000
;4,18600;0,85834;0,79604;0,00000;0,00000
;4,18650;0,81093;0,79592;0,00000;0,00000
;4,18700;0,80965;0,79588;0,00000;0,00000
;4,18750;0,79428;0,79595;0,00000;0,00000
;4,18800;0,80260;0,79613;0,00000;0,00000
;4,18850;0,80773;0,79639;0,00000;0,00000
;4,18900;0,82695;0,79674;0,00000;0,00000
;4,18950;0,75199;0,79718;0,00000;0,00000
;4,19000;0,78915;0,79764;0,00000;0,00000
;4,19050;0,75135;0,79802;0,00000;0,00000
;4,19100;0,84617;0,79827;0,00000;0,00000
;4,19150;0,82311;0,79841;0,00000;0,00000
;4,19200;0,81734;0,79855;0,00000;0,00000
;4,19250;0,74110;0,79873;0,00000;0,00000
;4,19300;0,80581;0,79890;0,00000;0,00000
;4,19350;0,76480;0,79899;0,00000;0,00000
;4,19400;0,80389;0,79895;0,00000;0,00000
;4,19450;0,80517;0,79879;0,00000;0,00000
;4,19500;0,77505;0,79855;0,00000;0,00000
;4,19550;0,75391;0,79821;0,00000;0,00000
;4,19600;0,76673;0,79772;0,00000;0,00000
;4,19650;0,77377;0,79703;0,00000;0,00000
;4,19700;0,76032;0,79612;0,00000;0,00000
;4,19750;0,74879;0,79498;0,00000;0,00000
;4,19800;0,79428;0,79361;0,00000;0,00000
;4,19850;0,79556;0,79206;0,00000;0,00000
;4,19900;0,74943;0,79042;0,00000;0,00000
;4,19950;0,79684;0,78873;0,00000;0,00000
;4,20000;0,76801;0,78703;0,00000;0,00000
;4,20050;0,79748;0,78537;0,00000;0,00000
;4,20100;0,79171;0,78380;0,00000;0,00000
;4,20150;0,71995;0,78237;0,00000;0,00000
;4,20200;0,71611;0,78100;0,00000;0,00000
;4,20250;0,78018;0,77958;0,00000;0,00000
;4,20300;0,77762;0,77808;0,00000;0,00000
;4,20350;0,72508;0,77653;0,00000;0,00000
;4,20400;0,71995;0,77493;0,00000;0,00000
;4,20450;0,76673;0,77322;0,00000;0,00000
;4,20500;0,73918;0,77139;0,00000;0,00000
;4,20550;0,78082;0,76948;0,00000;0,00000
;4,20600;0,74046;0,76756;0,00000;0,00000
;4,20650;0,72957;0,76566;0,00000;0,00000
;4,20700;0,75327;0,76378;0,00000;0,00000
;4,20750;0,74879;0,76192;0,00000;0,00000
;4,20800;0,76288;0,76011;0,00000;0,00000
;4,20850;0,75519;0,75839;0,00000;0,00000
;4,20900;0,70073;0,75678;0,00000;0,00000
;4,20950;0,77954;0,75526;0,00000;0,00000
;4,21000;0,77826;0,75383;0,00000;0,00000
;4,21050;0,75135;0,75258;0,00000;0,00000
;4,21100;0,73789;0,75153;0,00000;0,00000
;4,21150;0,69881;0,75066;0,00000;0,00000
;4,21200;0,70009;0,74983;0,00000;0,00000
;4,21250;0,73469;0,74895;0,00000;0,00000
;4,21300;0,80196;0,74798;0,00000;0,00000
;4,21350;0,82247;0,74704;0,00000;0,00000
;4,21400;0,76032;0,74634;0,00000;0,00000
;4,21450;0,77249;0,74598;0,00000;0,00000
;4,21500;0,71547;0,74595;0,00000;0,00000
;4,21550;0,75455;0,74617;0,00000;0,00000
;4,21600;0,73597;0,74655;0,00000;0,00000
;4,21650;0,75904;0,74701;0,00000;0,00000
;4,21700;0,76032;0,74752;0,00000;0,00000
;4,21750;0,81414;0,74811;0,00000;0,00000
;4,21800;0,76865;0,74883;0,00000;0,00000
;4,21850;0,81990;0,74977;0,00000;0,00000
;4,21900;0,74750;0,75096;0,00000;0,00000
;4,21950;0,83720;0,75241;0,00000;0,00000
;4,22000;0,73982;0,75412;0,00000;0,00000
;4,22050;0,84169;0,75607;0,00000;0,00000
;4,22100;0,76673;0,75823;0,00000;0,00000
;4,22150;0,77377;0,76058;0,00000;0,00000
;4,22200;0,80004;0,76305;0,00000;0,00000
;4,22250;0,82631;0,76558;0,00000;0,00000
;4,22300;0,77826;0,76819;0,00000;0,00000
;4,22350;0,78210;0,77085;0,00000;0,00000
;4,22400;0,77249;0,77350;0,00000;0,00000
;4,22450;0,79556;0,77603;0,00000;0,00000
;4,22500;0,82247;0,77844;0,00000;0,00000
;4,22550;0,88269;0,78076;0,00000;0,00000
;4,22600;0,75904;0,78310;0,00000;0,00000
;4,22650;0,87180;0,78552;0,00000;0,00000
;4,22700;0,76544;0,78799;0,00000;0,00000
;4,22750;0,88013;0,79052;0,00000;0,00000
;4,22800;0,76416;0,79307;0,00000;0,00000
;4,22850;0,76865;0,79560;0,00000;0,00000
;4,22900;0,80645;0,79797;0,00000;0,00000
;4,22950;0,78915;0,80008;0,00000;0,00000
;4,23000;0,76416;0,80189;0,00000;0,00000
;4,23050;0,81350;0,80335;0,00000;0,00000
;4,23100;0,85002;0,80447;0,00000;0,00000
;4,23150;0,86219;0,80537;0,00000;0,00000
;4,23200;0,78210;0,80619;0,00000;0,00000
;4,23250;0,85514;0,80701;0,00000;0,00000
;4,23300;0,75776;0,80781;0,00000;0,00000
;4,23350;0,82631;0,80857;0,00000;0,00000
;4,23400;0,80004;0,80924;0,00000;0,00000
;4,23450;0,80068;0,80980;0,00000;0,00000
;4,23500;0,79684;0,81024;0,00000;0,00000
;4,23550;0,85002;0,81055;0,00000;0,00000
;4,23600;0,78338;0,81078;0,00000;0,00000
;4,23650;0,83912;0,81095;0,00000;0,00000
;4,23700;0,76993;0,81108;0,00000;0,00000
;4,23750;0,83592;0,81116;0,00000;0,00000
;4,23800;0,82887;0,81118;0,00000;0,00000
;4,23850;0,86796;0,81124;0,00000;0,00000
;4,23900;0,81990;0,81142;0,00000;0,00000
;4,23950;0,82823;0,81177;0,00000;0,00000
;4,24000;0,76929;0,81228;0,00000;0,00000
;4,24050;0,80068;0,81284;0,00000;0,00000
;4,24100;0,80196;0,81335;0,00000;0,00000
;4,24150;0,80901;0,81376;0,00000;0,00000
;4,24200;0,77954;0,81402;0,00000;0,00000
;4,24250;0,80901;0,81413;0,00000;0,00000
;4,24300;0,78595;0,81404;0,00000;0,00000
;4,24350;0,84873;0,81378;0,00000;0,00000
;4,24400;0,77505;0,81339;0,00000;0,00000
;4,24450;0,85514;0,81292;0,00000;0,00000
;4,24500;0,82631;0,81245;0,00000;0,00000
;4,24550;0,81286;0,81204;0,00000;0,00000
;4,24600;0,79876;0,81173;0,00000;0,00000
;4,24650;0,81093;0,81150;0,00000;0,00000
;4,24700;0,79428;0,81130;0,00000;0,00000
;4,24750;0,75776;0,81110;0,00000;0,00000
;4,24800;0,77505;0,81079;0,00000;0,00000
;4,24850;0,80453;0,81030;0,00000;0,00000
;4,24900;0,75968;0,80960;0,00000;0,00000
;4,24950;0,86347;0,80871;0,00000;0,00000
;4,25000;0,78659;0,80773;0,00000;0,00000
;4,25050;0,83336;0,80674;0,00000;0,00000
;4,25100;0,82311;0,80583;0,00000;0,00000
;4,25150;0,77057;0,80505;0,00000;0,00000
;4,25200;0,73085;0,80436;0,00000;0,00000
;4,25250;0,84617;0,80364;0,00000;0,00000
;4,25300;0,75711;0,80287;0,00000;0,00000
;4,25350;0,81350;0,80206;0,00000;0,00000
;4,25400;0,74046;0,80121;0,00000;0,00000
;4,25450;0,77313;0,80027;0,00000;0,00000
;4,25500;0,76608;0,79919;0,00000;0,00000
;4,25550;0,75840;0,79793;0,00000;0,00000
;4,25600;0,75007;0,79648;0,00000;0,00000
;4,25650;0,77313;0,79481;0,00000;0,00000
;4,25700;0,74558;0,79293;0,00000;0,00000
;4,25750;0,77954;0,79088;0,00000;0,00000
;4,25800;0,77313;0,78869;0,00000;0,00000
;4,25850;0,75776;0,78643;0,00000;0,00000
;4,25900;0,76480;0,78414;0,00000;0,00000
;4,25950;0,78595;0,78187;0,00000;0,00000
;4,26000;0,78659;0,77968;0,00000;0,00000
;4,26050;0,79492;0,77765;0,00000;0,00000
;4,26100;0,76224;0,77585;0,00000;0,00000
;4,26150;0,74558;0,77430;0,00000;0,00000
;4,26200;0,75391;0,77293;0,00000;0,00000
;4,26250;0,77185;0,77169;0,00000;0,00000
;4,26300;0,79748;0,77057;0,00000;0,00000
;4,26350;0,73469;0,76961;0,00000;0,00000
;4,26400;0,78531;0,76879;0,00000;0,00000
;4,26450;0,75135;0,76809;0,00000;0,00000
;4,26500;0,78915;0,76751;0,00000;0,00000
;4,26550;0,78338;0,76705;0,00000;0,00000
;4,26600;0,75711;0,76675;0,00000;0,00000
;4,26650;0,75711;0,76658;0,00000;0,00000
;4,26700;0,79748;0,76651;0,00000;0,00000
;4,26750;0,74494;0,76653;0,00000;0,00000
;4,26800;0,77185;0,76663;0,00000;0,00000
;4,26850;0,71995;0,76675;0,00000;0,00000
;4,26900;0,79620;0,76684;0,00000;0,00000
;4,26950;0,75135;0,76687;0,00000;0,00000
;4,27000;0,78979;0,76686;0,00000;0,00000
;4,27050;0,82054;0,76687;0,00000;0,00000
;4,27100;0,82503;0,76701;0,00000;0,00000
;4,27150;0,79299;0,76740;0,00000;0,00000
;4,27200;0,88846;0,76813;0,00000;0,00000
;4,27250;0,80581;0,76929;0,00000;0,00000
;4,27300;0,80901;0,77096;0,00000;0,00000
;4,27350;0,79620;0,77306;0,00000;0,00000
;4,27400;0,80324;0,77551;0,00000;0,00000
;4,27450;0,74558;0,77816;0,00000;0,00000
;4,27500;0,86796;0,78090;0,00000;0,00000
;4,27550;0,80453;0,78366;0,00000;0,00000
;4,27600;0,83720;0,78648;0,00000;0,00000
;4,27650;0,85066;0,78936;0,00000;0,00000
;4,27700;0,80196;0,79232;0,00000;0,00000
;4,27750;0,84105;0,79535;0,00000;0,00000
;4,27800;0,81414;0,79839;0,00000;0,00000
;4,27850;0,78979;0,80140;0,00000;0,00000
;4,27900;0,82247;0,80427;0,00000;0,00000
;4,27950;0,76673;0,80694;0,00000;0,00000
;4,28000;0,78851;0,80929;0,00000;0,00000
;4,28050;0,74815;0,81122;0,00000;0,00000
;4,28100;0,87821;0,81267;0,00000;0,00000
;4,28150;0,81862;0,81370;0,00000;0,00000
;4,28200;0,78595;0,81443;0,00000;0,00000
;4,28250;0,74622;0,81487;0,00000;0,00000
;4,28300;0,82503;0,81498;0,00000;0,00000
;4,28350;0,82311;0,81476;0,00000;0,00000
;4,28400;0,84489;0,81430;0,00000;0,00000
;4,28450;0,80517;0,81375;0,00000;0,00000
;4,28500;0,85002;0,81320;0,00000;0,00000
;4,28550;0,74494;0,81269;0,00000;0,00000
;4,28600;0,87821;0,81221;0,00000;0,00000
;4,28650;0,76480;0,81178;0,00000;0,00000
;4,28700;0,83464;0,81140;0,00000;0,00000
;4,28750;0,76929;0,81106;0,00000;0,00000
;4,28800;0,85706;0,81073;0,00000;0,00000
;4,28850;0,83784;0,81046;0,00000;0,00000
;4,28900;0,84297;0,81032;0,00000;0,00000
;4,28950;0,80453;0,81039;0,00000;0,00000
;4,29000;0,86796;0,81067;0,00000;0,00000
;4,29050;0,82183;0,81117;0,00000;0,00000
;4,29100;0,84297;0,81191;0,00000;0,00000
;4,29150;0,76865;0,81285;0,00000;0,00000
;4,29200;0,83336;0,81389;0,00000;0,00000
;4,29250;0,83912;0,81496;0,00000;0,00000
;4,29300;0,83015;0,81604;0,00000;0,00000
;4,29350;0,80581;0,81714;0,00000;0,00000
;4,29400;0,86347;0,81823;0,00000;0,00000
;4,29450;0,85642;0,81934;0,00000;0,00000
;4,29500;0,83912;0,82052;0,00000;0,00000
;4,29550;0,81862;0,82179;0,00000;0,00000
;4,29600;0,75135;0,82307;0,00000;0,00000
;4,29650;0,81990;0,82422;0,00000;0,00000
;4,29700;0,84617;0,82515;0,00000;0,00000
;4,29750;0,81606;0,82585;0,00000;0,00000
;4,29800;0,77762;0,82635;0,00000;0,00000
;4,29850;0,75327;0,82658;0,00000;0,00000
;4,29900;0,81157;0,82646;0,00000;0,00000
;4,29950;0,78723;0,82592;0,00000;0,00000
;4,30000;0,79299;0,82500;0,00000;0,00000
;4,30050;0,80965;0,82374;0,00000;0,00000
;4,30100;0,83784;0,82221;0,00000;0,00000
;4,30150;0,80773;0,82054;0,00000;0,00000
;4,30200;0,88846;0,81885;0,00000;0,00000
;4,30250;0,83528;0,81732;0,00000;0,00000
;4,30300;0,82567;0,81607;0,00000;0,00000
;4,30350;0,76929;0,81512;0,00000;0,00000
;4,30400;0,81029;0,81440;0,00000;0,00000
;4,30450;0,75391;0,81378;0,00000;0,00000
;4,30500;0,82887;0,81318;0,00000;0,00000
;4,30550;0,76480;0,81254;0,00000;0,00000
;4,30600;0,82951;0,81184;0,00000;0,00000
;4,30650;0,77634;0,81108;0,00000;0,00000
;4,30700;0,84169;0,81027;0,00000;0,00000
;4,30750;0,74430;0,80945;0,00000;0,00000
;4,30800;0,76224;0,80858;0,00000;0,00000
;4,30850;0,78082;0,80756;0,00000;0,00000
;4,30900;0,78146;0,80636;0,00000;0,00000
;4,30950;0,78851;0,80497;0,00000;0,00000
;4,31000;0,77570;0,80344;0,00000;0,00000
;4,31050;0,74110;0,80178;0,00000;0,00000
;4,31100;0,80901;0,79998;0,00000;0,00000
;4,31150;0,77313;0,79807;0,00000;0,00000
;4,31200;0,75135;0,79609;0,00000;0,00000
;4,31250;0,77570;0,79406;0,00000;0,00000
;4,31300;0,76608;0,79197;0,00000;0,00000
;4,31350;0,80581;0,78986;0,00000;0,00000
;4,31400;0,78274;0,78781;0,00000;0,00000
;4,31450;0,78274;0,78589;0,00000;0,00000
;4,31500;0,82118;0,78415;0,00000;0,00000
;4,31550;0,73021;0,78264;0,00000;0,00000
;4,31600;0,78338;0,78134;0,00000;0,00000
;4,31650;0,78146;0,78020;0,00000;0,00000
;4,31700;0,71675;0,77919;0,00000;0,00000
;4,31750;0,81798;0,77825;0,00000;0,00000
;4,31800;0,81926;0,77739;0,00000;0,00000
;4,31850;0,81478;0,77673;0,00000;0,00000
;4,31900;0,78787;0,77635;0,00000;0,00000
;4,31950;0,80645;0,77629;0,00000;0,00000
;4,32000;0,81093;0,77654;0,00000;0,00000
;4,32050;0,83079;0,77713;0,00000;0,00000
;4,32100;0,75647;0,77804;0,00000;0,00000
;4,32150;0,76224;0,77921;0,00000;0,00000
;4,32200;0,79556;0,78049;0,00000;0,00000
;4,32250;0,83079;0,78180;0,00000;0,00000
;4,32300;0,83976;0,78319;0,00000;0,00000
;4,32350;0,82247;0,78471;0,00000;0,00000
;4,32400;0,78274;0,78642;0,00000;0,00000
;4,32450;0,82759;0,78827;0,00000;0,00000
;4,32500;0,78787;0,79020;0,00000;0,00000
;4,32550;0,85066;0,79218;0,00000;0,00000
;4,32600;0,76480;0,79419;0,00000;0,00000
;4,32650;0,81926;0,79618;0,00000;0,00000
;4,32700;0,79492;0,79808;0,00000;0,00000
;4,32750;0,82695;0,79986;0,00000;0,00000
;4,32800;0,77570;0,80151;0,00000;0,00000
;4,32850;0,76737;0,80298;0,00000;0,00000
;4,32900;0,76929;0,80417;0,00000;0,00000
;4,32950;0,83208;0,80502;0,00000;0,00000
;4,33000;0,76865;0,80555;0,00000;0,00000
;4,33050;0,88910;0,80583;0,00000;0,00000
;4,33100;0,79812;0,80598;0,00000;0,00000
;4,33150;0,87757;0,80614;0,00000;0,00000
;4,33200;0,82631;0,80641;0,00000;0,00000
;4,33250;0,90832;0,80692;0,00000;0,00000
;4,33300;0,75263;0,80773;0,00000;0,00000
;4,33350;0,85194;0,80882;0,00000;0,00000
;4,33400;0,82695;0,81009;0,00000;0,00000
;4,33450;0,79363;0,81149;0,00000;0,00000
;4,33500;0,83015;0,81295;0,00000;0,00000
;4,33550;0,86603;0,81442;0,00000;0,00000
;4,33600;0,81157;0,81591;0,00000;0,00000
;4,33650;0,89743;0,81745;0,00000;0,00000
;4,33700;0,75263;0,81905;0,00000;0,00000
;4,33750;0,86475;0,82066;0,00000;0,00000
;4,33800;0,84361;0,82222;0,00000;0,00000
;4,33850;0,84361;0,82375;0,00000;0,00000
;4,33900;0,84169;0,82526;0,00000;0,00000
;4,33950;0,81862;0,82675;0,00000;0,00000
;4,34000;0,76801;0,82815;0,00000;0,00000
;4,34050;0,83656;0,82935;0,00000;0,00000
;4,34100;0,83015;0,83028;0,00000;0,00000
;4,34150;0,84361;0,83097;0,00000;0,00000
;4,34200;0,83912;0,83148;0,00000;0,00000
;4,34250;0,83208;0,83185;0,00000;0,00000
;4,34300;0,79876;0,83211;0,00000;0,00000
;4,34350;0,86283;0,83226;0,00000;0,00000
;4,34400;0,84937;0,83231;0,00000;0,00000
;4,34450;0,84681;0,83235;0,00000;0,00000
;4,34500;0,83079;0,83243;0,00000;0,00000
;4,34550;0,80068;0,83254;0,00000;0,00000
;4,34600;0,82951;0,83264;0,00000;0,00000
;4,34650;0,81157;0,83267;0,00000;0,00000
;4,34700;0,76288;0,83257;0,00000;0,00000
;4,34750;0,84041;0,83227;0,00000;0,00000
;4,34800;0,84873;0,83177;0,00000;0,00000
;4,34850;0,85514;0,83114;0,00000;0,00000
;4,34900;0,80260;0,83049;0,00000;0,00000
;4,34950;0,87757;0,82988;0,00000;0,00000
;4,35000;0,82567;0,82936;0,00000;0,00000
;4,35050;0,83464;0,82897;0,00000;0,00000
;4,35100;0,80004;0,82869;0,00000;0,00000
;4,35150;0,75776;0,82846;0,00000;0,00000
;4,35200;0,76032;0,82812;0,00000;0,00000
;4,35250;0,83015;0,82753;0,00000;0,00000
;4,35300;0,84041;0,82668;0,00000;0,00000
;4,35350;0,83720;0,82567;0,00000;0,00000
;4,35400;0,73661;0,82457;0,00000;0,00000
;4,35450;0,86347;0,82340;0,00000;0,00000
;4,35500;0,80389;0,82215;0,00000;0,00000
;4,35550;0,81862;0,82089;0,00000;0,00000
;4,35600;0,76160;0,81965;0,00000;0,00000
;4,35650;0,78018;0,81836;0,00000;0,00000
;4,35700;0,84809;0,81699;0,00000;0,00000
;4,35750;0,77954;0,81558;0,00000;0,00000
;4,35800;0,78402;0,81415;0,00000;0,00000
;4,35850;0,77313;0,81269;0,00000;0,00000
;4,35900;0,70970;0,81112;0,00000;0,00000
;4,35950;0,81926;0,80936;0,00000;0,00000
;4,36000;0,79748;0,80739;0,00000;0,00000
;4,36050;0,80517;0,80531;0,00000;0,00000
;4,36100;0,82823;0,80325;0,00000;0,00000
;4,36150;0,79171;0,80130;0,00000;0,00000
;4,36200;0,73277;0,79951;0,00000;0,00000
;4,36250;0,82759;0,79785;0,00000;0,00000
;4,36300;0,78659;0,79629;0,00000;0,00000
;4,36350;0,78531;0,79486;0,00000;0,00000
;4,36400;0,77570;0,79357;0,00000;0,00000
;4,36450;0,75904;0,79239;0,00000;0,00000
;4,36500;0,75135;0,79125;0,00000;0,00000
;4,36550;0,74366;0,79007;0,00000;0,00000
;4,36600;0,79428;0,78880;0,00000;0,00000
;4,36650;0,78595;0,78743;0,00000;0,00000
;4,36700;0,78915;0,78605;0,00000;0,00000
;4,36750;0,84233;0,78474;0,00000;0,00000
;4,36800;0,79043;0,78362;0,00000;0,00000
;4,36850;0,77249;0,78276;0,00000;0,00000
;4,36900;0,81093;0,78216;0,00000;0,00000
;4,36950;0,73341;0,78178;0,00000;0,00000
;4,37000;0,81286;0,78157;0,00000;0,00000
;4,37050;0,81414;0,78148;0,00000;0,00000
;4,37100;0,77954;0,78155;0,00000;0,00000
;4,37150;0,84681;0,78182;0,00000;0,00000
;4,37200;0,76608;0,78230;0,00000;0,00000
;4,37250;0,83079;0,78299;0,00000;0,00000
;4,37300;0,78595;0,78388;0,00000;0,00000
;4,37350;0,78915;0,78494;0,00000;0,00000
;4,37400;0,84809;0,78612;0,00000;0,00000
;4,37450;0,78018;0,78743;0,00000;0,00000
;4,37500;0,82887;0,78885;0,00000;0,00000
;4,37550;0,74110;0,79036;0,00000;0,00000
;4,37600;0,85706;0,79187;0,00000;0,00000
;4,37650;0,78082;0,79334;0,00000;0,00000
;4,37700;0,77634;0,79477;0,00000;0,00000
;4,37750;0,71995;0,79607;0,00000;0,00000
;4,37800;0,86475;0,79711;0,00000;0,00000
;4,37850;0,81926;0,79791;0,00000;0,00000
;4,37900;0,84041;0,79861;0,00000;0,00000
;4,37950;0,82567;0,79931;0,00000;0,00000
;4,38000;0,84745;0,80011;0,00000;0,00000
;4,38050;0,79363;0,80104;0,00000;0,00000
;4,38100;0,85899;0,80212;0,00000;0,00000
;4,38150;0,73853;0,80331;0,00000;0,00000
;4,38200;0,84873;0,80454;0,00000;0,00000
;4,38250;0,78018;0,80574;0,00000;0,00000
;4,38300;0,86347;0,80688;0,00000;0,00000
;4,38350;0,78338;0,80798;0,00000;0,00000
;4,38400;0,78018;0,80902;0,00000;0,00000
;4,38450;0,83336;0,80993;0,00000;0,00000
;4,38500;0,83272;0,81071;0,00000;0,00000
;4,38550;0,81350;0,81140;0,00000;0,00000
;4,38600;0,83144;0,81205;0,00000;0,00000
;4,38650;0,78018;0,81266;0,00000;0,00000
;4,38700;0,88654;0,81324;0,00000;0,00000
;4,38750;0,78274;0,81380;0,00000;0,00000
;4,38800;0,84681;0,81439;0,00000;0,00000
;4,38850;0,78210;0,81499;0,00000;0,00000
;4,38900;0,85770;0,81558;0,00000;0,00000
;4,38950;0,83912;0,81617;0,00000;0,00000
;4,39000;0,85322;0,81682;0,00000;0,00000
;4,39050;0,82503;0,81758;0,00000;0,00000
;4,39100;0,83079;0,81845;0,00000;0,00000
;4,39150;0,78402;0,81940;0,00000;0,00000
;4,39200;0,83784;0,82034;0,00000;0,00000
;4,39250;0,82951;0,82123;0,00000;0,00000
;4,39300;0,84425;0,82206;0,00000;0,00000
;4,39350;0,80965;0,82287;0,00000;0,00000
;4,39400;0,85002;0,82363;0,00000;0,00000
;4,39450;0,78402;0,82435;0,00000;0,00000
;4,39500;0,85706;0,82500;0,00000;0,00000
;4,39550;0,81926;0,82556;0,00000;0,00000
;4,39600;0,86731;0,82607;0,00000;0,00000
;4,39650;0,85066;0,82658;0,00000;0,00000
;4,39700;0,81286;0,82716;0,00000;0,00000
;4,39750;0,82439;0,82777;0,00000;0,00000
;4,39800;0,78659;0,82837;0,00000;0,00000
;4,39850;0,81990;0,82885;0,00000;0,00000
;4,39900;0,84105;0,82918;0,00000;0,00000
;4,39950;0,78915;0,82935;0,00000;0,00000
;4,40000;0,80132;0,82934;0,00000;0,00000
;4,40050;0,83592;0,82912;0,00000;0,00000
;4,40100;0,82695;0,82872;0,00000;0,00000
;4,40150;0,78210;0,82818;0,00000;0,00000
;4,40200;0,87500;0,82752;0,00000;0,00000
;4,40250;0,78787;0,82678;0,00000;0,00000
;4,40300;0,85002;0,82603;0,00000;0,00000
;4,40350;0,81286;0,82528;0,00000;0,00000
;4,40400;0,85514;0,82459;0,00000;0,00000
;4,40450;0,80453;0,82399;0,00000;0,00000
;4,40500;0,82695;0,82349;0,00000;0,00000
;4,40550;0,80004;0,82307;0,00000;0,00000
;4,40600;0,84105;0,82270;0,00000;0,00000
;4,40650;0,79107;0,82237;0,00000;0,00000
;4,40700;0,78274;0,82203;0,00000;0,00000
;4,40750;0,80837;0,82162;0,00000;0,00000
;4,40800;0,79620;0,82109;0,00000;0,00000
;4,40850;0,79620;0,82041;0,00000;0,00000
;4,40900;0,85578;0,81961;0,00000;0,00000
;4,40950;0,81734;0,81874;0,00000;0,00000
;4,41000;0,81606;0,81791;0,00000;0,00000
;4,41050;0,78274;0,81713;0,00000;0,00000
;4,41100;0,78274;0,81636;0,00000;0,00000
;4,41150;0,80773;0,81555;0,00000;0,00000
;4,41200;0,74622;0,81464;0,00000;0,00000
;4,41250;0,79492;0,81358;0,00000;0,00000
;4,41300;0,81926;0,81235;0,00000;0,00000
;4,41350;0,75583;0,81098;0,00000;0,00000
;4,41400;0,71931;0,80945;0,00000;0,00000
;4,41450;0,80004;0,80770;0,00000;0,00000
;4,41500;0,77441;0,80571;0,00000;0,00000
;4,41550;0,80581;0,80352;0,00000;0,00000
;4,41600;0,74494;0,80124;0,00000;0,00000
;4,41650;0,76416;0,79888;0,00000;0,00000
;4,41700;0,77826;0,79644;0,00000;0,00000
;4,41750;0,75519;0,79395;0,00000;0,00000
;4,41800;0,77762;0,79142;0,00000;0,00000
;4,41850;0,76673;0,78891;0,00000;0,00000
;4,41900;0,72252;0,78641;0,00000;0,00000
;4,41950;0,81926;0,78394;0,00000;0,00000
;4,42000;0,78659;0,78155;0,00000;0,00000
;4,42050;0,78915;0,77934;0,00000;0,00000
;4,42100;0,73853;0,77738;0,00000;0,00000
;4,42150;0,73533;0,77563;0,00000;0,00000
;4,42200;0,74302;0,77401;0,00000;0,00000
;4,42250;0,81093;0,77245;0,00000;0,00000
;4,42300;0,78018;0,77101;0,00000;0,00000
;4,42350;0,75583;0,76975;0,00000;0,00000
;4,42400;0,78338;0,76869;0,00000;0,00000
;4,42450;0,81542;0,76785;0,00000;0,00000
;4,42500;0,72572;0,76726;0,00000;0,00000
;4,42550;0,80901;0,76692;0,00000;0,00000
;4,42600;0,79299;0,76679;0,00000;0,00000
;4,42650;0,83208;0,76692;0,00000;0,00000
;4,42700;0,75711;0,76737;0,00000;0,00000
;4,42750;0,84425;0,76814;0,00000;0,00000
;4,42800;0,78146;0,76922;0,00000;0,00000
;4,42850;0,80645;0,77062;0,00000;0,00000
;4,42900;0,76288;0,77226;0,00000;0,00000
;4,42950;0,78659;0,77407;0,00000;0,00000
;4,43000;0,77185;0,77593;0,00000;0,00000
;4,43050;0,87757;0,77780;0,00000;0,00000
;4,43100;0,76737;0,77972;0,00000;0,00000
;4,43150;0,84233;0,78172;0,00000;0,00000
;4,43200;0,77762;0,78381;0,00000;0,00000
;4,43250;0,84041;0,78595;0,00000;0,00000
;4,43300;0,83079;0,78814;0,00000;0,00000
;4,43350;0,85386;0,79042;0,00000;0,00000
;4,43400;0,81093;0,79283;0,00000;0,00000
;4,43450;0,85066;0,79539;0,00000;0,00000
;4,43500;0,83400;0,79806;0,00000;0,00000
;4,43550;0,86475;0,80087;0,00000;0,00000
;4,43600;0,78018;0,80378;0,00000;0,00000
;4,43650;0,83784;0,80673;0,00000;0,00000
;4,43700;0,77121;0,80961;0,00000;0,00000
;4,43750;0,82118;0,81229;0,00000;0,00000
;4,43800;0,75904;0,81466;0,00000;0,00000
;4,43850;0,86091;0,81666;0,00000;0,00000
;4,43900;0,80837;0,81828;0,00000;0,00000
;4,43950;0,85706;0,81960;0,00000;0,00000
;4,44000;0,78338;0,82067;0,00000;0,00000
;4,44050;0,84105;0,82152;0,00000;0,00000
;4,44100;0,81478;0,82217;0,00000;0,00000
;4,44150;0,88333;0,82267;0,00000;0,00000
;4,44200;0,76608;0,82308;0,00000;0,00000
;4,44250;0,84553;0,82342;0,00000;0,00000
;4,44300;0,80196;0,82368;0,00000;0,00000
;4,44350;0,87564;0,82386;0,00000;0,00000
;4,44400;0,78915;0,82400;0,00000;0,00000
;4,44450;0,89871;0,82416;0,00000;0,00000
;4,44500;0,79043;0,82437;0,00000;0,00000
;4,44550;0,83208;0,82466;0,00000;0,00000
;4,44600;0,79620;0,82498;0,00000;0,00000
;4,44650;0,83592;0,82527;0,00000;0,00000
;4,44700;0,79876;0,82550;0,00000;0,00000
;4,44750;0,79171;0,82562;0,00000;0,00000
;4,44800;0,81926;0,82558;0,00000;0,00000
;4,44850;0,86667;0,82540;0,00000;0,00000
;4,44900;0,84169;0,82514;0,00000;0,00000
;4,44950;0,84489;0,82492;0,00000;0,00000
