University of Stuttgart - IFT;time [s];force unfiltered [kN];force filtered [kN];drop no.;displacement [mm]
Date:;0,05000;0,00800;0,00000;1;2266
;0,05100;-0,01100;0,00000;1;2252
Tester:;0,05100;-0,04800;0,00000;0;2236
;0,05200;-0,01900;0,00000;0;2220
;0,05200;-0,03800;0,00000;0;2202
Order-no:;0,05300;-0,02000;-0,00100;0;2182
;0,05300;-0,07900;-0,00200;0;2159
Rope-no.:;0,05400;-0,05200;-0,00300;0;2134
;0,05400;-0,03600;-0,00400;0;2108
Rope type:;0,05500;-0,03100;-0,00600;0;2081
Einfachseil;0,05500;-0,01700;-0,00800;0;2050
Client:;0,05600;-0,02900;-0,01000;0;2018
;0,05600;0,00000;-0,01200;0;1981
Model:;0,05700;-0,06800;-0,01400;0;1944
;0,05700;-0,00900;-0,01700;0;1906
Rope diameter:;0,05800;0,00000;-0,01900;0;1866
8.7 mm;0,05800;-0,08500;-0,02100;0;1824
Drop mass:;0,05900;0,00900;-0,02300;0;1781
80 kg;0,05900;-0,10200;-0,02500;0;1736
;0,06000;-0,03600;-0,02600;0;1688
Force max. filtered;0,06000;-0,09000;-0,02800;0;1635
8,10 kN;0,06100;-0,09100;-0,03000;0;1583
;0,06100;-0,07600;-0,03200;0;1530
Force max. unfiltered:;0,06200;-0,02900;-0,03400;0;1474
8,27 kN;0,06200;-0,01600;-0,03600;0;1413
;0,06300;0,01100;-0,03800;0;1354
Dynamic Elongation:;0,06300;-0,03700;-0,04000;0;1293
33,24%;0,06400;-0,00800;-0,04200;0;1230
;0,06400;-0,03900;-0,04300;0;1164
Static Elongation:;0,06500;-0,02100;-0,04400;0;1098
6,70%;0,06500;0,01800;-0,04400;0;1029
;0,06600;-0,05200;-0,04400;0;958
"Number of
drops without breakage:";0,06600;-0,02900;-0,04400;0;885
;0,06700;-0,00400;-0,04300;0;811
;0,06700;-0,02900;-0,04200;0;734
H0 / Hmax:;0,06800;-0,01200;-0,04100;0;656
-2483 mm / -3408 mm;0,06800;-0,03400;-0,04000;0;577
;0,06900;-0,03700;-0,03800;0;501
Comment:;0,06900;-0,05000;-0,03700;0;416
"before testing: 

     after testing: 
";0,07000;-0,03700;-0,03500;0;324
;0,07000;-0,07000;-0,03400;0;237
Ambient temperature:;0,07100;-0,02800;-0,03300;0;153
;0,07100;-0,03500;-0,03200;0;62
;0,07200;0,05100;-0,03100;0;-32
;0,07200;-0,07200;-0,03000;0;-128
;0,07300;0,01800;-0,03000;0;-232
;0,07300;-0,06500;-0,02900;0;-325
;0,07400;0,02600;-0,02800;0;-426
;0,07400;-0,06600;-0,02800;0;-529
;0,07500;0,00000;-0,02700;0;-641
;0,07500;-0,02100;-0,02700;0;-740
;0,07600;0,00800;-0,02600;0;-848
;0,07600;-0,05200;-0,02600;0;-967
;0,07700;-0,00600;-0,02500;0;-1072
;0,07700;-0,01000;-0,02500;0;-1186
;0,07800;0,03200;-0,02400;0;-1311
;0,07800;-0,03700;-0,02300;0;-1429
;0,07900;-0,03100;-0,02200;0;-1549
;0,07900;-0,02100;-0,02200;0;-1672
;0,08000;-0,02200;-0,02100;0;-1795
;0,08000;-0,05200;-0,02000;0;-1921
;0,08100;0,01700;-0,02000;0;-2049
;0,08100;-0,01100;-0,01900;0;-2180
;0,08200;0,04000;-0,01900;0;-2320
;0,08200;-0,03600;-0,01800;0;-2443
;0,08300;0,04800;-0,01700;0;-2575
;0,08300;-0,01300;-0,01700;0;-2704
;0,08400;0,02800;-0,01600;0;-2828
;0,08400;-0,02300;-0,01500;0;-2944
;0,08500;0,02400;-0,01300;0;-3059
;0,08500;-0,05900;-0,01200;0;-3156
;0,08600;0,05900;-0,01100;0;-3238
;0,08600;-0,04000;-0,01000;0;-3306
;0,08700;0,07100;-0,00800;0;-3363
;0,08700;0,00500;-0,00700;0;-3394
;0,08800;-0,00900;-0,00600;0;-3408
;0,08800;0,01000;-0,00400;0;-3405
;0,08900;0,00200;-0,00300;0;-3389
;0,08900;-0,02900;-0,00100;0;-3367
;0,09000;-0,01700;0,00000;0;-3335
;0,09000;-0,04000;0,00100;0;-3274
;0,09100;0,00800;0,00200;0;-3211
;0,09100;0,01200;0,00200;0;-3156
;0,09200;0,06400;0,00300;0;-3099
;0,09200;0,03500;0,00300;0;-3037
;0,09300;0,02900;0,00300;0;-2981
;0,09300;-0,00800;0,00400;0;-2925
;0,09400;0,04300;0,00400;0;-2871
;0,09400;-0,03000;0,00500;0;-2817
;0,09500;0,07800;0,00600;0;-2766
;0,09500;-0,04600;0,00600;0;-2718
;0,09600;0,05300;0,00700;0;-2671
;0,09600;-0,05000;0,00800;0;-2625
;0,09700;0,04400;0,00900;0;-2582
;0,09700;0,00100;0,01000;0;-2541
;0,09800;0,04900;0,01000;0;-2502
;0,09800;0,00200;0,01100;0;-2464
;0,09900;0,00000;0,01100;0;-2429
;0,09900;-0,00100;0,01200;0;-2398
;0,10000;0,03000;0,01200;0;-2364
;0,10000;0,06100;0,01300;0;-2336
;0,10100;0,05500;0,01300;0;-2306
;0,10100;-0,02200;0,01400;0;-2281
;0,10200;0,01400;0,01400;0;-2258
;0,10200;0,02000;0,01500;0;-2236
;0,10300;0,04800;0,01500;0;-2216
;0,10300;0,01500;0,01600;0;-2196
;0,10400;0,02900;0,01700;0;-2180
;0,10400;-0,01700;0,01700;0;-2167
;0,10500;0,03700;0,01800;0;-2153
;0,10500;-0,06900;0,01900;0;-2143
;0,10600;0,03900;0,01900;0;-2137
;0,10600;-0,02500;0,01900;0;-2130
;0,10700;0,02200;0,01900;0;-2125
;0,10700;-0,02600;0,01800;0;-2123
;0,10800;-0,03700;0,01800;0;-2123
;0,10800;-0,00400;0,01700;0;-2122
;0,10900;0,00900;0,01500;0;-2123
;0,10900;-0,02500;0,01400;0;-2128
;0,11000;0,05100;0,01200;0;-2134
;0,11000;-0,03300;0,01100;0;-2142
;0,11100;0,04500;0,00900;0;-2153
;0,11100;-0,02400;0,00700;0;-2166
;0,11200;0,02400;0,00600;0;-2180
;0,11200;-0,03100;0,00500;0;-2196
;0,11300;0,05900;0,00300;0;-2215
;0,11300;0,03000;0,00200;0;-2236
;0,11400;0,01300;0,00200;0;-2259
;0,11400;-0,02500;0,00100;0;-2285
;0,11500;-0,04000;0,00100;0;-2313
;0,11500;0,01200;0,00100;0;-2343
;0,11600;0,01400;0,00100;0;-2373
;0,11600;-0,00100;0,00100;0;-2405
;0,11700;-0,01000;0,00100;0;-2439
;0,11700;-0,03400;0,00100;0;-2475
;0,11800;-0,02200;0,00100;0;-2513
;0,11800;-0,04700;0,00100;0;-2553
;0,11900;0,03800;0,00000;0;-2597
;0,11900;-0,02600;0,00000;0;-2639
;0,12000;-0,00800;-0,00100;0;-2683
;0,12000;-0,04700;-0,00200;0;-2727
;0,12100;0,02200;-0,00200;0;-2771
;0,12100;-0,02400;-0,00300;0;-2816
;0,12200;0,06900;-0,00400;0;-2858
;0,12200;-0,00100;-0,00500;0;-2902
;0,12300;0,00400;-0,00600;0;-2941
;0,12300;0,00500;-0,00600;0;-2976
;0,12400;-0,02200;-0,00600;0;-3008
;0,12400;0,00400;-0,00600;0;-3037
;0,12500;-0,03900;-0,00600;0;-3062
;0,12500;-0,02300;-0,00600;0;-3082
;0,12600;-0,01600;-0,00600;0;-3096
;0,12600;-0,02400;-0,00600;0;-3104
;0,12700;-0,01700;-0,00600;0;-3108
;0,12700;-0,04300;-0,00600;0;-3108
;0,12800;0,05100;-0,00600;0;-3103
;0,12800;-0,04500;-0,00700;0;-3093
;0,12900;0,00600;-0,00700;0;-3081
;0,12900;-0,03600;-0,00800;0;-3063
;0,13000;-0,02300;-0,00800;0;-3042
;0,13000;-0,03400;-0,00900;0;-3020
;0,13100;-0,04600;-0,01000;0;-2999
;0,13100;-0,02700;-0,01100;0;-2978
;0,13200;-0,03700;-0,01200;0;-2955
;0,13200;-0,02400;-0,01300;0;-2933
;0,13300;-0,03600;-0,01400;0;-2909
;0,13300;-0,04100;-0,01500;0;-2889
;0,13400;-0,02200;-0,01700;0;-2869
;0,13400;-0,01000;-0,01800;0;-2849
;0,13500;-0,05400;-0,01900;0;-2831
;0,13500;-0,04600;-0,02100;0;-2815
;0,13600;-0,02600;-0,02200;0;-2800
;0,13600;-0,03000;-0,02400;0;-2785
;0,13700;-0,07900;-0,02500;0;-2774
;0,13700;-0,03200;-0,02700;0;-2764
;0,13800;0,01200;-0,02800;0;-2757
;0,13800;-0,02000;-0,02900;0;-2750
;0,13900;-0,04000;-0,03000;0;-2744
;0,13900;-0,05900;-0,03100;0;-2741
;0,14000;-0,01500;-0,03200;0;-2740
;0,14000;-0,02700;-0,03300;0;-2739
;0,14100;-0,02000;-0,03300;0;-2739
;0,14100;-0,01800;-0,03400;0;-2741
;0,14200;-0,00200;-0,03400;0;-2746
;0,14200;-0,01700;-0,03400;0;-2752
;0,14300;-0,04300;-0,03400;0;-2759
;0,14300;-0,01100;-0,03400;0;-2767
;0,14400;-0,02000;-0,03300;0;-2778
;0,14400;0,01300;-0,03200;0;-2788
;0,14500;-0,01500;-0,03100;0;-2801
;0,14500;-0,00100;-0,03000;0;-2813
;0,14600;-0,03100;-0,02900;0;-2825
;0,14600;-0,01100;-0,02800;0;-2836
;0,14700;-0,05400;-0,02600;0;-2847
;0,14700;0,01800;-0,02500;0;-2858
;0,14800;-0,04100;-0,02400;0;-2868
;0,14800;0,02000;-0,02300;0;-2880
;0,14900;-0,02600;-0,02100;0;-2889
;0,14900;-0,01300;-0,02000;0;-2898
;0,15000;-0,02500;-0,01900;0;-2906
;0,15000;-0,01000;-0,01800;0;-2913
;0,15100;-0,01300;-0,01700;0;-2918
;0,15100;0,02900;-0,01600;0;-2923
;0,15200;-0,01300;-0,01500;0;-2925
;0,15200;-0,03600;-0,01500;0;-2927
;0,15300;-0,04800;-0,01400;0;-2927
;0,15300;-0,00600;-0,01300;0;-2927
;0,15400;-0,03600;-0,01300;0;-2927
;0,15400;-0,01900;-0,01300;0;-2924
;0,15500;-0,03100;-0,01300;0;-2920
;0,15500;0,01200;-0,01300;0;-2916
;0,15600;0,00500;-0,01300;0;-2911
;0,15600;0,02800;-0,01300;0;-2905
;0,15700;-0,03400;-0,01300;0;-2900
;0,15700;0,08700;-0,01300;0;-2894
;0,15800;-0,02200;-0,01300;0;-2889
;0,15800;0,03700;-0,01300;0;-2884
;0,15900;-0,02900;-0,01200;0;-2879
;0,15900;0,05100;-0,01100;0;-2874
;0,16000;0,02300;-0,01000;0;-2869
;0,16000;0,02200;-0,00800;0;-2866
;0,16100;0,01300;-0,00700;0;-2863
;0,16100;0,02400;-0,00500;0;-2860
;0,16200;-0,01700;-0,00300;0;-2859
;0,16200;0,00800;-0,00100;0;-2858
;0,16300;-0,02500;0,00100;0;-2858
;0,16300;0,00800;0,00300;0;-2857
;0,16400;-0,00400;0,00400;0;-2857
;0,16400;0,05300;0,00600;0;-2857
;0,16500;-0,01100;0,00700;0;-2859
;0,16500;0,05900;0,00800;0;-2862
;0,16600;-0,02100;0,00900;0;-2864
;0,16600;0,00600;0,01000;0;-2867
;0,16700;-0,01300;0,01000;0;-2870
;0,16700;0,06300;0,01100;0;-2874
;0,16800;-0,00500;0,01100;0;-2876
;0,16800;0,03600;0,01200;0;-2879
;0,16900;0,00100;0,01200;0;-2881
;0,16900;0,04400;0,01300;0;-2883
;0,17000;0,05600;0,01300;0;-2886
;0,17000;0,06200;0,01400;0;-2889
;0,17100;0,00100;0,01400;0;-2891
;0,17100;0,02400;0,01500;0;-2892
;0,17200;-0,00900;0,01600;0;-2892
;0,17200;0,07000;0,01700;0;-2892
;0,17300;-0,02100;0,01800;0;-2893
;0,17300;0,05500;0,01900;0;-2893
;0,17400;-0,01300;0,02000;0;-2893
;0,17400;0,07900;0,02100;0;-2892
;0,17500;0,00100;0,02200;0;-2891
;0,17500;0,02200;0,02200;0;-2890
;0,17600;-0,02100;0,02300;0;-2888
;0,17600;0,11700;0,02400;0;-2886
;0,17700;0,03100;0,02400;0;-2885
;0,17700;0,01800;0,02500;0;-2883
;0,17800;-0,02100;0,02500;0;-2882
;0,17800;0,02100;0,02600;0;-2880
;0,17900;0,02100;0,02600;0;-2879
;0,17900;0,05100;0,02700;0;-2879
;0,18000;-0,05400;0,02700;0;-2877
;0,18000;0,02800;0,02700;0;-2877
;0,18100;-0,03100;0,02600;0;-2877
;0,18100;0,06900;0,02600;0;-2877
;0,18200;0,02300;0,02500;0;-2877
;0,18200;0,00500;0,02400;0;-2877
;0,18300;-0,00200;0,02400;0;-2877
;0,18300;0,05100;0,02300;0;-2877
;0,18400;-0,02100;0,02200;0;-2878
;0,18400;0,03000;0,02100;0;-2878
;0,18500;-0,03000;0,02000;0;-2879
;0,18500;-0,02000;0,01900;0;-2881
;0,18600;0,00100;0,01800;0;-2882
;0,18600;0,01900;0,01700;0;-2883
;0,18700;-0,02900;0,01500;0;-2884
;0,18700;0,04300;0,01400;0;-2884
;0,18800;-0,02400;0,01300;0;-2884
;0,18800;0,02800;0,01100;0;-2885
;0,18900;-0,01000;0,01000;0;-2886
;0,18900;0,02700;0,00900;0;-2886
;0,19000;-0,04200;0,00800;0;-2886
;0,19000;-0,00600;0,00700;0;-2886
;0,19100;0,00400;0,00600;0;-2886
;0,19100;0,00800;0,00500;0;-2886
;0,19200;0,01100;0,00400;0;-2886
;0,19200;0,03600;0,00300;0;-2885
;0,19300;-0,04900;0,00200;0;-2885
;0,19300;0,02400;0,00100;0;-2885
;0,19400;-0,02800;0,00100;0;-2885
;0,19400;0,07400;0,00100;0;-2883
;0,19500;-0,02600;0,00000;0;-2883
;0,19500;0,00700;0,00000;0;-2882
;0,19600;-0,01700;0,00000;0;-2882
;0,19600;0,01000;0,00000;0;-2882
;0,19700;-0,05200;0,00000;0;-2881
;0,19700;0,01700;0,00000;0;-2881
;0,19800;0,01000;0,00000;0;-2881
;0,19800;0,00300;0,00000;0;-2881
;0,19900;-0,01300;0,00000;0;-2881
;0,19900;0,01000;0,00000;0;-2881
;0,20000;0,05100;0,00000;0;-2881
;0,20000;0,00700;0,00000;0;-2881
;0,20100;-0,00200;0,00000;0;-2882
;0,20100;-0,03900;0,00100;0;-2882
;0,20200;-0,03400;0,00100;0;-2882
;0,20200;-0,02400;0,00100;0;-2882
;0,20300;-0,01600;0,00100;0;-2882
;0,20300;-0,03300;0,00100;0;-2882
;0,20400;0,00800;0,00000;0;-2883
;0,20400;-0,05100;0,00000;0;-2883
;0,20500;-0,04700;-0,00100;0;-2883
;0,20500;-0,02000;-0,00200;0;-2884
;0,20600;-0,04200;-0,00400;0;-2884
;0,20600;-0,06500;-0,00500;0;-2884
;0,20700;-0,06600;-0,00700;0;-2884
;0,20700;-0,06200;-0,00900;0;-2884
;0,20800;-0,01400;-0,01200;0;-2884
;0,20800;0,04800;-0,01400;0;-2884
;0,20900;-0,05100;-0,01700;0;-2884
;0,20900;0,00800;-0,01900;0;-2884
;0,21000;-0,02400;-0,02200;0;-2884
;0,21000;-0,02600;-0,02300;0;-2884
;0,21100;-0,01800;-0,02500;0;-2884
;0,21100;-0,02700;-0,02600;0;-2884
;0,21200;-0,02600;-0,02700;0;-2884
;0,21200;-0,05400;-0,02800;0;-2884
;0,21300;-0,03400;-0,02900;0;-2884
;0,21300;-0,05700;-0,02900;0;-2884
;0,21400;-0,04200;-0,03000;0;-2883
;0,21400;-0,03200;-0,03000;0;-2883
;0,21500;-0,00500;-0,03100;0;-2883
;0,21500;-0,01200;-0,03100;0;-2883
;0,21600;-0,04800;-0,03100;0;-2883
;0,21600;-0,03900;-0,03200;0;-2883
;0,21700;-0,02200;-0,03200;0;-2883
;0,21700;-0,02900;-0,03200;0;-2883
;0,21800;0,02300;-0,03200;0;-2883
;0,21800;-0,03700;-0,03200;0;-2883
;0,21900;-0,01700;-0,03200;0;-2883
;0,21900;-0,03300;-0,03100;0;-2883
;0,22000;-0,00100;-0,03100;0;-2883
;0,22000;-0,03500;-0,03000;0;-2883
;0,22100;0,00900;-0,02900;0;-2883
;0,22100;-0,04500;-0,02900;0;-2884
;0,22200;-0,02000;-0,02800;0;-2884
;0,22200;-0,07400;-0,02700;0;-2884
;0,22300;0,07600;-0,02600;0;-2884
;0,22300;-0,05200;-0,02500;0;-2884
;0,22400;-0,00500;-0,02500;0;-2884
;0,22400;-0,06300;-0,02400;0;-2884
;0,22500;0,03200;-0,02300;0;-2884
;0,22500;-0,03300;-0,02200;0;-2884
;0,22600;0,03200;-0,02100;0;-2884
;0,22600;-0,01900;-0,02100;0;-2884
;0,22700;-0,00900;-0,02000;0;-2884
;0,22700;-0,09000;-0,01900;0;-2884
;0,22800;0,01600;-0,01800;0;-2884
;0,22800;-0,04600;-0,01800;0;-2884
;0,22900;0,03000;-0,01700;0;-2884
;0,22900;0,00300;-0,01700;0;0
;0,23000;-0,00200;-0,01600;0;0
;0,23000;0,00600;-0,01600;0;0
;0,23100;0,02600;-0,01500;0;0
;0,23100;-0,02400;-0,01400;0;0
;0,23200;0,03000;-0,01400;0;0
;0,23200;-0,00300;-0,01300;0;0
;0,23300;0,03600;-0,01100;0;0
;0,23300;-0,01300;-0,01000;0;0
;0,23400;0,01500;-0,00900;0;0
;0,23400;-0,03200;-0,00800;0;0
;0,23500;0,04200;-0,00600;0;0
;0,23500;0,02300;-0,00500;0;0
;0,23600;-0,01800;-0,00300;0;0
;0,23600;-0,00700;-0,00200;0;0
;0,23700;0,03900;-0,00100;0;0
;0,23700;-0,02000;0,00100;0;0
;0,23800;0,08100;0,00200;0;0
;0,23800;0,00800;0,00300;0;0
;0,23900;0,03400;0,00400;0;0
;0,23900;0,05300;0,00600;0;0
;0,24000;0,04800;0,00700;0;0
;0,24000;0,00900;0,00900;0;0
;0,24100;0,06400;0,01100;0;0
;0,24100;-0,02400;0,01200;0;0
;0,24200;0,03100;0,01400;0;0
;0,24200;-0,06800;0,01600;0;0
;0,24300;0,01400;0,01800;0;0
;0,24300;-0,02700;0,01900;0;0
;0,24400;0,03100;0,01900;0;0
;0,24400;0,01300;0,02000;0;0
;0,24500;0,09600;0,02000;0;0
;0,24500;0,02900;0,02000;0;0
;0,24600;0,07300;0,02000;0;0
;0,24600;-0,00400;0,02000;0;0
;0,24700;0,02300;0,02000;0;0
;0,24700;0,02700;0,02100;0;0
;0,24800;0,09000;0,02100;0;0
;0,24800;-0,02200;0,02200;0;0
;0,24900;0,04800;0,02200;0;0
;0,24900;-0,01100;0,02300;0;0
;0,25000;0,04000;0,02400;0;0
;0,25000;-0,04300;0,02400;0;0
;0,25100;0,02400;0,02500;0;0
;0,25100;0,02600;0,02500;0;0
;0,25200;0,03900;0,02500;0;0
;0,25200;-0,00400;0,02500;0;0
;0,25300;0,03900;0,02500;0;0
;0,25300;0,01100;0,02400;0;0
;0,25400;0,00300;0,02400;0;0
;0,25400;0,03200;0,02400;0;0
;0,25500;0,05100;0,02300;0;0
;0,25500;-0,03800;0,02300;0;0
;0,25600;0,03100;0,02200;0;0
;0,25600;0,02900;0,02200;0;0
;0,25700;0,06000;0,02100;0;0
;0,25700;0,00300;0,02100;0;0
;0,25800;0,06900;0,02000;0;0
;0,25800;-0,03900;0,02000;0;0
;0,25900;0,03900;0,02000;0;0
;0,25900;-0,00800;0,02000;0;0
;0,26000;0,03300;0,02000;0;0
;0,26000;0,02600;0,02000;0;0
;0,26100;0,03500;0,02000;0;0
;0,26100;-0,01500;0,02000;0;0
;0,26200;0,03100;0,02000;0;0
;0,26200;-0,02900;0,02000;0;0
;0,26300;0,03600;0,02000;0;0
;0,26300;0,00300;0,01900;0;0
;0,26400;0,03200;0,01900;0;0
;0,26400;0,00000;0,01900;0;0
;0,26500;0,04700;0,01800;0;0
;0,26500;0,03500;0,01800;0;0
;0,26600;0,01500;0,01800;0;0
;0,26600;-0,01000;0,01800;0;0
;0,26700;-0,01600;0,01700;0;0
;0,26700;0,03500;0,01700;0;0
;0,26800;0,04200;0,01700;0;0
;0,26800;-0,02600;0,01700;0;0
;0,26900;0,05300;0,01700;0;0
;0,26900;-0,03500;0,01600;0;0
;0,27000;0,02600;0,01600;0;0
;0,27000;-0,02800;0,01600;0;0
;0,27100;-0,02400;0,01500;0;0
;0,27100;0,00900;0,01500;0;0
;0,27200;0,04200;0,01400;0;0
;0,27200;-0,02900;0,01300;0;0
;0,27300;-0,02500;0,01200;0;0
;0,27300;-0,00800;0,01100;0;0
;0,27400;-0,05200;0,01000;0;0
;0,27400;-0,01100;0,00900;0;0
;0,27500;-0,01200;0,00700;0;0
;0,27500;-0,06500;0,00600;0;0
;0,27600;0,02000;0,00400;0;0
;0,27600;0,04600;0,00200;0;0
;0,27700;0,02300;0,00000;0;0
;0,27700;-0,04900;-0,00200;0;0
;0,27800;-0,00400;-0,00400;0;0
;0,27800;-0,06000;-0,00500;0;0
;0,27900;0,01900;-0,00600;0;0
;0,27900;0,02600;-0,00700;0;0
;0,28000;-0,02000;-0,00800;0;0
;0,28000;-0,02200;-0,00900;0;0
;0,28100;-0,05800;-0,01000;0;0
;0,28100;-0,03600;-0,01100;0;0
;0,28200;-0,05500;-0,01100;0;0
;0,28200;-0,03700;-0,01200;0;0
;0,28300;-0,01400;-0,01300;0;0
;0,28300;-0,00500;-0,01400;0;0
;0,28400;0,00900;-0,01600;0;0
;0,28400;-0,04300;-0,01700;0;0
;0,28500;-0,00600;-0,01800;0;0
;0,28500;-0,05600;-0,01800;0;0
;0,28600;-0,02200;-0,01900;0;0
;0,28600;-0,01600;-0,02000;0;0
;0,28700;0,00600;-0,02100;0;0
;0,28700;-0,03300;-0,02200;0;0
;0,28800;-0,07000;-0,02200;0;0
;0,28800;-0,01100;-0,02300;0;0
;0,28900;-0,06700;-0,02300;0;0
;0,28900;-0,04000;-0,02400;0;0
;0,29000;-0,07900;-0,02400;0;0
;0,29000;-0,00300;-0,02500;0;0
;0,29100;-0,02700;-0,02600;0;0
;0,29100;-0,02200;-0,02700;0;0
;0,29200;-0,08600;-0,02800;0;0
;0,29200;-0,01200;-0,02900;0;0
;0,29300;-0,01900;-0,03000;0;0
;0,29300;-0,00800;-0,03100;0;0
;0,29400;-0,07300;-0,03200;0;0
;0,29400;-0,06800;-0,03300;0;0
;0,29500;-0,01600;-0,03400;0;0
;0,29500;0,01100;-0,03400;0;0
;0,29600;-0,04200;-0,03500;0;0
;0,29600;-0,03100;-0,03500;0;0
;0,29700;-0,08100;-0,03600;0;0
;0,29700;0,01200;-0,03600;0;0
;0,29800;-0,01700;-0,03600;0;0
;0,29800;-0,00600;-0,03600;0;0
;0,29900;-0,02700;-0,03600;0;0
;0,29900;-0,02300;-0,03600;0;0
;0,30000;0,00700;-0,03500;0;0
;0,30000;-0,02600;-0,03400;0;0
;0,30100;-0,02500;-0,03300;0;0
;0,30100;0,01900;-0,03200;0;0
;0,30200;-0,03200;-0,03100;0;0
;0,30200;0,01600;-0,03000;0;0
;0,30300;-0,03100;-0,02800;0;0
;0,30300;0,02600;-0,02700;0;0
;0,30400;-0,05200;-0,02500;0;0
;0,30400;0,01400;-0,02300;0;0
;0,30500;-0,03100;-0,02200;0;0
;0,30500;0,00600;-0,02000;0;0
;0,30600;-0,03000;-0,01900;0;0
;0,30600;0,03100;-0,01700;0;0
;0,30700;-0,01300;-0,01600;0;0
;0,30700;-0,01500;-0,01400;0;0
;0,30800;-0,04300;-0,01300;0;0
;0,30800;0,02300;-0,01200;0;0
;0,30900;-0,02800;-0,01100;0;0
;0,30900;0,03300;-0,01000;0;0
;0,31000;0,06200;-0,00900;0;0
;0,31000;0,07000;-0,00800;0;0
;0,31100;-0,03200;-0,00700;0;0
;0,31100;-0,05200;-0,00600;0;0
;0,31200;0,00900;-0,00500;0;0
;0,31200;-0,01300;-0,00300;0;0
;0,31300;-0,03300;-0,00200;0;0
;0,31300;0,01500;-0,00100;0;0
;0,31400;0,02800;0,00000;0;0
;0,31400;0,02400;0,00000;0;0
;0,31500;0,02100;0,00100;0;0
;0,31500;0,02500;0,00200;0;0
;0,31600;0,02700;0,00200;0;0
;0,31600;0,01700;0,00300;0;0
;0,31700;-0,02700;0,00400;0;0
;0,31700;0,04900;0,00500;0;0
;0,31800;-0,02400;0,00600;0;0
;0,31800;0,03800;0,00700;0;0
;0,31900;0,02300;0,00700;0;0
;0,31900;0,01700;0,00800;0;0
;0,32000;-0,00600;0,00900;0;0
;0,32000;0,04000;0,01000;0;0
;0,32100;-0,02500;0,01100;0;0
;0,32100;0,06200;0,01100;0;0
;0,32200;-0,03300;0,01200;0;0
;0,32200;0,06500;0,01300;0;0
;0,32300;0,03500;0,01300;0;0
;0,32300;0,07700;0,01400;0;0
;0,32400;0,00800;0,01500;0;0
;0,32400;0,04000;0,01500;0;0
;0,32500;0,00500;0,01700;0;0
;0,32500;0,02400;0,01800;0;0
;0,32600;-0,01000;0,01900;0;0
;0,32600;0,02300;0,02000;0;0
;0,32700;-0,01300;0,02100;0;0
;0,32700;-0,00500;0,02100;0;0
;0,32800;0,00300;0,02200;0;0
;0,32800;0,05500;0,02200;0;0
;0,32900;-0,06300;0,02200;0;0
;0,32900;0,05500;0,02100;0;0
;0,33000;0,05400;0,02100;0;0
;0,33000;0,07100;0,02000;0;0
;0,33100;0,02300;0,02000;0;0
;0,33100;0,08500;0,02000;0;0
;0,33200;0,04000;0,02000;0;0
;0,33200;-0,00500;0,02000;0;0
;0,33300;-0,02400;0,02100;0;0
;0,33300;0,00700;0,02100;0;0
;0,33400;-0,01000;0,02200;0;0
;0,33400;0,02000;0,02200;0;0
;0,33500;0,00400;0,02200;0;0
;0,33500;0,01500;0,02200;0;0
;0,33600;0,00200;0,02200;0;0
;0,33600;0,05800;0,02200;0;0
;0,33700;-0,01200;0,02100;0;0
;0,33700;0,01400;0,02100;0;0
;0,33800;-0,04900;0,02000;0;0
;0,33800;-0,02200;0,01900;0;0
;0,33900;0,03200;0,01800;0;0
;0,33900;0,00500;0,01700;0;0
;0,34000;-0,03900;0,01600;0;0
;0,34000;0,01300;0,01500;0;0
;0,34100;-0,05900;0,01300;0;0
;0,34100;-0,01300;0,01100;0;0
;0,34200;-0,06400;0,01000;0;0
;0,34200;0,02900;0,00700;0;0
;0,34300;0,02100;0,00500;0;0
;0,34300;0,04000;0,00300;0;0
;0,34400;-0,01700;0,00100;0;0
;0,34400;0,00800;-0,00100;0;0
;0,34500;-0,03700;-0,00200;0;0
;0,34500;-0,04100;-0,00400;0;0
;0,34600;-0,01800;-0,00500;0;0
;0,34600;0,00500;-0,00600;0;0
;0,34700;0,00400;-0,00700;0;0
;0,34700;-0,00600;-0,00800;0;0
;0,34800;-0,07000;-0,00900;0;0
;0,34800;-0,00800;-0,01000;0;0
;0,34900;-0,04000;-0,01000;0;0
;0,34900;-0,01800;-0,01100;0;0
;0,35000;-0,04900;-0,01200;0;0
;0,35000;0,04300;-0,01300;0;0
;0,35100;-0,00700;-0,01400;0;0
;0,35100;0,00000;-0,01500;0;0
;0,35200;-0,03700;-0,01500;0;0
;0,35200;0,00500;-0,01600;0;0
;0,35300;-0,01700;-0,01600;0;0
;0,35300;-0,02400;-0,01600;0;0
;0,35400;-0,00600;-0,01600;0;0
;0,35400;-0,02900;-0,01600;0;0
;0,35500;-0,03800;-0,01600;0;0
;0,35500;-0,01000;-0,01600;0;0
;0,35600;0,02000;-0,01600;0;0
;0,35600;-0,07500;-0,01600;0;0
;0,35700;-0,06800;-0,01600;0;0
;0,35700;-0,01500;-0,01600;0;0
;0,35800;-0,04000;-0,01700;0;0
;0,35800;-0,04200;-0,01700;0;0
;0,35900;-0,02300;-0,01800;0;0
;0,35900;-0,02200;-0,01900;0;0
;0,36000;-0,01800;-0,02000;0;0
;0,36000;-0,03300;-0,02100;0;0
;0,36100;-0,01800;-0,02200;0;0
;0,36100;-0,03400;-0,02300;0;0
;0,36200;-0,03300;-0,02400;0;0
;0,36200;-0,01000;-0,02500;0;0
;0,36300;0,01300;-0,02600;0;0
;0,36300;-0,02400;-0,02600;0;0
;0,36400;-0,02400;-0,02700;0;0
;0,36400;-0,05300;-0,02700;0;0
;0,36500;-0,01000;-0,02700;0;0
;0,36500;-0,03500;-0,02700;0;0
;0,36600;-0,02500;-0,02700;0;0
;0,36600;-0,04500;-0,02700;0;0
;0,36700;-0,03200;-0,02700;0;0
;0,36700;-0,07900;-0,02700;0;0
;0,36800;-0,01300;-0,02700;0;0
;0,36800;-0,00400;-0,02700;0;0
;0,36900;0,00800;-0,02700;0;0
;0,36900;-0,01100;-0,02800;0;0
;0,37000;0,02600;-0,02800;0;0
;0,37000;0,01800;-0,02700;0;0
;0,37100;-0,02500;-0,02700;0;0
;0,37100;-0,04400;-0,02600;0;0
;0,37200;0,00300;-0,02500;0;0
;0,37200;-0,07000;-0,02400;0;0
;0,37300;-0,02100;-0,02300;0;0
;0,37300;-0,02400;-0,02200;0;0
;0,37400;0,02500;-0,02100;0;0
;0,37400;-0,05000;-0,02100;0;0
;0,37500;-0,03600;-0,02000;0;0
;0,37500;-0,04000;-0,02000;0;0
;0,37600;-0,00200;-0,01900;0;0
;0,37600;-0,02400;-0,01900;0;0
;0,37700;-0,01200;-0,01900;0;0
;0,37700;-0,04000;-0,01900;0;0
;0,37800;-0,01000;-0,01900;0;0
;0,37800;-0,07900;-0,01900;0;0
;0,37900;0,05500;-0,01900;0;0
;0,37900;-0,05400;-0,01900;0;0
;0,38000;0,01500;-0,02000;0;0
;0,38000;-0,00700;-0,02000;0;0
;0,38100;0,01400;-0,02000;0;0
;0,38100;-0,02400;-0,02000;0;0
;0,38200;0,00800;-0,02000;0;0
;0,38200;0,01000;-0,01900;0;0
;0,38300;0,06500;-0,01900;0;0
;0,38300;-0,00900;-0,01800;0;0
;0,38400;0,02800;-0,01700;0;0
;0,38400;-0,04200;-0,01500;0;0
;0,38500;0,03700;-0,01400;0;0
;0,38500;-0,02400;-0,01200;0;0
;0,38600;0,06000;-0,01000;0;0
;0,38600;-0,02900;-0,00800;0;0
;0,38700;0,00400;-0,00600;0;0
;0,38700;-0,05200;-0,00400;0;0
;0,38800;0,06700;-0,00300;0;0
;0,38800;-0,04200;-0,00100;0;0
;0,38900;0,04000;0,00000;0;0
;0,38900;-0,06300;0,00100;0;0
;0,39000;0,09000;0,00200;0;0
;0,39000;-0,01700;0,00300;0;0
;0,39100;0,03000;0,00400;0;0
;0,39100;0,02800;0,00500;0;0
;0,39200;0,04600;0,00600;0;0
;0,39200;-0,03000;0,00700;0;0
;0,39300;0,03700;0,00700;0;0
;0,39300;-0,02600;0,00800;0;0
;0,39400;0,04100;0,00900;0;0
;0,39400;-0,00100;0,01000;0;0
;0,39500;0,00700;0,01000;0;0
;0,39500;-0,02900;0,01100;0;0
;0,39600;0,01900;0,01100;0;0
;0,39600;0,05800;0,01200;0;0
;0,39700;0,05700;0,01200;0;0
;0,39700;-0,01700;0,01200;0;0
;0,39800;0,00200;0,01200;0;0
;0,39800;-0,02900;0,01300;0;0
;0,39900;0,07300;0,01300;0;0
;0,39900;-0,04200;0,01300;0;0
;0,40000;0,03700;0,01300;0;0
;0,40000;0,02500;0,01300;0;0
;0,40100;-0,00800;0,01300;0;0
;0,40100;0,00500;0,01300;0;0
;0,40200;0,02300;0,01300;0;0
;0,40200;0,00500;0,01300;0;0
;0,40300;0,08000;0,01300;0;0
;0,40300;0,03800;0,01300;0;0
;0,40400;0,08500;0,01300;0;0
;0,40400;-0,02200;0,01400;0;0
;0,40500;0,02900;0,01400;0;0
;0,40500;-0,03000;0,01500;0;0
;0,40600;-0,00100;0,01600;0;0
;0,40600;-0,00800;0,01700;0;0
;0,40700;0,05600;0,01700;0;0
;0,40700;-0,03400;0,01800;0;0
;0,40800;0,05300;0,01800;0;0
;0,40800;0,01000;0,01800;0;0
;0,40900;-0,00700;0,01800;0;0
;0,40900;0,01900;0,01800;0;0
;0,41000;0,10000;0,01800;0;0
;0,41000;0,02400;0,01800;0;0
;0,41100;0,02900;0,01800;0;0
;0,41100;-0,04300;0,01800;0;0
;0,41200;0,01800;0,01800;0;0
;0,41200;-0,04500;0,01900;0;0
;0,41300;0,05700;0,01900;0;0
;0,41300;-0,02400;0,01800;0;0
;0,41400;0,07300;0,01800;0;0
;0,41400;-0,02400;0,01800;0;0
;0,41500;-0,00400;0,01700;0;0
;0,41500;-0,02900;0,01700;0;0
;0,41600;0,06100;0,01600;0;0
;0,41600;-0,02000;0,01600;0;0
;0,41700;0,00500;0,01500;0;0
;0,41700;-0,02900;0,01400;0;0
;0,41800;-0,03400;0,01300;0;0
;0,41800;-0,08000;0,01200;0;0
;0,41900;0,07200;0,01100;0;0
;0,41900;-0,04000;0,00900;0;0
;0,42000;0,01700;0,00700;0;0
;0,42000;-0,02700;0,00600;0;0
;0,42100;-0,02700;0,00400;0;0
;0,42100;0,01700;0,00200;0;0
;0,42200;-0,02200;0,00000;0;0
;0,42200;-0,02400;-0,00100;0;0
;0,42300;0,03900;-0,00300;0;0
;0,42300;0,05100;-0,00400;0;0
;0,42400;-0,00100;-0,00600;0;0
;0,42400;-0,05000;-0,00600;0;0
;0,42500;0,00700;-0,00700;0;0
;0,42500;-0,00100;-0,00700;0;0
;0,42600;-0,00500;-0,00800;0;0
;0,42600;-0,03600;-0,00800;0;0
;0,42700;-0,04100;-0,00800;0;0
;0,42700;-0,03400;-0,00800;0;0
;0,42800;0,04900;-0,00800;0;0
;0,42800;-0,02000;-0,00800;0;0
;0,42900;0,00300;-0,00800;0;0
;0,42900;-0,02800;-0,00800;0;0
;0,43000;-0,00600;-0,00800;0;0
;0,43000;-0,01800;-0,00900;0;0
;0,43100;-0,00200;-0,00900;0;0
;0,43100;-0,00100;-0,00900;0;0
;0,43200;0,01300;-0,00900;0;0
;0,43200;-0,02700;-0,00900;0;0
;0,43300;0,02500;-0,00900;0;0
;0,43300;-0,00200;-0,00900;0;0
;0,43400;-0,05200;-0,00900;0;0
;0,43400;-0,00400;-0,00800;0;0
;0,43500;-0,01800;-0,00800;0;0
;0,43500;-0,04600;-0,00800;0;0
;0,43600;-0,05600;-0,00800;0;0
;0,43600;0,01500;-0,00800;0;0
;0,43700;-0,01500;-0,00900;0;0
;0,43700;-0,03200;-0,00900;0;0
;0,43800;-0,00300;-0,01000;0;0
;0,43800;-0,03600;-0,01100;0;0
;0,43900;-0,02600;-0,01200;0;0
;0,43900;-0,01000;-0,01200;0;0
;0,44000;-0,03800;-0,01300;0;0
;0,44000;0,01100;-0,01400;0;0
;0,44100;-0,05400;-0,01500;0;0
;0,44100;-0,01600;-0,01600;0;0
;0,44200;-0,03100;-0,01700;0;0
;0,44200;-0,06100;-0,01800;0;0
;0,44300;-0,08200;-0,01900;0;0
;0,44300;-0,02400;-0,02000;0;0
;0,44400;-0,02600;-0,02100;0;0
;0,44400;0,03700;-0,02200;0;0
;0,44500;-0,01800;-0,02400;0;0
;0,44500;0,01700;-0,02500;0;0
;0,44600;-0,02700;-0,02600;0;0
;0,44600;-0,00400;-0,02600;0;0
;0,44700;-0,04500;-0,02600;0;0
;0,44700;0,04200;-0,02600;0;0
;0,44800;-0,05800;-0,02600;0;0
;0,44800;-0,01300;-0,02600;0;0
;0,44900;-0,01600;-0,02500;0;0
;0,44900;-0,04900;-0,02400;0;0
;0,45000;-0,06500;-0,02400;0;0
;0,45000;-0,03600;-0,02300;0;0
;0,45100;-0,03400;-0,02300;0;0
;0,45100;0,00800;-0,02300;0;0
;0,45200;-0,03500;-0,02300;0;0
;0,45200;0,02300;-0,02300;0;0
;0,45300;-0,00900;-0,02300;0;0
;0,45300;0,01200;-0,02200;0;0
;0,45400;-0,06000;-0,02200;0;0
;0,45400;-0,01000;-0,02200;0;0
;0,45500;0,01000;-0,02200;0;0
;0,45500;0,03900;-0,02100;0;0
;0,45600;-0,03600;-0,02100;0;0
;0,45600;-0,00400;-0,02000;0;0
;0,45700;-0,03400;-0,01900;0;0
;0,45700;0,05300;-0,01800;0;0
;0,45800;0,01700;-0,01700;0;0
;0,45800;0,07900;-0,01600;0;0
;0,45900;-0,07000;-0,01400;0;0
;0,45900;0,02500;-0,01300;0;0
;0,46000;-0,04000;-0,01100;0;0
;0,46000;0,01600;-0,00900;0;0
;0,46100;0,00400;-0,00700;0;0
;0,46100;0,01000;-0,00600;0;0
;0,46200;0,03000;-0,00400;0;0
;0,46200;-0,01200;-0,00300;0;0
;0,46300;-0,00400;-0,00100;0;0
;0,46300;0,03400;0,00000;0;0
;0,46400;0,00500;0,00100;0;0
;0,46400;0,00200;0,00200;0;0
;0,46500;0,00800;0,00300;0;0
;0,46500;0,01400;0,00400;0;0
;0,46600;-0,03300;0,00500;0;0
;0,46600;0,03200;0,00600;0;0
;0,46700;0,02000;0,00700;0;0
;0,46700;0,05600;0,00700;0;0
;0,46800;0,02300;0,00800;0;0
;0,46800;0,05200;0,00800;0;0
;0,46900;0,00200;0,00900;0;0
;0,46900;0,03300;0,01000;0;0
;0,47000;-0,00100;0,01100;0;0
;0,47000;0,01600;0,01200;0;0
;0,47100;-0,00700;0,01300;0;0
;0,47100;0,09100;0,01400;0;0
;0,47200;0,03200;0,01500;0;0
;0,47200;0,04800;0,01600;0;0
;0,47300;0,04000;0,01700;0;0
;0,47300;0,06000;0,01800;0;0
;0,47400;-0,02700;0,02000;0;0
;0,47400;0,04100;0,02100;0;0
;0,47500;0,01900;0,02300;0;0
;0,47500;0,03600;0,02400;0;0
;0,47600;-0,04000;0,02500;0;0
;0,47600;0,06600;0,02600;0;0
;0,47700;0,00200;0,02700;0;0
;0,47700;0,02600;0,02700;0;0
;0,47800;0,05000;0,02800;0;0
;0,47800;0,10000;0,02800;0;0
;0,47900;-0,00100;0,02800;0;0
;0,47900;0,09100;0,02900;0;0
;0,48000;-0,01800;0,02900;0;0
;0,48000;0,06700;0,03000;0;0
;0,48100;0,02300;0,03000;0;0
;0,48100;0,03400;0,03100;0;0
;0,48200;0,00700;0,03200;0;0
;0,48200;0,01000;0,03200;0;0
;0,48300;-0,06500;0,03300;0;0
;0,48300;0,00700;0,03300;0;0
;0,48400;-0,00800;0,03200;0;0
;0,48400;0,10000;0,03200;0;0
;0,48500;-0,00800;0,03100;0;0
;0,48500;0,01000;0,03000;0;0
;0,48600;-0,00800;0,02800;0;0
;0,48600;0,05300;0,02700;0;0
;0,48700;0,02600;0,02600;0;0
;0,48700;0,05200;0,02400;0;0
;0,48800;-0,02000;0,02300;0;0
;0,48800;0,03900;0,02200;0;0
;0,48900;0,00800;0,02100;0;0
;0,48900;0,02400;0,02000;0;0
;0,49000;-0,04200;0,02000;0;0
;0,49000;0,00100;0,01900;0;0
;0,49100;-0,00500;0,01800;0;0
;0,49100;0,03400;0,01700;0;0
;0,49200;-0,04600;0,01600;0;0
;0,49200;0,04400;0,01500;0;0
;0,49300;-0,01100;0,01400;0;0
;0,49300;0,03000;0,01300;0;0
;0,49400;-0,01700;0,01200;0;0
;0,49400;0,01700;0,01100;0;0
;0,49500;-0,04200;0,01000;0;0
;0,49500;0,03300;0,00900;0;0
;0,49600;-0,00400;0,00800;0;0
;0,49600;-0,02400;0,00700;0;0
;0,49700;0,00000;0,00600;0;0
;0,49700;0,04700;0,00500;0;0
;0,49800;-0,02900;0,00500;0;0
;0,49800;0,03000;0,00400;0;0
;0,49900;-0,01700;0,00300;0;0
;0,49900;-0,01700;0,00300;0;0
;0,50000;0,02100;0,00200;0;0
;0,50000;-0,03100;0,00200;0;0
;0,50100;-0,02500;0,00100;0;0
;0,50100;0,01900;0,00100;0;0
;0,50200;-0,01900;0,00000;0;0
;0,50200;0,09600;0,00000;0;0
;0,50300;-0,03000;-0,00100;0;0
;0,50300;-0,02700;-0,00100;0;0
;0,50400;-0,04100;-0,00100;0;0
;0,50400;-0,02200;-0,00100;0;0
;0,50500;-0,08600;-0,00100;0;0
;0,50500;-0,02900;-0,00200;0;0
;0,50600;-0,04300;-0,00300;0;0
;0,50600;-0,02400;-0,00400;0;0
;0,50700;-0,02000;-0,00500;0;0
;0,50700;0,00700;-0,00700;0;0
;0,50800;-0,07500;-0,00900;0;0
;0,50800;-0,00500;-0,01100;0;0
;0,50900;-0,02700;-0,01300;0;0
;0,50900;0,00000;-0,01400;0;0
;0,51000;-0,02400;-0,01600;0;0
;0,51000;0,01300;-0,01800;0;0
;0,51100;-0,01800;-0,01900;0;0
;0,51100;-0,07200;-0,02100;0;0
;0,51200;-0,03400;-0,02200;0;0
;0,51200;-0,03100;-0,02300;0;0
;0,51300;-0,05600;-0,02300;0;0
;0,51300;-0,02900;-0,02400;0;0
;0,51400;0,00600;-0,02500;0;0
;0,51400;-0,00500;-0,02600;0;0
;0,51500;-0,01700;-0,02700;0;0
;0,51500;-0,05800;-0,02700;0;0
;0,51600;0,01500;-0,02800;0;0
;0,51600;-0,03300;-0,02800;0;0
;0,51700;-0,01500;-0,02800;0;0
;0,51700;-0,08000;-0,02800;0;0
;0,51800;-0,06800;-0,02800;0;0
;0,51800;-0,04800;-0,02800;0;0
;0,51900;0,04900;-0,02800;0;0
;0,51900;-0,01500;-0,02800;0;0
;0,52000;-0,04100;-0,02800;0;0
;0,52000;-0,07400;-0,02800;0;0
;0,52100;0,01500;-0,02800;0;0
;0,52100;-0,01700;-0,02800;0;0
;0,52200;0,00300;-0,02800;0;0
;0,52200;0,00200;-0,02800;0;0
;0,52300;-0,02000;-0,02800;0;0
;0,52300;-0,07400;-0,02700;0;0
;0,52400;-0,02600;-0,02700;0;0
;0,52400;-0,00800;-0,02600;0;0
;0,52500;-0,00100;-0,02600;0;0
;0,52500;-0,03400;-0,02500;0;0
;0,52600;-0,02200;-0,02500;0;0
;0,52600;-0,04000;-0,02400;0;0
;0,52700;0,03300;-0,02400;0;0
;0,52700;-0,04200;-0,02300;0;0
;0,52800;0,00300;-0,02300;0;0
;0,52800;-0,01600;-0,02200;0;0
;0,52900;-0,02600;-0,02200;0;0
;0,52900;0,03200;-0,02100;0;0
;0,53000;0,00100;-0,02000;0;0
;0,53000;-0,02400;-0,01900;0;0
;0,53100;0,00000;-0,01800;0;0
;0,53100;-0,05700;-0,01800;0;0
;0,53200;0,01900;-0,01700;0;0
;0,53200;0,00300;-0,01600;0;0
;0,53300;-0,01000;-0,01500;0;0
;0,53300;-0,05400;-0,01400;0;0
;0,53400;0,02900;-0,01300;0;0
;0,53400;-0,02500;-0,01200;0;0
;0,53500;0,00100;-0,01200;0;0
;0,53500;-0,04000;-0,01100;0;0
;0,53600;0,07500;-0,01100;0;0
;0,53600;-0,00400;-0,01000;0;0
;0,53700;0,04000;-0,01000;0;0
;0,53700;0,03100;-0,00900;0;0
;0,53800;0,00800;-0,00800;0;0
;0,53800;-0,05400;-0,00700;0;0
;0,53900;0,05500;-0,00500;0;0
;0,53900;0,00000;-0,00400;0;0
;0,54000;0,00300;-0,00300;0;0
;0,54000;0,02000;-0,00100;0;0
;0,54100;-0,00200;0,00000;0;0
;0,54100;-0,03800;0,00100;0;0
;0,54200;0,05800;0,00300;0;0
;0,54200;0,03500;0,00400;0;0
;0,54300;0,09400;0,00500;0;0
;0,54300;0,01900;0,00600;0;0
;0,54400;0,04600;0,00700;0;0
;0,54400;-0,06100;0,00900;0;0
;0,54500;0,03300;0,01100;0;0
;0,54500;-0,01000;0,01200;0;0
;0,54600;0,04000;0,01300;0;0
;0,54600;-0,04700;0,01500;0;0
;0,54700;0,01800;0,01600;0;0
;0,54700;-0,03800;0,01600;0;0
;0,54800;0,05300;0,01700;0;0
;0,54800;-0,01000;0,01700;0;0
;0,54900;0,05800;0,01600;0;0
;0,54900;-0,01100;0,01600;0;0
;0,54950;0,10263;0,01592;0;0
;0,55000;-0,00565;0,01569;0;0
;0,55050;0,03920;0,01561;0;0
;0,55100;0,02382;0,01567;0;0
;0,55150;0,05906;0,01589;0;0
;0,55200;0,00204;0,01628;0;0
;0,55250;0,05009;0,01683;0;0
;0,55300;-0,01718;0,01751;0;0
;0,55350;0,06483;0,01826;0;0
;0,55400;0,01293;0,01906;0;0
;0,55450;-0,00053;0,01988;0;0
;0,55500;-0,03448;0,02066;0;0
;0,55550;0,04112;0,02127;0;0
;0,55600;0,04560;0,02170;0;0
;0,55650;0,03663;0,02202;0;0
;0,55700;-0,01911;0,02228;0;0
;0,55750;0,02895;0,02246;0;0
;0,55800;-0,03128;0,02252;0;0
;0,55850;0,04368;0,02242;0;0
;0,55900;-0,02936;0,02215;0;0
;0,55950;0,05393;0,02172;0;0
;0,56000;0,00780;0,02117;0;0
;0,56050;0,02190;0,02055;0;0
;0,56100;-0,03576;0,01990;0;0
;0,56150;-0,00245;0,01915;0;0
;0,56200;-0,05755;0,01825;0;0
;0,56250;0,03471;0,01713;0;0
;0,56300;-0,02487;0,01580;0;0
;0,56350;0,07251;0,01434;0;0
;0,56400;-0,00693;0,01286;0;0
;0,56450;0,06098;0,01149;0;0
;0,56500;-0,00821;0,01031;0;0
;0,56550;0,05457;0,00936;0;0
;0,56600;-0,05242;0,00865;0;0
;0,56650;-0,00565;0,00812;0;0
;0,56700;-0,01078;0,00766;0;0
;0,56750;0,00780;0,00719;0;0
;0,56800;-0,04281;0,00670;0;0
;0,56850;0,06547;0,00617;0;0
;0,56900;-0,06011;0,00561;0;0
;0,56950;0,00909;0,00504;0;0
;0,57000;-0,01718;0,00441;0;0
;0,57050;0,01037;0,00372;0;0
;0,57100;0,01101;0,00301;0;0
;0,57150;0,02446;0,00232;0;0
;0,57200;-0,02423;0,00172;0;0
;0,57250;0,03535;0,00121;0;0
;0,57300;0,01741;0,00082;0;0
;0,57350;0,01293;0,00059;0;0
;0,57400;-0,05370;0,00052;0;0
;0,57450;0,05009;0,00053;0;0
;0,57500;-0,00181;0,00062;0;0
;0,57550;-0,01782;0,00077;0;0
;0,57600;-0,02679;0,00096;0;0
;0,57650;0,00652;0,00110;0;0
;0,57700;-0,08125;0,00113;0;0
;0,57750;-0,01590;0,00097;0;0
;0,57800;-0,03320;0,00054;0;0
;0,57850;0,01741;-0,00017;0;0
;0,57900;0,03151;-0,00105;0;0
;0,57950;-0,03320;-0,00200;0;0
;0,58000;-0,00373;-0,00293;0;0
;0,58050;-0,06588;-0,00388;0;0
;0,58100;-0,06972;-0,00491;0;0
;0,58150;-0,06395;-0,00615;0;0
;0,58200;-0,05242;-0,00767;0;0
;0,58250;0,00140;-0,00950;0;0
;0,58300;-0,01718;-0,01154;0;0
;0,58350;-0,03769;-0,01366;0;0
;0,58400;-0,09214;-0,01583;0;0
;0,58450;-0,01782;-0,01806;0;0
;0,58500;-0,00821;-0,02034;0;0
;0,58550;-0,02487;-0,02259;0;0
;0,58600;-0,04281;-0,02470;0;0
;0,58650;-0,08446;-0,02668;0;0
;0,58700;-0,05819;-0,02857;0;0
;0,58750;-0,02039;-0,03045;0;0
;0,58800;-0,01398;-0,03226;0;0
;0,58850;-0,04089;-0,03394;0;0
;0,58900;-0,03897;-0,03543;0;0
;0,58950;0,03599;-0,03669;0;0
;0,59000;0,02190;-0,03763;0;0
;0,59050;0,00268;-0,03810;0;0
;0,59100;-0,00181;-0,03805;0;0
;0,59150;-0,04473;-0,03750;0;0
;0,59200;-0,02231;-0,03655;0;0
;0,59250;-0,03128;-0,03531;0;0
;0,59300;-0,04986;-0,03392;0;0
;0,59350;-0,00437;-0,03246;0;0
;0,59400;0,03023;-0,03097;0;0
;0,59450;-0,08317;-0,02944;0;0
;0,59500;-0,04922;-0,02793;0;0
;0,59550;-0,07421;-0,02660;0;0
;0,59600;0,00844;-0,02554;0;0
;0,59650;-0,06716;-0,02477;0;0
;0,59700;-0,05178;-0,02428;0;0
;0,59750;-0,00501;-0,02409;0;0
;0,59800;0,00012;-0,02414;0;0
;0,59850;-0,02872;-0,02433;0;0
;0,59900;0,02574;-0,02455;0;0
;0,59950;0,01229;-0,02470;0;0
;0,60000;-0,00693;-0,02469;0;0
;0,60050;-0,06716;-0,02448;0;0
;0,60100;-0,01334;-0,02414;0;0
;0,60150;-0,02231;-0,02377;0;0
;0,60200;-0,00501;-0,02337;0;0
;0,60250;-0,06716;-0,02297;0;0
;0,60300;-0,00437;-0,02259;0;0
;0,60350;-0,01590;-0,02229;0;0
;0,60400;-0,00565;-0,02202;0;0
;0,60450;-0,04089;-0,02176;0;0
;0,60500;-0,00565;-0,02152;0;0
;0,60550;-0,02551;-0,02130;0;0
;0,60600;0,02702;-0,02107;0;0
;0,60650;-0,02423;-0,02079;0;0
;0,60700;0,04945;-0,02041;0;0
;0,60750;-0,03384;-0,01986;0;0
;0,60800;-0,02615;-0,01915;0;0
;0,60850;0,01485;-0,01834;0;0
;0,60900;0,05073;-0,01743;0;0
;0,60950;-0,05563;-0,01638;0;0
;0,61000;0,04945;-0,01520;0;0
;0,61050;-0,03769;-0,01391;0;0
;0,61100;0,07444;-0,01254;0;0
;0,61150;-0,03064;-0,01107;0;0
;0,61200;0,02254;-0,00949;0;0
;0,61250;0,01037;-0,00785;0;0
;0,61300;0,07700;-0,00614;0;0
;0,61350;-0,04601;-0,00433;0;0
;0,61400;0,01805;-0,00245;0;0
;0,61450;0,01934;-0,00059;0;0
;0,61500;0,05714;0,00124;0;0
;0,61550;-0,02743;0,00305;0;0
;0,61600;0,01613;0,00483;0;0
;0,61650;-0,04666;0,00648;0;0
;0,61700;0,06547;0,00792;0;0
;0,61750;0,05009;0,00918;0;0
;0,61800;0,08597;0,01038;0;0
;0,61850;0,01101;0,01167;0;0
;0,61900;0,05201;0,01308;0;0
;0,61950;0,02254;0,01461;0;0
;0,62000;0,01741;0,01622;0;0
;0,62050;0,01613;0,01785;0;0
;0,62100;0,04048;0,01943;0;0
;0,62150;-0,00629;0,02093;0;0
;0,62200;0,07508;0,02231;0;0
;0,62250;-0,04153;0,02357;0;0
;0,62300;0,02254;0,02465;0;0
;0,62350;-0,01398;0,02548;0;0
;0,62400;0,07315;0,02603;0;0
;0,62450;-0,01206;0,02635;0;0
;0,62500;0,05586;0,02649;0;0
;0,62550;-0,01526;0,02648;0;0
;0,62600;0,05073;0,02635;0;0
;0,62650;0,02574;0,02612;0;0
;0,62700;0,04304;0,02585;0;0
;0,62750;0,01998;0,02559;0;0
;0,62800;0,08212;0,02538;0;0
;0,62850;-0,02103;0,02528;0;0
;0,62900;0,09173;0,02529;0;0
;0,62950;0,01229;0,02544;0;0
;0,63000;0,05137;0,02572;0;0
;0,63050;0,02446;0,02615;0;0
;0,63100;0,02190;0,02668;0;0
;0,63150;-0,00373;0,02725;0;0
;0,63200;0,05201;0,02780;0;0
;0,63250;0,00652;0,02828;0;0
;0,63300;-0,00181;0,02868;0;0
;0,63350;0,02254;0,02893;0;0
;0,63400;0,04689;0,02902;0;0
;0,63450;-0,00245;0,02899;0;0
;0,63500;0,04176;0,02884;0;0
;0,63550;0,01998;0,02860;0;0
;0,63600;0,03343;0,02829;0;0
;0,63650;-0,00501;0,02794;0;0
;0,63700;0,08212;0,02755;0;0
;0,63750;0,01613;0,02718;0;0
;0,63800;0,05201;0,02689;0;0
;0,63850;-0,03576;0,02668;0;0
;0,63900;0,02446;0,02649;0;0
;0,63950;0,01741;0,02625;0;0
;0,64000;0,02190;0,02594;0;0
;0,64050;-0,00885;0,02556;0;0
;0,64100;0,03663;0,02510;0;0
;0,64150;0,07187;0,02459;0;0
;0,64200;0,02702;0,02412;0;0
;0,64250;-0,02808;0,02375;0;0
;0,64300;0,01741;0,02343;0;0
;0,64350;-0,01911;0,02306;0;0
;0,64400;0,05522;0,02261;0;0
;0,64450;-0,01462;0,02209;0;0
;0,64500;0,01870;0,02151;0;0
;0,64550;-0,02295;0,02086;0;0
;0,64600;0,08212;0,02014;0;0
;0,64650;0,00076;0,01942;0;0
;0,64700;0,01741;0,01875;0;0
;0,64750;-0,02936;0,01814;0;0
;0,64800;-0,03384;0,01750;0;0
;0,64850;0,01805;0,01675;0;0
;0,64900;-0,00309;0,01586;0;0
;0,64950;-0,05691;0,01482;0;0
;0,65000;-0,02359;0,01360;0;0
;0,65050;-0,09022;0,01211;0;0
;0,65100;-0,02551;0,01026;0;0
;0,65150;-0,01142;0,00804;0;0
;0,65200;-0,03128;0,00551;0;0
;0,65250;-0,03192;0,00276;0;0
;0,65300;-0,03064;-0,00014;0;0
;0,65350;-0,04153;-0,00315;0;0
;0,65400;-0,00053;-0,00620;0;0
;0,65450;-0,02808;-0,00921;0;0
;0,65500;0,00909;-0,01210;0;0
;0,65550;-0,03576;-0,01477;0;0
;0,65600;-0,05370;-0,01720;0;0
;0,65650;-0,01975;-0,01940;0;0
;0,65700;0,01101;-0,02140;0;0
;0,65750;0,00012;-0,02312;0;0
;0,65800;-0,03576;-0,02450;0;0
;0,65850;-0,00501;-0,02553;0;0
;0,65900;0,00652;-0,02624;0;0
;0,65950;-0,00693;-0,02661;0;0
;0,66000;-0,05883;-0,02666;0;0
;0,66050;0,00076;-0,02645;0;0
;0,66100;0,00973;-0,02605;0;0
;0,66150;-0,04986;-0,02548;0;0
;0,66200;-0,01654;-0,02477;0;0
;0,66250;-0,00821;-0,02399;0;0
;0,66300;-0,01911;-0,02318;0;0
;0,66350;-0,05242;-0,02235;0;0
;0,66400;-0,04345;-0,02159;0;0
;0,66450;-0,01206;-0,02096;0;0
;0,66500;-0,01654;-0,02049;0;0
;0,66550;-0,06972;-0,02016;0;0
;0,66600;-0,07741;-0,02003;0;0
;0,66650;-0,01846;-0,02019;0;0
;0,66700;-0,03512;-0,02064;0;0
;0,66750;0,05650;-0,02129;0;0
;0,66800;-0,03064;-0,02199;0;0
;0,66850;-0,03128;-0,02262;0;0
;0,66900;0,02510;-0,02313;0;0
;0,66950;-0,02231;-0,02350;0;0
;0,67000;-0,05434;-0,02369;0;0
;0,67050;0,02190;-0,02376;0;0
;0,67100;-0,03833;-0,02370;0;0
;0,67150;-0,00053;-0,02353;0;0
;0,67200;-0,02743;-0,02326;0;0
;0,67250;-0,04794;-0,02291;0;0
;0,67300;-0,05050;-0,02256;0;0
;0,67350;0,01037;-0,02228;0;0
;0,67400;-0,02743;-0,02207;0;0
;0,67450;-0,01078;-0,02189;0;0
;0,67500;-0,04794;-0,02173;0;0
;0,67550;0,00844;-0,02161;0;0
;0,67600;0,01741;-0,02149;0;0
;0,67650;0,07380;-0,02125;0;0
;0,67700;0,00844;-0,02076;0;0
;0,67750;0,04176;-0,01990;0;0
;0,67800;0,03087;-0,01863;0;0
;0,67850;0,06226;-0,01694;0;0
;0,67900;0,01998;-0,01481;0;0
;0,67950;0,06354;-0,01224;0;0
;0,68000;0,06931;-0,00927;0;0
;0,68050;0,07828;-0,00589;0;0
;0,68100;-0,01718;-0,00212;0;0
;0,68150;0,03728;0,00191;0;0
;0,68200;-0,02231;0,00601;0;0
;0,68250;0,03023;0,00999;0;0
;0,68300;-0,03256;0,01371;0;0
;0,68350;0,08661;0,01706;0;0
;0,68400;-0,05819;0,02000;0;0
;0,68450;0,01741;0,02249;0;0
;0,68500;-0,03640;0,02444;0;0
;0,68550;0,04496;0,02581;0;0
;0,68600;-0,02936;0,02662;0;0
;0,68650;-0,01014;0,02690;0;0
;0,68700;-0,01590;0,02665;0;0
;0,68750;0,00396;0,02590;0;0
;0,68800;-0,05883;0,02467;0;0
;0,68850;0,10519;0,02304;0;0
;0,68900;-0,02359;0,02116;0;0
;0,68950;0,04753;0,01919;0;0
;0,69000;0,02318;0,01725;0;0
;0,69050;0,02126;0,01546;0;0
;0,69100;0,00652;0,01386;0;0
;0,69150;0,01549;0,01248;0;0
;0,69200;-0,02039;0,01129;0;0
;0,69250;0,05650;0,01029;0;0
;0,69300;0,02510;0,00948;0;0
;0,69350;0,03023;0,00892;0;0
;0,69400;-0,06203;0,00861;0;0
;0,69450;0,04753;0,00844;0;0
;0,69500;0,00140;0,00837;0;0
;0,69550;0,05586;0,00839;0;0
;0,69600;-0,04409;0,00852;0;0
;0,69650;0,03279;0,00873;0;0
;0,69700;-0,06524;0,00894;0;0
;0,69750;0,03471;0,00907;0;0
;0,69800;-0,03384;0,00907;0;0
;0,69850;0,02318;0,00892;0;0
;0,69900;0,06290;0,00868;0;0
;0,69950;0,07187;0,00846;0;0
;0,70000;-0,00885;0,00842;0;0
;0,70050;0,07892;0,00862;0;0
;0,70100;0,02126;0,00908;0;0
;0,70150;0,03279;0,00983;0;0
;0,70200;0,00076;0,01081;0;0
;0,70250;0,05970;0,01198;0;0
;0,70300;-0,02743;0,01326;0;0
;0,70350;0,07123;0,01460;0;0
;0,70400;-0,03128;0,01595;0;0
;0,70450;0,01037;0,01724;0;0
;0,70500;-0,00309;0,01838;0;0
;0,70550;0,09430;0,01934;0;0
;0,70600;-0,02872;0,02017;0;0
;0,70650;0,01870;0,02089;0;0
;0,70700;-0,00053;0,02146;0;0
;0,70750;0,03920;0,02185;0;0
;0,70800;0,05329;0,02210;0;0
;0,70850;0,06226;0,02230;0;0
;0,70900;-0,04666;0,02253;0;0
;0,70950;0,06034;0,02277;0;0
;0,71000;0,00973;0,02296;0;0
;0,71050;0,02062;0,02312;0;0
;0,71100;0,02574;0,02325;0;0
;0,71150;0,02831;0,02334;0;0
;0,71200;0,06675;0,02342;0;0
;0,71250;0,08917;0,02359;0;0
;0,71300;0,06034;0,02397;0;0
;0,71350;0,03984;0,02464;0;0
;0,71400;-0,01782;0,02556;0;0
;0,71450;0,05137;0,02661;0;0
;0,71500;-0,00053;0,02770;0;0
;0,71550;0,00332;0,02873;0;0
;0,71600;-0,03384;0,02958;0;0
;0,71650;0,01421;0,03015;0;0
;0,71700;-0,00629;0,03035;0;0
;0,71750;0,06995;0,03021;0;0
;0,71800;-0,01654;0,02980;0;0
;0,71850;0,04496;0,02919;0;0
;0,71900;-0,01206;0,02842;0;0
;0,71950;0,06547;0,02754;0;0
;0,72000;-0,00821;0,02660;0;0
;0,72050;0,04881;0,02565;0;0
;0,72100;0,04945;0,02475;0;0
;0,72150;0,04240;0,02397;0;0
;0,72200;-0,01526;0,02337;0;0
;0,72250;-0,01206;0,02288;0;0
;0,72300;-0,01142;0,02241;0;0
;0,72350;-0,02551;0,02185;0;0
;0,72400;0,00780;0,02112;0;0
;0,72450;-0,01654;0,02019;0;0
;0,72500;-0,05178;0,01905;0;0
;0,72550;-0,01911;0,01764;0;0
;0,72600;0,01485;0,01595;0;0
;0,72650;0,01741;0,01405;0;0
;0,72700;-0,04217;0,01204;0;0
;0,72750;-0,03000;0,00995;0;0
;0,72800;-0,06844;0,00775;0;0
;0,72850;0,00909;0,00539;0;0
;0,72900;-0,01718;0,00290;0;0
;0,72950;0,00460;0,00038;0;0
;0,73000;0,01421;-0,00209;0;0
;0,73050;-0,04153;-0,00439;0;0
;0,73100;-0,03192;-0,00653;0;0
;0,73150;-0,02487;-0,00852;0;0
;0,73200;-0,07228;-0,01042;0;0
;0,73250;-0,01654;-0,01228;0;0
;0,73300;-0,04409;-0,01413;0;0
;0,73350;-0,03640;-0,01598;0;0
;0,73400;-0,01846;-0,01781;0;0
;0,73450;0,00076;-0,01958;0;0
;0,73500;-0,03448;-0,02123;0;0
;0,73550;-0,03000;-0,02270;0;0
;0,73600;-0,03128;-0,02401;0;0
;0,73650;-0,06780;-0,02518;0;0
;0,73700;0,01293;-0,02625;0;0
;0,73750;-0,02872;-0,02721;0;0
;0,73800;-0,02295;-0,02802;0;0
;0,73850;0,02382;-0,02864;0;0
;0,73900;-0,04473;-0,02904;0;0
;0,73950;-0,04345;-0,02920;0;0
;0,74000;-0,02551;-0,02921;0;0
;0,74050;-0,04089;-0,02913;0;0
;0,74100;-0,00181;-0,02898;0;0
;0,74150;-0,00885;-0,02878;0;0
;0,74200;0,00268;-0,02846;0;0
;0,74250;0,01805;-0,02799;0;0
;0,74300;0,00268;-0,02730;0;0
;0,74350;-0,09150;-0,02641;0;0
;0,74400;0,02062;-0,02541;0;0
;0,74450;-0,03128;-0,02438;0;0
;0,74500;0,00652;-0,02335;0;0
;0,74550;-0,07677;-0,02233;0;0
;0,74600;0,01805;-0,02138;0;0
;0,74650;-0,01462;-0,02053;0;0
;0,74700;-0,00821;-0,01974;0;0
;0,74750;0,01485;-0,01898;0;0
;0,74800;-0,01078;-0,01822;0;0
;0,74850;-0,03064;-0,01743;0;0
;0,74900;0,01549;-0,01663;0;0
;0,74950;0,01229;-0,01583;0;0
;0,75000;0,01870;-0,01497;0;0
;0,75050;-0,00885;-0,01402;0;0
;0,75100;-0,00693;-0,01297;0;0
;0,75150;0,01870;-0,01185;0;0
;0,75200;-0,01078;-0,01069;0;0
;0,75250;-0,09150;-0,00954;0;0
;0,75300;-0,02423;-0,00853;0;0
;0,75350;-0,03576;-0,00782;0;0
;0,75400;0,03151;-0,00741;0;0
;0,75450;-0,01590;-0,00725;0;0
;0,75500;-0,01462;-0,00725;0;0
;0,75550;-0,02615;-0,00738;0;0
;0,75600;0,02767;-0,00761;0;0
;0,75650;-0,02808;-0,00791;0;0
;0,75700;0,05842;-0,00821;0;0
;0,75750;-0,03064;-0,00842;0;0
;0,75800;0,05329;-0,00849;0;0
;0,75850;0,03599;-0,00836;0;0
;0,75900;0,00140;-0,00796;0;0
;0,75950;0,00012;-0,00728;0;0
;0,76000;-0,01014;-0,00640;0;0
;0,76050;0,00204;-0,00538;0;0
;0,76100;0,05329;-0,00429;0;0
;0,76150;0,05201;-0,00307;0;0
;0,76200;0,02446;-0,00167;0;0
;0,76250;-0,03000;-0,00008;0;0
;0,76300;0,08341;0,00164;0;0
;0,76350;-0,03704;0,00343;0;0
;0,76400;0,04048;0,00526;0;0
;0,76450;-0,02679;0,00705;0;0
;0,76500;0,05137;0,00874;0;0
;0,76550;-0,05947;0,01028;0;0
;0,76600;0,07892;0,01163;0;0
;0,76650;0,02382;0,01279;0;0
;0,76700;0,03087;0,01385;0;0
;0,76750;0,07123;0,01488;0;0
;0,76800;0,06611;0,01595;0;0
;0,76850;-0,02551;0,01714;0;0
;0,76900;0,06803;0,01841;0;0
;0,76950;-0,00885;0,01971;0;0
;0,77000;0,06162;0,02099;0;0
;0,77050;-0,00437;0,02224;0;0
;0,77100;0,03343;0,02342;0;0
;0,77150;-0,00757;0,02448;0;0
;0,77200;0,05714;0,02539;0;0
;0,77250;0,02062;0,02614;0;0
;0,77300;-0,02295;0,02675;0;0
;0,77350;-0,00309;0,02716;0;0
;0,77400;0,07956;0,02732;0;0
;0,77450;-0,02936;0,02729;0;0
;0,77500;0,00268;0,02708;0;0
;0,77550;-0,02103;0,02665;0;0
;0,77600;0,07380;0,02598;0;0
;0,77650;0,03535;0,02517;0;0
;0,77700;0,03663;0,02434;0;0
;0,77750;0,01421;0,02358;0;0
;0,77800;0,05586;0,02292;0;0
;0,77850;-0,03769;0,02237;0;0
;0,77900;0,05906;0,02191;0;0
;0,77950;-0,01782;0,02149;0;0
;0,78000;0,04817;0,02111;0;0
;0,78050;-0,01462;0,02077;0;0
;0,78100;0,00973;0,02042;0;0
;0,78150;-0,02936;0,02003;0;0
;0,78200;0,02702;0,01953;0;0
;0,78250;-0,04537;0,01889;0;0
;0,78300;0,04496;0,01809;0;0
;0,78350;-0,00309;0,01716;0;0
;0,78400;0,03407;0,01617;0;0
;0,78450;-0,01270;0,01516;0;0
;0,78500;0,03535;0,01418;0;0
;0,78550;0,03599;0,01326;0;0
;0,78600;0,02318;0,01248;0;0
;0,78650;-0,00053;0,01187;0;0
;0,78700;0,06098;0,01145;0;0
;0,78750;-0,02808;0,01122;0;0
;0,78800;0,01677;0,01114;0;0
;0,78850;0,00460;0,01115;0;0
;0,78900;0,02831;0,01123;0;0
;0,78950;-0,04345;0,01133;0;0
;0,79000;-0,03704;0,01138;0;0
;0,79050;-0,01334;0,01126;0;0
;0,79100;0,01485;0,01091;0;0
;0,79150;-0,02936;0,01034;0;0
;0,79200;0,02895;0,00958;0;0
;0,79250;-0,03128;0,00869;0;0
;0,79300;0,02895;0,00769;0;0
;0,79350;-0,00437;0,00665;0;0
;0,79400;-0,02295;0,00560;0;0
;0,79450;-0,01782;0,00453;0;0
;0,79500;0,02446;0,00345;0;0
;0,79550;-0,00245;0,00238;0;0
;0,79600;-0,02936;0,00136;0;0
;0,79650;-0,04730;0,00037;0;0
;0,79700;0,00012;-0,00066;0;0
;0,79750;-0,03576;-0,00176;0;0
;0,79800;0,03535;-0,00291;0;0
;0,79850;-0,00501;-0,00405;0;0
;0,79900;-0,00245;-0,00508;0;0
;0,79950;0,00844;-0,00598;0;0
;0,80000;-0,01334;-0,00673;0;0
;0,80050;0,00268;-0,00731;0;0
;0,80100;0,00076;-0,00774;0;0
;0,80150;-0,01590;-0,00802;0;0
;0,80200;-0,01142;-0,00817;0;0
;0,80250;0,01229;-0,00823;0;0
;0,80300;-0,00245;-0,00819;0;0
;0,80350;-0,03833;-0,00807;0;0
;0,80400;0,00012;-0,00791;0;0
;0,80450;-0,09279;-0,00779;0;0
;0,80500;-0,03384;-0,00783;0;0
;0,80550;-0,06588;-0,00813;0;0
;0,80600;-0,00437;-0,00876;0;0
;0,80650;-0,04409;-0,00969;0;0
;0,80700;-0,05370;-0,01088;0;0
;0,80750;-0,00693;-0,01230;0;0
;0,80800;-0,05114;-0,01391;0;0
;0,80850;-0,03897;-0,01565;0;0
;0,80900;-0,05114;-0,01750;0;0
;0,80950;-0,01014;-0,01945;0;0
;0,81000;-0,00117;-0,02140;0;0
;0,81050;0,00588;-0,02325;0;0
;0,81100;-0,03320;-0,02487;0;0
;0,81150;0,01613;-0,02622;0;0
;0,81200;-0,00821;-0,02724;0;0
;0,81250;-0,03769;-0,02791;0;0
;0,81300;-0,05947;-0,02828;0;0
;0,81350;-0,00245;-0,02844;0;0
;0,81400;-0,03064;-0,02847;0;0
;0,81450;0,01998;-0,02835;0;0
;0,81500;-0,07164;-0,02808;0;0
;0,81550;0,01037;-0,02769;0;0
;0,81600;-0,06459;-0,02723;0;0
;0,81650;-0,05114;-0,02677;0;0
;0,81700;-0,03704;-0,02639;0;0
;0,81750;-0,01718;-0,02615;0;0
;0,81800;-0,04473;-0,02603;0;0
;0,81850;0,02959;-0,02600;0;0
;0,81900;-0,04922;-0,02600;0;0
;0,81950;0,00588;-0,02598;0;0
;0,82000;-0,03961;-0,02591;0;0
;0,82050;-0,00053;-0,02578;0;0
;0,82100;-0,05498;-0,02561;0;0
;0,82150;0,01485;-0,02540;0;0
;0,82200;-0,04089;-0,02516;0;0
;0,82250;-0,01398;-0,02488;0;0
;0,82300;-0,03576;-0,02457;0;0
;0,82350;-0,00885;-0,02427;0;0
;0,82400;-0,03576;-0,02397;0;0
;0,82450;-0,05306;-0,02370;0;0
;0,82500;-0,05819;-0,02352;0;0
;0,82550;-0,00757;-0,02350;0;0
;0,82600;0,00652;-0,02361;0;0
;0,82650;0,03407;-0,02375;0;0
;0,82700;-0,04409;-0,02380;0;0
;0,82750;0,02254;-0,02369;0;0
;0,82800;-0,03769;-0,02343;0;0
;0,82850;0,03151;-0,02302;0;0
;0,82900;-0,04666;-0,02245;0;0
;0,82950;-0,00950;-0,02175;0;0
;0,83000;0,01229;-0,02096;0;0
;0,83050;0,01165;-0,02009;0;0
;0,83100;-0,02103;-0,01910;0;0
;0,83150;0,06931;-0,01799;0;0
;0,83200;-0,05114;-0,01672;0;0
;0,83250;-0,01654;-0,01533;0;0
;0,83300;-0,06139;-0,01394;0;0
;0,83350;0,04432;-0,01265;0;0
;0,83400;-0,01398;-0,01149;0;0
;0,83450;0,00652;-0,01041;0;0
;0,83500;-0,03512;-0,00941;0;0
;0,83550;0,01421;-0,00851;0;0
;0,83600;0,01613;-0,00771;0;0
;0,83650;0,05009;-0,00694;0;0
;0,83700;-0,01206;-0,00612;0;0
;0,83750;0,03343;-0,00521;0;0
;0,83800;-0,03640;-0,00422;0;0
;0,83850;0,02254;-0,00320;0;0
;0,83900;0,01998;-0,00218;0;0
;0,83950;0,02318;-0,00114;0;0
;0,84000;-0,02679;-0,00009;0;0
;0,84050;-0,00437;0,00094;0;0
;0,84100;-0,00693;0,00188;0;0
;0,84150;0,03856;0,00269;0;0
;0,84200;-0,00117;0,00341;0;0
;0,84250;0,05265;0,00409;0;0
;0,84300;0,00140;0,00477;0;0
;0,84350;0,02254;0,00549;0;0
;0,84400;-0,01270;0,00624;0;0
;0,84450;0,02382;0,00698;0;0
;0,84500;0,04817;0,00770;0;0
;0,84550;0,02767;0,00845;0;0
;0,84600;-0,01334;0,00927;0;0
;0,84650;0,03279;0,01012;0;0
;0,84700;0,07572;0,01099;0;0
;0,84750;0,07508;0,01196;0;0
;0,84800;-0,00757;0,01313;0;0
;0,84850;0,05137;0,01450;0;0
;0,84900;0,00652;0,01598;0;0
;0,84950;0,10199;0,01756;0;0
;0,85000;-0,06652;0,01920;0;0
;0,85050;0,01998;0,02082;0;0
;0,85100;0,01229;0,02228;0;0
;0,85150;0,03151;0,02351;0;0
;0,85200;0,00268;0,02451;0;0
;0,85250;0,05329;0,02530;0;0
;0,85300;0,03023;0,02590;0;0
;0,85350;0,02382;0,02637;0;0
;0,85400;0,01229;0,02673;0;0
;0,85450;0,04945;0,02700;0;0
;0,85500;0,02382;0,02718;0;0
;0,85550;0,04817;0,02733;0;0
;0,85600;-0,05819;0,02744;0;0
;0,85650;0,06867;0,02745;0;0
;0,85700;0,01870;0,02733;0;0
;0,85750;0,07123;0,02716;0;0
;0,85800;0,03151;0,02701;0;0
;0,85850;0,02254;0,02694;0;0
;0,85900;0,02959;0,02695;0;0
;0,85950;-0,00565;0,02701;0;0
;0,86000;-0,02487;0,02704;0;0
;0,86050;0,07444;0,02696;0;0
;0,86100;-0,04473;0,02675;0;0
;0,86150;0,05137;0,02642;0;0
;0,86200;-0,01590;0,02596;0;0
;0,86250;0,01357;0,02536;0;0
;0,86300;-0,02103;0,02462;0;0
;0,86350;0,03856;0,02372;0;0
;0,86400;0,01293;0,02269;0;0
;0,86450;-0,01078;0,02159;0;0
;0,86500;-0,04986;0,02040;0;0
;0,86550;0,03215;0,01908;0;0
;0,86600;-0,01334;0,01761;0;0
;0,86650;0,00460;0,01605;0;0
;0,86700;-0,04666;0,01440;0;0
;0,86750;-0,00245;0,01266;0;0
;0,86800;-0,00565;0,01082;0;0
;0,86850;-0,01462;0,00890;0;0
;0,86900;-0,02167;0,00694;0;0
;0,86950;0,02446;0,00497;0;0
;0,87000;0,01613;0,00306;0;0
;0,87050;0,01741;0,00131;0;0
;0,87100;-0,02231;-0,00021;0;0
;0,87150;-0,02487;-0,00151;0;0
;0,87200;-0,02743;-0,00266;0;0
;0,87250;0,01998;-0,00371;0;0
;0,87300;-0,02615;-0,00466;0;0
;0,87350;-0,04537;-0,00552;0;0
;0,87400;-0,05883;-0,00637;0;0
;0,87450;-0,01334;-0,00730;0;0
;0,87500;-0,00373;-0,00834;0;0
;0,87550;-0,01846;-0,00944;0;0
;0,87600;-0,03320;-0,01056;0;0
;0,87650;-0,00245;-0,01167;0;0
;0,87700;-0,00373;-0,01276;0;0
;0,87750;0,01165;-0,01375;0;0
;0,87800;0,04560;-0,01456;0;0
;0,87850;-0,03512;-0,01510;0;0
;0,87900;0,01934;-0,01534;0;0
;0,87950;0,03343;-0,01530;0;0
;0,88000;-0,00950;-0,01495;0;0
;0,88050;0,01870;-0,01429;0;0
;0,88100;-0,04217;-0,01338;0;0
;0,88150;-0,01526;-0,01231;0;0
;0,88200;0,02062;-0,01120;0;0
;0,88250;-0,06139;-0,01008;0;0
;0,88300;-0,05563;-0,00907;0;0
;0,88350;-0,00437;-0,00828;0;0
;0,88400;0,01613;-0,00774;0;0
;0,88450;-0,08446;-0,00744;0;0
;0,88500;-0,06011;-0,00740;0;0
;0,88550;-0,04601;-0,00772;0;0
;0,88600;-0,05691;-0,00847;0;0
;0,88650;-0,01718;-0,00963;0;0
;0,88700;-0,04858;-0,01113;0;0
;0,88750;-0,10880;-0,01295;0;0
;0,88800;0,01229;-0,01507;0;0
;0,88850;-0,04858;-0,01744;0;0
;0,88900;0,01165;-0,01992;0;0
;0,88950;-0,00757;-0,02237;0;0
;0,89000;0,02446;-0,02461;0;0
;0,89050;-0,02872;-0,02652;0;0
;0,89100;-0,04537;-0,02806;0;0
;0,89150;-0,03769;-0,02925;0;0
;0,89200;-0,04153;-0,03019;0;0
;0,89250;-0,04153;-0,03093;0;0
;0,89300;-0,02423;-0,03153;0;0
;0,89350;-0,00245;-0,03200;0;0
;0,89400;-0,01526;-0,03230;0;0
;0,89450;-0,09022;-0,03242;0;0
;0,89500;-0,04858;-0,03247;0;0
;0,89550;-0,03128;-0,03253;0;0
;0,89600;0,01677;-0,03262;0;0
;0,89650;-0,05691;-0,03270;0;0
;0,89700;-0,01270;-0,03271;0;0
;0,89750;-0,07100;-0,03267;0;0
;0,89800;-0,02679;-0,03263;0;0
;0,89850;0,00588;-0,03261;0;0
;0,89900;0,01677;-0,03255;0;0
;0,89950;-0,03000;-0,03234;0;0
;0,90000;0,03856;-0,03192;0;0
;0,90050;-0,05947;-0,03127;0;0
;0,90100;0,00716;-0,03041;0;0
;0,90150;-0,02487;-0,02938;0;0
;0,90200;-0,01846;-0,02824;0;0
;0,90250;-0,01398;-0,02702;0;0
;0,90300;0,02831;-0,02574;0;0
;0,90350;-0,03256;-0,02438;0;0
;0,90400;-0,02615;-0,02297;0;0
;0,90450;0,00652;-0,02156;0;0
;0,90500;0,03407;-0,02016;0;0
;0,90550;-0,01975;-0,01872;0;0
;0,90600;0,02831;-0,01721;0;0
;0,90650;-0,06139;-0,01567;0;0
;0,90700;0,03792;-0,01414;0;0
;0,90750;-0,01911;-0,01266;0;0
;0,90800;0,01165;-0,01123;0;0
;0,90850;0,01165;-0,00986;0;0
;0,90900;-0,02423;-0,00852;0;0
;0,90950;-0,00245;-0,00726;0;0
;0,91000;0,02190;-0,00610;0;0
;0,91050;-0,01014;-0,00503;0;0
;0,91100;0,04753;-0,00402;0;0
;0,91150;0,04112;-0,00300;0;0
;0,91200;0,11160;-0,00186;0;0
;0,91250;0,08020;-0,00043;0;0
;0,91300;0,21283;0,00151;0;0
;0,91350;0,10839;0,00419;0;0
;0,91400;0,24870;0,00782;0;0
;0,91450;0,31982;0,01265;0;0
;0,91500;0,42425;0,01904;0;0
;0,91550;0,36531;0,02744;0;0
;0,91600;0,45693;0,03818;0;0
;0,91650;0,43515;0,05145;0;0
;0,91700;0,47295;0,06732;0;0
;0,91750;0,47231;0,08574;0;0
;0,91800;0,54919;0,10658;0;0
;0,91850;0,43387;0,12964;0;0
;0,91900;0,51203;0,15458;0;0
;0,91950;0,49473;0,18099;0;0
;0,92000;0,51139;0,20845;0;0
;0,92050;0,59532;0,23657;0;0
;0,92100;0,64209;0,26511;0;0
;0,92150;0,62736;0,29393;0;0
;0,92200;0,67733;0,32291;0;0
;0,92250;0,62287;0,35192;0;0
;0,92300;0,71449;0,38078;0;0
;0,92350;0,76703;0,40936;0;0
;0,92400;0,92143;0,43770;0;0
;0,92450;0,90606;0,46604;0;0
;0,92500;1,07456;0,49473;0;0
;0,92550;1,07969;0,52417;0;0
;0,92600;1,20782;0,55477;0;0
;0,92650;1,28727;0,58698;0;0
;0,92700;1,26869;0,62120;0;0
;0,92750;1,22769;0,65762;0;0
;0,92800;1,28855;0,69618;0;0
;0,92850;1,23730;0,73659;0;0
;0,92900;1,34942;0,77849;0;0
;0,92950;1,20526;0,82144;0;0
;0,93000;1,24755;0,86492;0;0
;0,93050;1,20526;0,90825;0;0
;0,93100;1,30585;0,95079;0;0
;0,93150;1,18924;0,99202;0;0
;0,93200;1,35262;1,03149;0;0
;0,93250;1,32635;1,06890;0;0
;0,93300;1,46026;1,10417;0;0
;0,93350;1,38850;1,13740;0;0
;0,93400;1,54931;1,16875;0;0
;0,93450;1,54483;1,19848;0;0
;0,93500;1,66720;1,22696;0;0
;0,93550;1,54675;1,25459;0;0
;0,93600;1,67233;1,28165;0;0
;0,93650;1,64542;1,30832;0;0
;0,93700;1,73319;1,33478;0;0
;0,93750;1,75370;1,36121;0;0
;0,93800;1,85108;1,38781;0;0
;0,93850;1,79598;1,41482;0;0
;0,93900;1,86838;1,44237;0;0
;0,93950;1,88824;1,47052;0;0
;0,94000;1,97345;1,49934;0;0
;0,94050;1,99332;1,52891;0;0
;0,94100;2,01510;1,55931;0;0
;0,94150;2,03624;1,59057;0;0
;0,94200;2,13683;1,62266;0;0
;0,94250;2,11953;1,65558;0;0
;0,94300;2,19770;1,68934;0;0
;0,94350;2,16182;1,72390;0;0
;0,94400;2,23486;1,75914;0;0
;0,94450;2,19962;1,79492;0;0
;0,94500;2,24319;1,83103;0;0
;0,94550;2,17591;1,86719;0;0
;0,94600;2,15029;1,90305;0;0
;0,94650;2,12722;1,93809;0;0
;0,94700;2,12850;1,97181;0;0
;0,94750;2,06251;2,00368;0;0
;0,94800;2,09070;2,03323;0;0
;0,94850;2,03112;2,06003;0;0
;0,94900;2,11441;2,08375;0;0
;0,94950;2,13811;2,10427;0;0
;0,95000;2,22589;2,12168;0;0
;0,95050;2,23550;2,13631;0;0
;0,95100;2,31558;2,14862;0;0
;0,95150;2,43219;2,15922;0;0
;0,95200;2,57378;2,16886;0;0
;0,95250;2,72755;2,17855;0;0
;0,95300;2,82494;2,18944;0;0
;0,95350;2,98319;2,20271;0;0
;0,95400;2,96140;2,21947;0;0
;0,95450;2,90374;2,24051;0;0
;0,95500;2,88580;2,26614;0;0
;0,95550;2,89285;2,29619;0;0
;0,95600;2,79162;2,33019;0;0
;0,95650;2,75574;2,36738;0;0
;0,95700;2,69424;2,40676;0;0
;0,95750;2,62120;2,44717;0;0
;0,95800;2,59493;2,48742;0;0
;0,95850;2,59236;2,52634;0;0
;0,95900;2,65900;2,56297;0;0
;0,95950;2,73652;2,59668;0;0
;0,96000;2,87619;2,62725;0;0
;0,96050;2,93065;2,65488;0;0
;0,96100;3,05495;2,68005;0;0
;0,96150;3,13055;2,70346;0;0
;0,96200;3,18821;2,72590;0;0
;0,96250;3,39772;2,74822;0;0
;0,96300;3,37722;2,77132;0;0
;0,96350;3,44769;2,79606;0;0
;0,96400;3,34006;2,82299;0;0
;0,96450;3,39708;2,85234;0;0
;0,96500;3,22986;2,88394;0;0
;0,96550;3,23242;2,91732;0;0
;0,96600;3,07801;2,95169;0;0
;0,96650;3,04726;2,98605;0;0
;0,96700;3,06007;3,01932;0;0
;0,96750;3,07929;3,05059;0;0
;0,96800;3,13952;3,07920;0;0
;0,96850;3,32724;3,10488;0;0
;0,96900;3,35351;3,12779;0;0
;0,96950;3,52970;3,14845;0;0
;0,97000;3,71038;3,16767;0;0
;0,97050;3,84941;3,18654;0;0
;0,97100;3,97370;3,20635;0;0
;0,97150;4,06020;3,22836;0;0
;0,97200;3,99549;3,25364;0;0
;0,97250;4,02239;3,28283;0;0
;0,97300;3,90963;3,31608;0;0
;0,97350;3,78598;3,35306;0;0
;0,97400;3,71742;3,39291;0;0
;0,97450;3,71294;3,43450;0;0
;0,97500;3,67129;3,47660;0;0
;0,97550;3,64759;3,51807;0;0
;0,97600;3,70525;3,55791;0;0
;0,97650;3,72639;3,59535;0;0
;0,97700;3,81353;3,62994;0;0
;0,97750;3,97562;3,66155;0;0
;0,97800;4,06404;3,69049;0;0
;0,97850;4,17552;3,71737;0;0
;0,97900;4,29597;3,74301;0;0
;0,97950;4,42411;3,76835;0;0
;0,98000;4,37542;3,79434;0;0
;0,98050;4,42924;3,82174;0;0
;0,98100;4,38246;3,85099;0;0
;0,98150;4,42731;3,88224;0;0
;0,98200;4,31007;3,91539;0;0
;0,98250;4,28700;3,95007;0;0
;0,98300;4,26201;3,98565;0;0
;0,98350;4,32096;4,02144;0;0
;0,98400;4,39272;4,05687;0;0
;0,98450;4,47857;4,09160;0;0
;0,98500;4,51060;4,12554;0;0
;0,98550;4,60799;4,15876;0;0
;0,98600;4,72011;4,19146;0;0
;0,98650;4,77649;4,22402;0;0
;0,98700;4,74446;4,25684;0;0
;0,98750;4,81686;4,29019;0;0
;0,98800;4,76368;4,32420;0;0
;0,98850;4,94820;4,35892;0;0
;0,98900;4,95076;4,39441;0;0
;0,98950;4,91040;4,43078;0;0
;0,99000;4,84248;4,46795;0;0
;0,99050;4,85402;4,50558;0;0
;0,99100;4,81814;4,54316;0;0
;0,99150;4,84056;4,58016;0;0
;0,99200;4,77008;4,61606;0;0
;0,99250;4,89886;4,65035;0;0
;0,99300;4,89822;4,68272;0;0
;0,99350;5,00970;4,71309;0;0
;0,99400;4,97126;4,74155;0;0
;0,99450;5,15770;4,76831;0;0
;0,99500;5,13528;4,79375;0;0
;0,99550;5,26150;4,81832;0;0
;0,99600;5,29225;4,84256;0;0
;0,99650;5,48446;4,86704;0;0
;0,99700;5,47229;4,89243;0;0
;0,99750;5,60235;4,91936;0;0
;0,99800;5,55237;4,94838;0;0
;0,99850;5,54917;4,97978;0;0
;0,99900;5,52098;5,01355;0;0
;0,99950;5,53571;5,04942;0;0
;1,00000;5,48382;5,08696;0;0
;1,00050;5,56647;5,12562;0;0
;1,00100;5,48510;5,16485;0;0
;1,00150;5,53956;5,20409;0;0
;1,00200;5,49727;5,24278;0;0
;1,00250;5,59658;5,28044;0;0
;1,00300;5,65168;5,31674;0;0
;1,00350;5,77790;5,35161;0;0
;1,00400;5,78559;5,38520;0;0
;1,00450;5,84197;5,41779;0;0
;1,00500;5,81057;5,44962;0;0
;1,00550;5,84261;5,48085;0;0
;1,00600;5,88489;5,51156;0;0
;1,00650;6,00662;5,54184;0;0
;1,00700;5,93743;5,57188;0;0
;1,00750;5,96562;5,60182;0;0
;1,00800;5,90796;5,63163;0;0
;1,00850;5,90347;5,66115;0;0
;1,00900;5,95024;5,69010;0;0
;1,00950;5,90219;5,71824;0;0
;1,01000;5,93359;5,74533;0;0
;1,01050;6,01175;5,77117;0;0
;1,01100;6,06237;5,79573;0;0
;1,01150;6,17769;5,81918;0;0
;1,01200;6,22318;5,84186;0;0
;1,01250;6,30134;5,86424;0;0
;1,01300;6,32377;5,88680;0;0
;1,01350;6,46792;5,91003;0;0
;1,01400;6,49291;5,93442;0;0
;1,01450;6,47305;5,96041;0;0
;1,01500;6,39040;5,98822;0;0
;1,01550;6,46088;6,01773;0;0
;1,01600;6,48202;6,04869;0;0
;1,01650;6,47177;6,08083;0;0
;1,01700;6,39809;6,11379;0;0
;1,01750;6,41154;6,14710;0;0
;1,01800;6,50124;6,18024;0;0
;1,01850;6,51213;6,21282;0;0
;1,01900;6,44294;6,24458;0;0
;1,01950;6,46600;6,27523;0;0
;1,02000;6,56915;6,30449;0;0
;1,02050;6,68768;6,33230;0;0
;1,02100;6,70178;6,35887;0;0
;1,02150;6,68128;6,38451;0;0
;1,02200;6,71075;6,40946;0;0
;1,02250;6,82607;6,43391;0;0
;1,02300;6,83504;6,45809;0;0
;1,02350;6,75688;6,48227;0;0
;1,02400;6,73766;6,50648;0;0
;1,02450;6,80749;6,53061;0;0
;1,02500;6,82351;6,55450;0;0
;1,02550;6,94909;6,57816;0;0
;1,02600;6,81903;6,60164;0;0
;1,02650;6,84209;6,62493;0;0
;1,02700;6,96318;6,64794;0;0
;1,02750;7,02661;6,67066;0;0
;1,02800;7,03302;6,69328;0;0
;1,02850;7,11503;6,71603;0;0
;1,02900;7,03942;6,73913;0;0
;1,02950;7,10221;6,76264;0;0
;1,03000;7,09452;6,78656;0;0
;1,03050;7,15731;6,81085;0;0
;1,03100;7,12912;6,83545;0;0
;1,03150;7,17269;6,86031;0;0
;1,03200;7,22843;6,88534;0;0
;1,03250;7,29570;6,91053;0;0
;1,03300;7,24509;6,93596;0;0
;1,03350;7,21754;6,96159;0;0
;1,03400;7,19832;6,98724;0;0
;1,03450;7,25534;7,01263;0;0
;1,03500;7,23996;7,03752;0;0
;1,03550;7,29826;7,06172;0;0
;1,03600;7,34183;7,08516;0;0
;1,03650;7,33543;7,10784;0;0
;1,03700;7,28865;7,12978;0;0
;1,03750;7,36041;7,15092;0;0
;1,03800;7,32133;7,17121;0;0
;1,03850;7,43409;7,19062;0;0
;1,03900;7,39885;7,20923;0;0
;1,03950;7,44819;7,22717;0;0
;1,04000;7,48855;7,24457;0;0
;1,04050;7,51930;7,26161;0;0
;1,04100;7,52827;7,27848;0;0
;1,04150;7,54365;7,29536;0;0
;1,04200;7,58401;7,31237;0;0
;1,04250;7,66090;7,32965;0;0
;1,04300;7,65257;7,34737;0;0
;1,04350;7,67563;7,36572;0;0
;1,04400;7,67307;7,38476;0;0
;1,04450;7,61989;7,40447;0;0
;1,04500;7,68396;7,42470;0;0
;1,04550;7,73906;7,44530;0;0
;1,04600;7,77879;7,46619;0;0
;1,04650;7,69934;7,48738;0;0
;1,04700;7,78968;7,50877;0;0
;1,04750;7,75828;7,53026;0;0
;1,04800;7,84990;7,55174;0;0
;1,04850;7,79865;7,57319;0;0
;1,04900;7,76341;7,59452;0;0
;1,04950;7,75124;7,61554;0;0
;1,05000;7,81402;7,63599;0;0
;1,05050;7,71920;7,65564;0;0
;1,05100;7,75124;7,67426;0;0
;1,05150;7,70639;7,69161;0;0
;1,05200;7,81531;7,70747;0;0
;1,05250;7,81210;7,72180;0;0
;1,05300;7,88066;7,73472;0;0
;1,05350;7,85247;7,74644;0;0
;1,05400;7,97035;7,75723;0;0
;1,05450;7,97292;7,76743;0;0
;1,05500;8,00431;7,77742;0;0
;1,05550;7,96971;7,78756;0;0
;1,05600;8,02353;7,79805;0;0
;1,05650;7,99086;7,80904;0;0
;1,05700;7,98829;7,82059;0;0
;1,05750;7,95946;7,83263;0;0
;1,05800;8,00623;7,84504;0;0
;1,05850;7,90885;7,85764;0;0
;1,05900;7,96266;7,87021;0;0
;1,05950;7,95498;7,88250;0;0
;1,06000;8,01328;7,89434;0;0
;1,06050;7,99278;7,90566;0;0
;1,06100;8,04980;7,91647;0;0
;1,06150;8,09209;7,92684;0;0
;1,06200;8,14783;7,93694;0;0
;1,06250;8,14270;7,94704;0;0
;1,06300;8,21766;7,95738;0;0
;1,06350;8,18435;7,96822;0;0
;1,06400;8,18883;7,97972;0;0
;1,06450;8,06710;7,99188;0;0
;1,06500;8,00879;8,00448;0;0
;1,06550;7,93447;8,01699;0;0
;1,06600;8,01072;8,02885;0;0
;1,06650;7,88002;8,03954;0;0
;1,06700;7,95818;8,04862;0;0
;1,06750;7,90308;8,05576;0;0
;1,06800;8,03186;8,06080;0;0
;1,06850;7,98445;8,06379;0;0
;1,06900;8,14654;8,06499;0;0
;1,06950;8,14462;8,06485;0;0
;1,07000;8,24393;8,06399;0;0
;1,07050;8,16384;8,06304;0;0
;1,07100;8,27020;8,06253;0;0
;1,07150;8,18242;8,06287;0;0
;1,07200;8,21830;8,06434;0;0
;1,07250;8,12540;8,06703;0;0
;1,07300;8,14526;8,07083;0;0
;1,07350;8,02994;8,07550;0;0
;1,07400;8,07863;8,08067;0;0
;1,07450;7,97996;8,08591;0;0
;1,07500;7,96715;8,09077;0;0
;1,07550;7,90372;8,09479;0;0
;1,07600;7,95049;8,09752;0;0
;1,07650;7,91525;8,09864;0;0
;1,07700;8,09273;8,09804;0;0
;1,07750;8,02033;8,09588;0;0
;1,07800;8,05685;8,09248;0;0
;1,07850;8,12989;8,08820;0;0
;1,07900;8,14975;8,08345;0;0
;1,07950;8,04147;8,07868;0;0
;1,08000;8,07158;8,07413;0;0
;1,08050;8,02033;8,06990;0;0
;1,08100;8,00751;8,06598;0;0
;1,08150;7,95177;8,06227;0;0
;1,08200;7,95434;8,05859;0;0
;1,08250;7,84734;8,05471;0;0
;1,08300;7,83260;8,05033;0;0
;1,08350;7,71215;8,04505;0;0
;1,08400;7,79160;8,03845;0;0
;1,08450;7,73330;8,03024;0;0
;1,08500;7,85631;8,02031;0;0
;1,08550;7,75380;8,00875;0;0
;1,08600;7,81402;7,99578;0;0
;1,08650;7,80954;7,98163;0;0
;1,08700;7,87681;7,96663;0;0
;1,08750;7,87425;7,95122;0;0
;1,08800;7,98765;7,93590;0;0
;1,08850;7,85439;7,92119;0;0
;1,08900;7,90308;7,90751;0;0
;1,08950;7,76918;7,89503;0;0
;1,09000;7,74675;7,88372;0;0
;1,09050;7,64552;7,87330;0;0
;1,09100;7,55646;7,86336;0;0
;1,09150;7,43217;7,85327;0;0
;1,09200;7,40718;7,84232;0;0
;1,09250;7,35144;7,82981;0;0
;1,09300;7,34568;7,81517;0;0
;1,09350;7,36746;7,79806;0;0
;1,09400;7,41936;7,77838;0;0
;1,09450;7,36554;7,75632;0;0
;1,09500;7,48471;7,73223;0;0
;1,09550;7,48535;7,70663;0;0
;1,09600;7,47894;7,68020;0;0
;1,09650;7,43153;7,65354;0;0
;1,09700;7,36233;7,62711;0;0
;1,09750;7,28033;7,60115;0;0
;1,09800;7,25854;7,57567;0;0
;1,09850;7,15603;7,55056;0;0
;1,09900;7,10413;7,52557;0;0
;1,09950;7,02725;7,50038;0;0
;1,10000;6,91769;7,47460;0;0
;1,10050;6,89847;7,44779;0;0
;1,10100;6,86387;7,41954;0;0
;1,10150;6,88245;7,38963;0;0
;1,10200;6,88502;7,35800;0;0
;1,10250;6,90232;7,32482;0;0
;1,10300;6,90360;7,29044;0;0
;1,10350;6,96062;7,25528;0;0
;1,10400;6,85490;7,21988;0;0
;1,10450;6,82031;7,18466;0;0
;1,10500;6,74663;7,14986;0;0
;1,10550;6,71523;7,11557;0;0
;1,10600;6,56339;7,08172;0;0
;1,10650;6,48907;7,04808;0;0
;1,10700;6,45255;7,01428;0;0
;1,10750;6,41411;6,97993;0;0
;1,10800;6,32761;6,94474;0;0
;1,10850;6,27764;6,90845;0;0
;1,10900;6,25970;6,87084;0;0
;1,10950;6,21805;6,83179;0;0
;1,11000;6,20396;6,79131;0;0
;1,11050;6,21037;6,74952;0;0
;1,11100;6,11170;6,70662;0;0
;1,11150;6,07966;6,66283;0;0
;1,11200;6,04507;6,61831;0;0
;1,11250;5,97267;6,57319;0;0
;1,11300;5,83364;6,52754;0;0
;1,11350;5,79520;6,48131;0;0
;1,11400;5,77213;6,43435;0;0
;1,11450;5,67346;6,38657;0;0
;1,11500;5,62413;6,33792;0;0
;1,11550;5,66321;6,28838;0;0
;1,11600;5,62413;6,23805;0;0
;1,11650;5,65104;6,18721;0;0
;1,11700;5,59338;6,13622;0;0
;1,11750;5,59658;6,08548;0;0
;1,11800;5,55814;6,03536;0;0
;1,11850;5,42808;5,98614;0;0
;1,11900;5,36785;5,93794;0;0
;1,11950;5,31403;5,89067;0;0
;1,12000;5,19038;5,84414;0;0
;1,12050;5,09299;5,79806;0;0
;1,12100;4,92321;5,75197;0;0
;1,12150;4,92641;5,70532;0;0
;1,12200;4,86299;5,65759;0;0
;1,12250;4,90079;5,60849;0;0
;1,12300;4,82583;5,55797;0;0
;1,12350;4,91168;5,50616;0;0
;1,12400;4,88157;5,45341;0;0
;1,12450;4,84697;5,40022;0;0
;1,12500;4,84120;5,34710;0;0
;1,12550;4,90015;5,29455;0;0
;1,12600;4,83031;5,24311;0;0
;1,12650;4,79699;5,19328;0;0
;1,12700;4,69000;5,14537;0;0
;1,12750;4,52214;5,09942;0;0
;1,12800;4,41001;5,05512;0;0
;1,12850;4,32032;5,01189;0;0
;1,12900;4,23639;4,96907;0;0
;1,12950;4,17552;4,92599;0;0
;1,13000;4,10568;4,88209;0;0
;1,13050;4,10248;4,83692;0;0
;1,13100;4,08070;4,79024;0;0
;1,13150;4,10184;4,74204;0;0
;1,13200;4,05699;4,69251;0;0
;1,13250;4,18129;4,64203;0;0
;1,13300;4,14477;4,59116;0;0
;1,13350;4,17360;4,54062;0;0
;1,13400;4,04033;4,49106;0;0
;1,13450;4,13580;4,44297;0;0
;1,13500;4,00125;4,39674;0;0
;1,13550;3,99613;4,35261;0;0
;1,13600;3,85774;4,31062;0;0
;1,13650;3,78213;4,27060;0;0
;1,13700;3,68859;4,23216;0;0
;1,13750;3,62452;4,19479;0;0
;1,13800;3,46755;4,15790;0;0
;1,13850;3,49959;4,12086;0;0
;1,13900;3,37337;4,08310;0;0
;1,13950;3,45346;4,04423;0;0
;1,14000;3,37978;4,00404;0;0
;1,14050;3,43360;3,96255;0;0
;1,14100;3,40605;3,91998;0;0
;1,14150;3,40092;3,87665;0;0
;1,14200;3,32532;3,83293;0;0
;1,14250;3,40541;3,78918;0;0
;1,14300;3,35799;3,74578;0;0
;1,14350;3,34326;3,70315;0;0
;1,14400;3,24651;3,66163;0;0
;1,14450;3,38106;3,62144;0;0
;1,14500;3,29072;3,58283;0;0
;1,14550;3,25484;3,54606;0;0
;1,14600;3,14528;3,51120;0;0
;1,14650;3,09723;3,47812;0;0
;1,14700;2,97870;3,44649;0;0
;1,14750;3,00818;3,41588;0;0
;1,14800;2,88388;3,38584;0;0
;1,14850;2,82750;3,35594;0;0
;1,14900;2,73972;3,32571;0;0
;1,14950;2,78778;3,29471;0;0
;1,15000;2,67117;3,26261;0;0
;1,15050;2,71025;3,22925;0;0
;1,15100;2,68398;3,19456;0;0
;1,15150;2,73332;3,15867;0;0
;1,15200;2,71282;3,12185;0;0
;1,15250;2,69680;3,08450;0;0
;1,15300;2,67565;3,04701;0;0
;1,15350;2,71730;3,00978;0;0
;1,15400;2,69103;2,97319;0;0
;1,15450;2,70385;2,93766;0;0
;1,15500;2,58083;2,90350;0;0
;1,15550;2,52061;2,87083;0;0
;1,15600;2,44308;2,83954;0;0
;1,15650;2,45782;2,80936;0;0
;1,15700;2,30085;2,77999;0;0
;1,15750;2,34570;2,75108;0;0
;1,15800;2,31046;2,72231;0;0
;1,15850;2,21692;2,69345;0;0
;1,15900;2,21243;2,66426;0;0
;1,15950;2,21436;2,63458;0;0
;1,16000;2,17912;2,60431;0;0
;1,16050;2,19706;2,57351;0;0
;1,16100;2,18040;2,54229;0;0
;1,16150;2,23870;2,51087;0;0
;1,16200;2,13427;2,47954;0;0
;1,16250;2,18232;2,44857;0;0
;1,16300;2,10928;2,41818;0;0
;1,16350;2,09647;2,38850;0;0
;1,16400;2,01894;2,35960;0;0
;1,16450;2,06315;2,33146;0;0
;1,16500;1,97345;2,30406;0;0
;1,16550;1,97409;2,27732;0;0
;1,16600;1,89721;2,25116;0;0
;1,16650;1,90490;2,22544;0;0
;1,16700;1,84852;2,20001;0;0
;1,16750;1,90554;2,17477;0;0
;1,16800;1,82994;2,14969;0;0
;1,16850;1,83570;2,12480;0;0
;1,16900;1,77228;2,10008;0;0
;1,16950;1,84403;2,07553;0;0
;1,17000;1,77484;2,05122;0;0
;1,17050;1,76971;2,02723;0;0
;1,17100;1,69796;2,00360;0;0
;1,17150;1,76843;1,98032;0;0
;1,17200;1,74921;1,95745;0;0
;1,17250;1,68450;1,93509;0;0
;1,17300;1,64926;1,91328;0;0
;1,17350;1,66272;1,89196;0;0
;1,17400;1,63837;1,87109;0;0
;1,17450;1,62043;1,85065;0;0
;1,17500;1,56533;1,83061;0;0
;1,17550;1,55316;1,81087;0;0
;1,17600;1,52433;1,79135;0;0
;1,17650;1,53009;1,77193;0;0
;1,17700;1,47820;1,75255;0;0
;1,17750;1,44424;1,73315;0;0
;1,17800;1,46859;1,71365;0;0
;1,17850;1,41861;1,69400;0;0
;1,17900;1,42053;1,67420;0;0
;1,17950;1,46026;1,65429;0;0
;1,18000;1,37697;1,63435;0;0
;1,18050;1,38530;1,61448;0;0
;1,18100;1,30905;1,59468;0;0
;1,18150;1,33340;1,57493;0;0
;1,18200;1,37697;1,55522;0;0
;1,18250;1,25652;1,53561;0;0
;1,18300;1,23025;1,51612;0;0
;1,18350;1,23281;1,49665;0;0
;1,18400;1,23601;1,47711;0;0
;1,18450;1,11877;1,45747;0;0
;1,18500;1,12710;1,43761;0;0
;1,18550;1,13863;1,41740;0;0
;1,18600;1,12902;1,39681;0;0
;1,18650;1,13094;1,37590;0;0
;1,18700;1,13863;1,35479;0;0
;1,18750;1,05726;1,33363;0;0
;1,18800;1,10275;1,31252;0;0
;1,18850;1,07776;1,29155;0;0
;1,18900;1,12902;1,27088;0;0
;1,18950;1,08353;1,25069;0;0
;1,19000;1,10019;1,23118;0;0
;1,19050;1,06431;1,21250;0;0
;1,19100;1,03484;1,19473;0;0
;1,19150;0,93361;1,17785;0;0
;1,19200;0,94706;1,16166;0;0
;1,19250;0,95411;1,14595;0;0
;1,19300;0,94322;1,13057;0;0
;1,19350;0,97589;1,11546;0;0
;1,19400;0,91631;1,10061;0;0
;1,19450;0,96244;1,08606;0;0
;1,19500;0,96820;1,07186;0;0
;1,19550;0,96436;1,05810;0;0
;1,19600;0,97333;1,04494;0;0
;1,19650;0,90221;1,03245;0;0
;1,19700;0,94706;1,02067;0;0
;1,19750;0,91503;1,00958;0;0
;1,19800;0,86505;0,99914;0;0
;1,19850;0,90221;0,98927;0;0
;1,19900;0,88107;0,97987;0;0
;1,19950;0,80931;0,97087;0;0
;1,20000;0,84391;0,96212;0;0
;1,20050;0,77920;0,95347;0;0
;1,20100;0,81764;0,94476;0;0
;1,20150;0,70360;0,93586;0;0
;1,20200;0,73948;0,92660;0;0
;1,20250;0,72346;0,91681;0;0
;1,20300;0,73371;0,90641;0;0
;1,20350;0,72282;0,89538;0;0
;1,20400;0,69335;0,88378;0;0
;1,20450;0,72474;0,87166;0;0
;1,20500;0,72026;0,85912;0;0
;1,20550;0,67541;0,84631;0;0
;1,20600;0,70744;0,83333;0;0
;1,20650;0,64145;0,82028;0;0
;1,20700;0,68245;0,80722;0;0
;1,20750;0,69591;0,79424;0;0
;1,20800;0,68886;0,78147;0;0
;1,20850;0,69847;0,76909;0;0
;1,20900;0,71257;0,75723;0;0
;1,20950;0,68053;0,74607;0;0
;1,21000;0,73563;0,73570;0;0
;1,21050;0,69078;0,72625;0;0
;1,21100;0,72282;0,71780;0;0
;1,21150;0,66644;0,71038;0;0
;1,21200;0,69399;0,70396;0;0
;1,21250;0,59019;0,69843;0;0
;1,21300;0,63248;0,69360;0;0
;1,21350;0,54599;0,68920;0;0
;1,21400;0,59340;0,68497;0;0
;1,21450;0,52805;0,68066;0;0
;1,21500;0,57674;0,67607;0;0
;1,21550;0,45437;0,67102;0;0
;1,21600;0,54406;0,66534;0;0
;1,21650;0,49217;0,65891;0;0
;1,21700;0,53317;0,65170;0;0
;1,21750;0,53061;0,64378;0;0
;1,21800;0,58699;0,63529;0;0
;1,21850;0,47679;0,62643;0;0
;1,21900;0,58571;0,61736;0;0
;1,21950;0,47807;0,60824;0;0
;1,22000;0,53317;0,59915;0;0
;1,22050;0,43835;0,59017;0;0
;1,22100;0,48576;0,58127;0;0
;1,22150;0,42233;0,57242;0;0
;1,22200;0,45949;0,56355;0;0
;1,22250;0,38517;0,55463;0;0
;1,22300;0,45180;0,54559;0;0
;1,22350;0,35506;0,53641;0;0
;1,22400;0,37172;0,52704;0;0
;1,22450;0,37172;0,51739;0;0
;1,22500;0,41208;0,50747;0;0
;1,22550;0,33456;0,49733;0;0
;1,22600;0,37172;0,48703;0;0
;1,22650;0,27241;0,47658;0;0
;1,22700;0,37364;0,46595;0;0
;1,22750;0,34609;0,45518;0;0
;1,22800;0,40247;0,44441;0;0
;1,22850;0,35634;0,43384;0;0
;1,22900;0,34417;0,42362;0;0
;1,22950;0,39030;0,41388;0;0
;1,23000;0,44348;0,40476;0;0
;1,23050;0,36787;0,39644;0;0
;1,23100;0,41593;0,38908;0;0
;1,23150;0,35634;0,38274;0;0
;1,23200;0,40119;0,37741;0;0
;1,23250;0,31341;0,37302;0;0
;1,23300;0,35314;0,36944;0;0
;1,23350;0,31277;0,36651;0;0
;1,23400;0,37364;0,36406;0;0
;1,23450;0,27241;0,36197;0;0
;1,23500;0,32751;0,36009;0;0
;1,23550;0,21026;0,35824;0;0
;1,23600;0,28971;0,35619;0;0
;1,23650;0,24102;0,35376;0;0
;1,23700;0,28138;0,35084;0;0
;1,23750;0,29932;0,34741;0;0
;1,23800;0,32623;0,34355;0;0
;1,23850;0,20129;0,33937;0;0
;1,23900;0,27561;0,33489;0;0
;1,23950;0,29996;0,33012;0;0
;1,24000;0,30829;0,32517;0;0
;1,24050;0,24678;0,32017;0;0
;1,24100;0,28394;0,31522;0;0
;1,24150;0,24230;0,31034;0;0
;1,24200;0,32367;0,30557;0;0
;1,24250;0,16413;0,30096;0;0
;1,24300;0,17759;0,29642;0;0
;1,24350;0,14299;0,29177;0;0
;1,24400;0,20642;0,28680;0;0
;1,24450;0,10967;0,28140;0;0
;1,24500;0,16606;0,27549;0;0
;1,24550;0,11864;0,26901;0;0
;1,24600;0,17310;0,26196;0;0
;1,24650;0,15516;0,25440;0;0
;1,24700;0,14299;0,24645;0;0
;1,24750;0,09109;0,23819;0;0
;1,24800;0,13402;0,22968;0;0
;1,24850;0,06995;0,22092;0;0
;1,24900;0,16990;0,21197;0;0
;1,24950;0,11096;0,20293;0;0
;1,25000;0,17054;0,19398;0;0
;1,25050;0,13530;0,18529;0;0
;1,25100;0,12697;0,17700;0;0
;1,25150;0,09302;0,16919;0;0
;1,25200;0,20065;0,16190;0;0
;1,25250;0,12377;0,15522;0;0
;1,25300;0,11096;0,14923;0;0
;1,25350;0,11544;0,14391;0;0
;1,25400;0,12057;0,13921;0;0
;1,25450;0,06675;0,13505;0;0
;1,25500;0,06098;0,13131;0;0
;1,25550;0,10135;0,12785;0;0
;1,25600;0,04753;0,12456;0;0
;1,25650;0,03856;0,12134;0;0
;1,25700;0,02254;0,11805;0;0
;1,25750;-0,04025;0,11453;0;0
;1,25800;-0,01718;0,11060;0;0
;1,25850;-0,00245;0,10609;0;0
;1,25900;0,01165;0,10095;0;0
;1,25950;-0,01270;0,09523;0;0
;1,26000;-0,02423;0,08898;0;0
;1,26050;0,01037;0,08226;0;0
;1,26100;0,01741;0,07520;0;0
;1,26150;-0,01078;0,06793;0;0
;1,26200;0,00460;0,06059;0;0
;1,26250;0,09430;0,05335;0;0
;1,26300;0,07123;0,04644;0;0
;1,26350;0,02382;0,04011;0;0
;1,26400;0,01998;0,03450;0;0
;1,26450;0,08405;0,02965;0;0
;1,26500;0,03279;0,02560;0;0
;1,26550;0,05265;0,02240;0;0
;1,26600;-0,02359;0,02000;0;0
;1,26650;-0,03064;0,01825;0;0
;1,26700;-0,01590;0,01694;0;0
;1,26750;0,04496;0,01590;0;0
;1,26800;-0,03704;0,01505;0;0
;1,26850;0,04625;0,01434;0;0
;1,26900;-0,07356;0,01373;0;0
;1,26950;0,03343;0,01312;0;0
;1,27000;-0,02936;0,01245;0;0
;1,27050;0,02574;0,01171;0;0
;1,27100;-0,00053;0,01093;0;0
;1,27150;0,00076;0,01012;0;0
;1,27200;-0,03256;0,00929;0;0
;1,27250;0,08020;0,00844;0;0
;1,27300;0,03151;0,00766;0;0
;1,27350;0,01741;0,00707;0;0
;1,27400;-0,02359;0,00669;0;0
;1,27450;0,04689;0,00650;0;0
;1,27500;0,00076;0,00647;0;0
;1,27550;-0,01590;0,00657;0;0
;1,27600;-0,02039;0,00673;0;0
;1,27650;-0,00181;0,00687;0;0
;1,27700;-0,03576;0,00691;0;0
;1,27750;0,05522;0,00682;0;0
;1,27800;0,02126;0,00665;0;0
;1,27850;0,04817;0,00651;0;0
;1,27900;-0,03384;0,00646;0;0
;1,27950;0,02638;0,00651;0;0
;1,28000;-0,07100;0,00658;0;0
;1,28050;-0,00950;0,00657;0;0
;1,28100;-0,03769;0,00638;0;0
;1,28150;0,04240;0,00596;0;0
;1,28200;-0,02231;0,00537;0;0
;1,28250;-0,02487;0,00466;0;0
;1,28300;0,01229;0,00385;0;0
;1,28350;0,02702;0,00295;0;0
;1,28400;-0,04217;0,00206;0;0
;1,28450;0,00780;0,00117;0;0
;1,28500;-0,05691;0,00028;0;0
;1,28550;0,03663;-0,00066;0;0
;1,28600;-0,02423;-0,00161;0;0
;1,28650;0,01677;-0,00254;0;0
;1,28700;-0,03576;-0,00340;0;0
;1,28750;-0,00373;-0,00421;0;0
;1,28800;-0,01334;-0,00499;0;0
;1,28850;0,00588;-0,00572;0;0
;1,28900;-0,05370;-0,00641;0;0
;1,28950;0,02126;-0,00707;0;0
;1,29000;-0,01846;-0,00770;0;0
;1,29050;0,05586;-0,00826;0;0
;1,29100;-0,01654;-0,00867;0;0
;1,29150;0,03215;-0,00887;0;0
;1,29200;-0,02872;-0,00884;0;0
;1,29250;0,04625;-0,00861;0;0
;1,29300;0,01677;-0,00816;0;0
;1,29350;0,04560;-0,00746;0;0
;1,29400;-0,04217;-0,00650;0;0
;1,29450;0,07828;-0,00533;0;0
;1,29500;0,02190;-0,00396;0;0
;1,29550;0,04304;-0,00235;0;0
;1,29600;-0,01718;-0,00053;0;0
;1,29650;0,06354;0,00144;0;0
;1,29700;0,02638;0,00353;0;0
;1,29750;0,09494;0,00575;0;0
;1,29800;0,06162;0,00816;0;0
;1,29850;0,05073;0,01081;0;0
;1,29900;0,01165;0,01368;0;0
;1,29950;0,04753;0,01666;0;0
;1,30000;-0,02936;0,01965;0;0
;1,30050;0,06611;0,02249;0;0
;1,30100;0,06675;0,02514;0;0
;1,30150;0,03087;0,02762;0;0
;1,30200;-0,00501;0,02993;0;0
;1,30250;0,02062;0,03199;0;0
;1,30300;-0,01782;0,03371;0;0
;1,30350;-0,02872;0,03498;0;0
;1,30400;-0,00501;0,03570;0;0
;1,30450;0,01934;0,03584;0;0
;1,30500;0,00332;0,03543;0;0
;1,30550;0,00460;0,03455;0;0
;1,30600;-0,03576;0,03324;0;0
;1,30650;0,04368;0,03155;0;0
;1,30700;-0,03000;0,02955;0;0
;1,30750;0,07380;0,02732;0;0
;1,30800;0,03856;0,02503;0;0
;1,30850;0,08789;0,02286;0;0
;1,30900;0,00140;0,02098;0;0
;1,30950;0,11416;0,01950;0;0
;1,31000;-0,01526;0,01847;0;0
;1,31050;0,10199;0,01793;0;0
;1,31100;-0,03384;0,01784;0;0
;1,31150;0,06611;0,01814;0;0
;1,31200;0,01485;0,01873;0;0
;1,31250;0,00780;0,01954;0;0
;1,31300;-0,03769;0,02046;0;0
;1,31350;0,03984;0,02133;0;0
;1,31400;0,00204;0,02206;0;0
;1,31450;-0,04986;0,02262;0;0
;1,31500;-0,07421;0,02286;0;0
;1,31550;0,03407;0,02266;0;0
;1,31600;-0,00885;0,02198;0;0
;1,31650;0,05650;0,02095;0;0
;1,31700;-0,08125;0,01965;0;0
;1,31750;-0,01014;0,01812;0;0
;1,31800;-0,00821;0,01632;0;0
;1,31850;-0,01206;0,01429;0;0
;1,31900;-0,02231;0,01208;0;0
;1,31950;0,12569;0,00980;0;0
;1,32000;0,00524;0,00765;0;0
;1,32050;0,02062;0,00582;0;0
;1,32100;-0,03576;0,00435;0;0
;1,32150;0,01357;0,00318;0;0
;1,32200;0,01741;0,00225;0;0
;1,32250;0,04304;0,00157;0;0
;1,32300;-0,01526;0,00116;0;0
;1,32350;0,06098;0,00104;0;0
;1,32400;-0,02743;0,00120;0;0
;1,32450;-0,01782;0,00157;0;0
;1,32500;-0,05178;0,00202;0;0
;1,32550;0,00460;0,00242;0;0
;1,32600;0,00524;0,00268;0;0
;1,32650;0,00909;0,00282;0;0
;1,32700;-0,01462;0,00288;0;0
;1,32750;-0,03448;0,00283;0;0
;1,32800;-0,04730;0,00263;0;0
;1,32850;-0,05306;0,00219;0;0
;1,32900;-0,02872;0,00142;0;0
;1,32950;-0,03897;0,00031;0;0
;1,33000;-0,04217;-0,00113;0;0
;1,33050;-0,04409;-0,00288;0;0
;1,33100;0,00012;-0,00490;0;0
;1,33150;-0,03769;-0,00712;0;0
;1,33200;-0,04217;-0,00943;0;0
;1,33250;-0,01718;-0,01181;0;0
;1,33300;-0,00565;-0,01418;0;0
;1,33350;-0,00757;-0,01646;0;0
;1,33400;-0,06844;-0,01858;0;0
;1,33450;0,01165;-0,02052;0;0
;1,33500;-0,01206;-0,02226;0;0
;1,33550;-0,01654;-0,02375;0;0
;1,33600;-0,02872;-0,02495;0;0
;1,33650;-0,08125;-0,02592;0;0
;1,33700;-0,02487;-0,02674;0;0
;1,33750;-0,04986;-0,02749;0;0
;1,33800;-0,03576;-0,02822;0;0
;1,33850;-0,00053;-0,02892;0;0
;1,33900;-0,06716;-0,02957;0;0
;1,33950;-0,03256;-0,03017;0;0
;1,34000;-0,02743;-0,03074;0;0
;1,34050;-0,03704;-0,03130;0;0
;1,34100;0,00588;-0,03180;0;0
;1,34150;0,00012;-0,03218;0;0
;1,34200;-0,00950;-0,03237;0;0
;1,34250;-0,03769;-0,03233;0;0
;1,34300;-0,00437;-0,03207;0;0
;1,34350;-0,03512;-0,03163;0;0
;1,34400;-0,03128;-0,03104;0;0
;1,34450;-0,05434;-0,03038;0;0
;1,34500;-0,08830;-0,02975;0;0
;1,34550;-0,08766;-0,02929;0;0
;1,34600;0,00909;-0,02912;0;0
;1,34650;-0,06267;-0,02923;0;0
;1,34700;-0,03256;-0,02957;0;0
;1,34750;-0,05947;-0,03009;0;0
;1,34800;-0,06972;-0,03079;0;0
;1,34850;0,00780;-0,03168;0;0
;1,34900;0,03151;-0,03264;0;0
;1,34950;-0,04217;-0,03350;0;0
;1,35000;0,01613;-0,03416;0;0
;1,35050;-0,04089;-0,03455;0;0
;1,35100;-0,02231;-0,03468;0;0
;1,35150;-0,02103;-0,03458;0;0
;1,35200;-0,02423;-0,03428;0;0
;1,35250;-0,05498;-0,03382;0;0
;1,35300;0,01293;-0,03326;0;0
;1,35350;-0,03064;-0,03260;0;0
;1,35400;-0,02103;-0,03185;0;0
;1,35450;-0,01654;-0,03102;0;0
;1,35500;-0,00309;-0,03013;0;0
;1,35550;-0,01846;-0,02916;0;0
;1,35600;0,06483;-0,02809;0;0
;1,35650;0,00524;-0,02684;0;0
;1,35700;0,04304;-0,02531;0;0
;1,35750;-0,03576;-0,02349;0;0
;1,35800;-0,05114;-0,02147;0;0
;1,35850;0,00652;-0,01939;0;0
;1,35900;0,08212;-0,01733;0;0
;1,35950;-0,05306;-0,01524;0;0
;1,36000;0,01485;-0,01312;0;0
;1,36050;-0,04025;-0,01105;0;0
;1,36100;0,04753;-0,00910;0;0
;1,36150;-0,03897;-0,00728;0;0
;1,36200;0,02126;-0,00561;0;0
;1,36250;-0,01526;-0,00410;0;0
;1,36300;0,03535;-0,00276;0;0
;1,36350;-0,05114;-0,00157;0;0
;1,36400;0,02254;-0,00054;0;0
;1,36450;0,01037;0,00030;0;0
;1,36500;0,03920;0,00101;0;0
;1,36550;-0,00629;0,00166;0;0
;1,36600;0,03728;0,00230;0;0
;1,36650;-0,00950;0,00294;0;0
;1,36700;0,01805;0,00360;0;0
;1,36750;-0,01654;0,00424;0;0
;1,36800;0,10903;0,00487;0;0
;1,36850;0,00396;0,00558;0;0
;1,36900;0,03792;0,00646;0;0
;1,36950;-0,00885;0,00748;0;0
;1,37000;0,02574;0,00860;0;0
;1,37050;-0,00053;0,00975;0;0
;1,37100;0,02831;0,01089;0;0
;1,37150;-0,02743;0,01196;0;0
;1,37200;0,06547;0,01293;0;0
;1,37250;0,02382;0,01382;0;0
;1,37300;0,06418;0,01469;0;0
;1,37350;-0,02679;0,01559;0;0
;1,37400;0,03407;0,01649;0;0
;1,37450;-0,01270;0,01733;0;0
;1,37500;0,06931;0,01808;0;0
;1,37550;-0,03000;0,01875;0;0
;1,37600;0,02190;0,01932;0;0
;1,37650;-0,04217;0,01973;0;0
;1,37700;0,02767;0,01991;0;0
;1,37750;-0,00885;0,01985;0;0
;1,37800;0,05073;0,01957;0;0
;1,37850;0,01677;0,01914;0;0
;1,37900;0,04881;0,01867;0;0
;1,37950;0,00716;0,01822;0;0
;1,38000;0,06739;0,01785;0;0
;1,38050;0,02895;0,01762;0;0
;1,38100;0,02254;0,01758;0;0
;1,38150;-0,00757;0,01771;0;0
;1,38200;0,05201;0,01795;0;0
;1,38250;-0,00565;0,01827;0;0
;1,38300;-0,02039;0,01861;0;0
;1,38350;0,06547;0,01891;0;0
;1,38400;0,03471;0,01917;0;0
;1,38450;-0,02423;0,01944;0;0
;1,38500;0,00780;0,01968;0;0
;1,38550;0,00909;0,01983;0;0
;1,38600;0,06675;0,01987;0;0
;1,38650;-0,01206;0,01985;0;0
;1,38700;0,03663;0,01983;0;0
;1,38750;-0,04794;0,01976;0;0
;1,38800;0,01934;0,01959;0;0
;1,38850;-0,01846;0,01926;0;0
;1,38900;0,02446;0,01876;0;0
;1,38950;0,00076;0,01810;0;0
;1,39000;0,08661;0,01735;0;0
;1,39050;-0,03320;0,01662;0;0
;1,39100;0,00973;0,01594;0;0
;1,39150;-0,03384;0,01527;0;0
;1,39200;-0,00757;0,01453;0;0
;1,39250;-0,03640;0,01367;0;0
;1,39300;-0,01078;0,01263;0;0
;1,39350;-0,00309;0,01140;0;0
;1,39400;-0,03128;0,00999;0;0
;1,39450;0,01229;0,00844;0;0
;1,39500;-0,00245;0,00678;0;0
;1,39550;0,00652;0,00511;0;0
;1,39600;0,06483;0,00350;0;0
;1,39650;0,01037;0,00210;0;0
;1,39700;0,04817;0,00100;0;0
;1,39750;-0,03064;0,00026;0;0
;1,39800;-0,00437;-0,00017;0;0
;1,39850;-0,01334;-0,00038;0;0
;1,39900;0,02126;-0,00044;0;0
;1,39950;-0,03704;-0,00041;0;0
;1,40000;0,01229;-0,00032;0;0
;1,40050;-0,01782;-0,00023;0;0
;1,40100;0,01741;-0,00015;0;0
;1,40150;0,04881;-0,00005;0;0
;1,40200;-0,00565;0,00012;0;0
;1,40250;-0,00245;0,00041;0;0
;1,40300;0,01165;0,00077;0;0
;1,40350;-0,01078;0,00118;0;0
;1,40400;-0,00950;0,00161;0;0
;1,40450;-0,09727;0,00195;0;0
;1,40500;-0,02808;0,00207;0;0
;1,40550;-0,07485;0,00183;0;0
;1,40600;0,00396;0,00115;0;0
;1,40650;-0,01462;0,00007;0;0
;1,40700;-0,02295;-0,00131;0;0
;1,40750;-0,03256;-0,00291;0;0
;1,40800;-0,02936;-0,00468;0;0
;1,40850;-0,02872;-0,00659;0;0
;1,40900;-0,03640;-0,00860;0;0
;1,40950;0,02062;-0,01066;0;0
;1,41000;0,03279;-0,01265;0;0
;1,41050;-0,05498;-0,01444;0;0
;1,41100;-0,03704;-0,01600;0;0
;1,41150;0,01741;-0,01737;0;0
;1,41200;-0,03448;-0,01855;0;0
;1,41250;-0,07485;-0,01955;0;0
;1,41300;-0,05306;-0,02045;0;0
;1,41350;0,00140;-0,02137;0;0
;1,41400;-0,05306;-0,02229;0;0
;1,41450;-0,04922;-0,02322;0;0
;1,41500;-0,00437;-0,02417;0;0
;1,41550;-0,06011;-0,02512;0;0
;1,41600;0,01677;-0,02606;0;0
;1,41650;0,00588;-0,02690;0;0
;1,41700;-0,03320;-0,02757;0;0
;1,41750;-0,06075;-0,02804;0;0
;1,41800;0,03279;-0,02836;0;0
;1,41850;-0,05947;-0,02853;0;0
;1,41900;0,00460;-0,02854;0;0
;1,41950;-0,02039;-0,02842;0;0
;1,42000;-0,06588;-0,02817;0;0
;1,42050;-0,05627;-0,02787;0;0
;1,42100;-0,04858;-0,02765;0;0
;1,42150;-0,00950;-0,02755;0;0
;1,42200;-0,02808;-0,02757;0;0
;1,42250;-0,04217;-0,02767;0;0
;1,42300;-0,05370;-0,02784;0;0
;1,42350;-0,00373;-0,02809;0;0
;1,42400;-0,03640;-0,02841;0;0
;1,42450;-0,02167;-0,02875;0;0
;1,42500;-0,02615;-0,02908;0;0
;1,42550;0,00652;-0,02936;0;0
;1,42600;-0,03128;-0,02955;0;0
;1,42650;0,02382;-0,02960;0;0
;1,42700;-0,01846;-0,02945;0;0
;1,42750;0,04368;-0,02906;0;0
;1,42800;-0,02295;-0,02838;0;0
;1,42850;-0,00950;-0,02740;0;0
;1,42900;0,00460;-0,02618;0;0
;1,42950;-0,01782;-0,02477;0;0
;1,43000;-0,03000;-0,02322;0;0
;1,43050;0,00460;-0,02162;0;0
;1,43100;-0,02936;-0,02002;0;0
;1,43150;-0,03256;-0,01848;0;0
;1,43200;-0,04794;-0,01707;0;0
;1,43250;0,02126;-0,01588;0;0
;1,43300;-0,01782;-0,01488;0;0
;1,43350;-0,01334;-0,01404;0;0
;1,43400;-0,01398;-0,01334;0;0
;1,43450;0,03599;-0,01275;0;0
;1,43500;-0,02551;-0,01222;0;0
;1,43550;0,07572;-0,01166;0;0
;1,43600;-0,03384;-0,01101;0;0
;1,43650;0,01870;-0,01023;0;0
;1,43700;-0,02359;-0,00935;0;0
;1,43750;0,01101;-0,00842;0;0
;1,43800;-0,04730;-0,00749;0;0
;1,43850;0,06995;-0,00660;0;0
;1,43900;-0,05883;-0,00574;0;0
;1,43950;0,00396;-0,00493;0;0
;1,44000;-0,02808;-0,00421;0;0
;1,44050;0,03023;-0,00363;0;0
;1,44100;-0,03448;-0,00317;0;0
;1,44150;0,00204;-0,00281;0;0
;1,44200;-0,01654;-0,00257;0;0
;1,44250;0,06547;-0,00243;0;0
;1,44300;0,01229;-0,00229;0;0
;1,44350;0,02638;-0,00204;0;0
;1,44400;-0,01206;-0,00165;0;0
;1,44450;0,03920;-0,00113;0;0
;1,44500;-0,04409;-0,00050;0;0
;1,44550;0,06162;0,00020;0;0
;1,44600;-0,02872;0,00094;0;0
;1,44650;0,04432;0,00173;0;0
;1,44700;-0,04666;0,00254;0;0
;1,44750;0,03984;0,00332;0;0
;1,44800;-0,02359;0,00403;0;0
;1,44850;0,03920;0,00468;0;0
;1,44900;-0,00693;0,00527;0;0
;1,44950;0,05906;0,00583;0;0
;1,45000;0,01998;0,00641;0;0
;1,45050;0,04432;0,00708;0;0
;1,45100;-0,00501;0,00787;0;0
;1,45150;0,07187;0,00877;0;0
;1,45200;-0,02167;0,00978;0;0
;1,45250;-0,00821;0,01086;0;0
;1,45300;0,00780;0,01190;0;0
;1,45350;0,06098;0,01284;0;0
;1,45400;-0,02231;0,01371;0;0
;1,45450;0,04753;0,01451;0;0
;1,45500;-0,03512;0,01523;0;0
;1,45550;0,00204;0,01581;0;0
;1,45600;0,01421;0,01620;0;0
;1,45650;0,06226;0,01641;0;0
;1,45700;-0,00757;0,01653;0;0
;1,45750;0,02702;0,01659;0;0
;1,45800;0,00973;0,01662;0;0
;1,45850;0,03792;0,01662;0;0
;1,45900;0,03407;0,01663;0;0
;1,45950;0,05778;0,01672;0;0
;1,46000;0,00780;0,01692;0;0
;1,46050;0,01229;0,01726;0;0
;1,46100;0,01165;0,01767;0;0
;1,46150;0,02510;0,01811;0;0
;1,46200;-0,01142;0,01853;0;0
;1,46250;0,04625;0,01891;0;0
;1,46300;0,02190;0,01923;0;0
;1,46350;0,03984;0,01954;0;0
;1,46400;-0,01142;0,01984;0;0
;1,46450;0,04560;0,02014;0;0
;1,46500;-0,00693;0,02040;0;0
;1,46550;0,01870;0,02061;0;0
;1,46600;-0,04473;0,02072;0;0
;1,46650;-0,02295;0,02064;0;0
;1,46700;-0,03128;0,02027;0;0
;1,46750;0,04240;0,01956;0;0
;1,46800;-0,02167;0,01856;0;0
;1,46850;-0,00821;0,01734;0;0
;1,46900;-0,10240;0,01589;0;0
;1,46950;0,04048;0,01414;0;0
;1,47000;-0,04345;0,01211;0;0
;1,47050;0,02767;0,00987;0;0
;1,47100;0,03599;0,00755;0;0
;1,47150;0,03856;0,00533;0;0
;1,47200;0,02254;0,00335;0;0
;1,47250;0,00909;0,00172;0;0
;1,47300;0,01741;0,00048;0;0
;1,47350;0,00588;-0,00040;0;0
;1,47400;0,02574;-0,00093;0;0
;1,47450;0,00524;-0,00113;0;0
;1,47500;0,02574;-0,00103;0;0
;1,47550;-0,00181;-0,00065;0;0
;1,47600;-0,02423;-0,00007;0;0
;1,47650;-0,01398;0,00061;0;0
;1,47700;-0,00181;0,00129;0;0
;1,47750;0,03728;0,00191;0;0
;1,47800;0,00524;0,00251;0;0
;1,47850;-0,00565;0,00310;0;0
;1,47900;-0,04666;0,00365;0;0
;1,47950;0,03920;0,00409;0;0
;1,48000;-0,04345;0,00439;0;0
;1,48050;-0,00181;0,00453;0;0
;1,48100;-0,03320;0,00448;0;0
;1,48150;0,01421;0,00423;0;0
;1,48200;-0,03064;0,00378;0;0
;1,48250;-0,03640;0,00315;0;0
;1,48300;-0,08702;0,00229;0;0
;1,48350;-0,01398;0,00111;0;0
;1,48400;0,02190;-0,00039;0;0
;1,48450;-0,03576;-0,00210;0;0
;1,48500;-0,02039;-0,00392;0;0
;1,48550;-0,05306;-0,00582;0;0
;1,48600;-0,02872;-0,00779;0;0
;1,48650;0,03599;-0,00981;0;0
;1,48700;-0,04281;-0,01178;0;0
;1,48750;-0,02808;-0,01363;0;0
;1,48800;-0,03640;-0,01535;0;0
;1,48850;-0,06716;-0,01699;0;0
;1,48900;-0,03448;-0,01860;0;0
;1,48950;-0,08125;-0,02024;0;0
;1,49000;0,02382;-0,02192;0;0
;1,49050;-0,02359;-0,02360;0;0
;1,49100;-0,05114;-0,02517;0;0
;1,49150;-0,06011;-0,02664;0;0
;1,49200;-0,04089;-0,02804;0;0
;1,49250;-0,07485;-0,02942;0;0
;1,49300;-0,01270;-0,03081;0;0
;1,49350;-0,02936;-0,03218;0;0
;1,49400;-0,00309;-0,03346;0;0
;1,49450;-0,02103;-0,03457;0;0
;1,49500;-0,07164;-0,03547;0;0
;1,49550;-0,01270;-0,03617;0;0
;1,49600;-0,00245;-0,03670;0;0
;1,49650;-0,04922;-0,03704;0;0
;1,49700;-0,00309;-0,03716;0;0
;1,49750;-0,06716;-0,03709;0;0
;1,49800;-0,06459;-0,03689;0;0
;1,49850;-0,03064;-0,03667;0;0
;1,49900;0,03599;-0,03645;0;0
;1,49950;-0,04153;-0,03616;0;0
;1,50000;0,01357;-0,03571;0;0
;1,50050;-0,02808;-0,03508;0;0
;1,50100;-0,01270;-0,03428;0;0
;1,50150;-0,06267;-0,03333;0;0
;1,50200;0,00140;-0,03231;0;0
;1,50250;-0,06844;-0,03129;0;0
;1,50300;-0,00309;-0,03030;0;0
;1,50350;-0,02103;-0,02939;0;0
;1,50400;-0,04601;-0,02854;0;0
;1,50450;-0,04089;-0,02778;0;0
;1,50500;-0,00693;-0,02714;0;0
;1,50550;0,00012;-0,02662;0;0
;1,50600;0,01037;-0,02612;0;0
;1,50650;-0,06203;-0,02559;0;0
;1,50700;0,04304;-0,02503;0;0
;1,50750;-0,04345;-0,02441;0;0
;1,50800;-0,01078;-0,02373;0;0
;1,50850;-0,00501;-0,02301;0;0
;1,50900;0,01613;-0,02223;0;0
;1,50950;-0,00693;-0,02138;0;0
;1,51000;0,02574;-0,02040;0;0
;1,51050;-0,03512;-0,01929;0;0
;1,51100;0,03920;-0,01807;0;0
;1,51150;-0,05050;-0,01676;0;0
;1,51200;0,01741;-0,01540;0;0
;1,51250;-0,00950;-0,01404;0;0
;1,51300;0,06034;-0,01267;0;0
;1,51350;-0,04601;-0,01126;0;0
;1,51400;0,02767;-0,00981;0;0
;1,51450;-0,00950;-0,00837;0;0
;1,51500;0,06034;-0,00692;0;0
;1,51550;-0,05498;-0,00547;0;0
;1,51600;0,05778;-0,00401;0;0
;1,51650;-0,03704;-0,00259;0;0
;1,51700;0,00076;-0,00125;0;0
;1,51750;0,03151;-0,00001;0;0
;1,51800;0,03599;0,00113;0;0
;1,51850;-0,01526;0,00224;0;0
;1,51900;0,01485;0,00331;0;0
;1,51950;0,02382;0,00432;0;0
;1,52000;0,09045;0,00532;0;0
;1,52050;-0,03128;0,00638;0;0
;1,52100;0,02831;0,00752;0;0
;1,52150;-0,03192;0,00867;0;0
;1,52200;-0,00821;0,00973;0;0
;1,52250;-0,01846;0,01060;0;0
;1,52300;0,04048;0,01123;0;0
;1,52350;0,00396;0,01165;0;0
;1,52400;0,01037;0,01191;0;0
;1,52450;0,03792;0,01205;0;0
;1,52500;0,02190;0,01214;0;0
;1,52550;0,00460;0,01222;0;0
;1,52600;0,08789;0,01234;0;0
;1,52650;-0,01398;0,01256;0;0
;1,52700;0,04240;0,01291;0;0
;1,52750;-0,00693;0,01337;0;0
;1,52800;0,00204;0,01389;0;0
;1,52850;-0,04217;0,01438;0;0
;1,52900;0,07508;0,01475;0;0
;1,52950;-0,02103;0,01501;0;0
;1,53000;0,04176;0,01519;0;0
;1,53050;-0,00181;0,01532;0;0
;1,53100;0,07123;0,01542;0;0
;1,53150;-0,01078;0,01554;0;0
;1,53200;0,00076;0,01570;0;0
;1,53250;-0,02167;0,01584;0;0
;1,53300;0,04689;0,01588;0;0
;1,53350;-0,04730;0,01583;0;0
;1,53400;0,01998;0,01564;0;0
;1,53450;0,01998;0,01531;0;0
;1,53500;0,05906;0,01488;0;0
;1,53550;0,01741;0,01448;0;0
;1,53600;0,03087;0,01417;0;0
;1,53650;0,03215;0,01400;0;0
;1,53700;0,07444;0,01400;0;0
;1,53750;0,01037;0,01424;0;0
;1,53800;0,01677;0,01471;0;0
;1,53850;-0,00885;0,01536;0;0
;1,53900;0,02895;0,01607;0;0
;1,53950;-0,02679;0,01677;0;0
;1,54000;0,00460;0,01738;0;0
;1,54050;-0,01398;0,01782;0;0
;1,54100;0,02510;0,01805;0;0
;1,54150;-0,01398;0,01806;0;0
;1,54200;0,04048;0,01788;0;0
;1,54250;-0,01334;0,01754;0;0
;1,54300;-0,00117;0,01708;0;0
;1,54350;-0,00181;0,01647;0;0
;1,54400;0,01101;0,01574;0;0
;1,54450;0,02702;0,01490;0;0
;1,54500;0,02895;0,01404;0;0
;1,54550;0,01805;0,01323;0;0
;1,54600;-0,02936;0,01249;0;0
;1,54650;0,00780;0,01181;0;0
;1,54700;0,01613;0,01115;0;0
;1,54750;0,01485;0,01050;0;0
;1,54800;0,02510;0,00991;0;0
;1,54850;-0,00373;0,00942;0;0
;1,54900;0,04881;0,00903;0;0
;1,54950;-0,00373;0,00877;0;0
;1,55000;-0,02167;0,00864;0;0
;1,55050;0,07764;0,00859;0;0
;1,55100;-0,02679;0,00863;0;0
;1,55150;-0,02103;0,00876;0;0
;1,55200;0,02510;0,00889;0;0
;1,55250;-0,00885;0,00899;0;0
;1,55300;0,01549;0,00905;0;0
;1,55350;0,01421;0,00906;0;0
;1,55400;0,03343;0,00907;0;0
;1,55450;-0,06203;0,00907;0;0
;1,55500;-0,00181;0,00902;0;0
;1,55550;-0,02615;0,00881;0;0
;1,55600;-0,00885;0,00841;0;0
;1,55650;-0,04922;0,00780;0;0
;1,55700;-0,05498;0,00691;0;0
;1,55750;-0,04345;0,00569;0;0
;1,55800;-0,03512;0,00410;0;0
;1,55850;-0,02679;0,00216;0;0
;1,55900;-0,05178;-0,00008;0;0
;1,55950;0,03343;-0,00255;0;0
;1,56000;0,00844;-0,00511;0;0
;1,56050;-0,04666;-0,00761;0;0
;1,56100;-0,06588;-0,00998;0;0
;1,56150;-0,01334;-0,01229;0;0
;1,56200;-0,06844;-0,01456;0;0
;1,56250;-0,01462;-0,01679;0;0
;1,56300;-0,03128;-0,01897;0;0
;1,56350;0,00524;-0,02105;0;0
;1,56400;-0,04922;-0,02296;0;0
;1,56450;-0,03448;-0,02467;0;0
;1,56500;-0,07741;-0,02621;0;0
;1,56550;-0,01590;-0,02766;0;0
;1,56600;0,02767;-0,02900;0;0
;1,56650;-0,06780;-0,03016;0;0
;1,56700;-0,03128;-0,03111;0;0
;1,56750;-0,07933;-0,03191;0;0
;1,56800;-0,04473;-0,03264;0;0
;1,56850;-0,02551;-0,03337;0;0
;1,56900;-0,02808;-0,03409;0;0
;1,56950;-0,01078;-0,03474;0;0
;1,57000;-0,04473;-0,03528;0;0
;1,57050;-0,06395;-0,03571;0;0
;1,57100;-0,04794;-0,03608;0;0
;1,57150;0,03279;-0,03642;0;0
;1,57200;-0,07292;-0,03668;0;0
;1,57250;-0,05306;-0,03683;0;0
;1,57300;-0,02295;-0,03694;0;0
;1,57350;0,00588;-0,03700;0;0
;1,57400;-0,09086;-0,03699;0;0
;1,57450;0,03535;-0,03690;0;0
;1,57500;-0,01975;-0,03672;0;0
;1,57550;-0,03000;-0,03637;0;0
;1,57600;-0,02872;-0,03587;0;0
;1,57650;-0,02743;-0,03524;0;0
;1,57700;-0,03320;-0,03452;0;0
;1,57750;0,01037;-0,03374;0;0
;1,57800;-0,03000;-0,03288;0;0
;1,57850;0,03279;-0,03192;0;0
;1,57900;-0,03192;-0,03082;0;0
;1,57950;0,00973;-0,02957;0;0
;1,58000;0,00844;-0,02816;0;0
;1,58050;-0,00373;-0,02661;0;0
;1,58100;-0,07933;-0,02494;0;0
;1,58150;0,02190;-0,02327;0;0
;1,58200;-0,03704;-0,02167;0;0
;1,58250;0,06162;-0,02014;0;0
;1,58300;-0,02936;-0,01863;0;0
;1,58350;0,04368;-0,01710;0;0
;1,58400;-0,04922;-0,01552;0;0
;1,58450;-0,00501;-0,01395;0;0
;1,58500;-0,03000;-0,01247;0;0
;1,58550;-0,02039;-0,01114;0;0
;1,58600;0,05009;-0,00998;0;0
;1,58650;0,07123;-0,00890;0;0
;1,58700;-0,02936;-0,00777;0;0
;1,58750;0,04689;-0,00653;0;0
;1,58800;-0,03640;-0,00520;0;0
;1,58850;-0,00950;-0,00384;0;0
;1,58900;-0,03256;-0,00256;0;0
;1,58950;0,06226;-0,00142;0;0
;1,59000;-0,00501;-0,00039;0;0
;1,59050;-0,00053;0,00057;0;0
;1,59100;-0,01590;0,00146;0;0
;1,59150;0,02831;0,00224;0;0
;1,59200;0,00716;0,00292;0;0
;1,59250;0,00204;0,00352;0;0
;1,59300;-0,03512;0,00405;0;0
;1,59350;0,04625;0,00447;0;0
;1,59400;-0,00950;0,00478;0;0
;1,59450;0,03087;0,00504;0;0
;1,59500;-0,02872;0,00525;0;0
;1,59550;0,02190;0,00542;0;0
;1,59600;0,00012;0,00554;0;0
;1,59650;0,06547;0,00564;0;0
;1,59700;0,02702;0,00580;0;0
;1,59750;0,03663;0,00612;0;0
;1,59800;0,01357;0,00662;0;0
;1,59850;0,00140;0,00730;0;0
;1,59900;-0,02615;0,00807;0;0
;1,59950;0,00012;0,00883;0;0
;1,60000;-0,00885;0,00949;0;0
;1,60050;0,02190;0,00999;0;0
;1,60100;0,01934;0,01036;0;0
;1,60150;0,02254;0,01064;0;0
;1,60200;0,00909;0,01086;0;0
;1,60250;0,01998;0,01107;0;0
;1,60300;-0,03256;0,01124;0;0
;1,60350;0,03407;0,01134;0;0
;1,60400;0,00076;0,01136;0;0
;1,60450;0,04304;0,01134;0;0
;1,60500;-0,02872;0,01130;0;0
;1,60550;0,05778;0,01126;0;0
;1,60600;-0,03769;0,01121;0;0
;1,60650;0,03663;0,01116;0;0
;1,60700;0,01037;0,01110;0;0
;1,60750;0,00973;0,01103;0;0
;1,60800;-0,03448;0,01096;0;0
;1,60850;0,03535;0,01084;0;0
;1,60900;-0,02551;0,01065;0;0
;1,60950;0,02895;0,01039;0;0
;1,61000;-0,06844;0,01004;0;0
;1,61050;0,05522;0,00957;0;0
;1,61100;-0,03576;0,00898;0;0
;1,61150;0,01037;0,00830;0;0
;1,61200;-0,01846;0,00754;0;0
;1,61250;0,04945;0,00672;0;0
;1,61300;0,02895;0,00591;0;0
;1,61350;0,05265;0,00526;0;0
;1,61400;0,02510;0,00484;0;0
;1,61450;0,04048;0,00473;0;0
;1,61500;-0,01975;0,00493;0;0
;1,61550;0,05137;0,00539;0;0
;1,61600;-0,04089;0,00604;0;0
;1,61650;-0,00437;0,00679;0;0
;1,61700;-0,03833;0,00750;0;0
;1,61750;-0,00950;0,00806;0;0
;1,61800;-0,03128;0,00838;0;0
;1,61850;0,06290;0,00845;0;0
;1,61900;-0,05242;0,00831;0;0
;1,61950;-0,00501;0,00801;0;0
;1,62000;0,02510;0,00752;0;0
;1,62050;0,04817;0,00693;0;0
;1,62100;0,00204;0,00635;0;0
;1,62150;-0,01526;0,00585;0;0
;1,62200;0,01101;0,00541;0;0
;1,62250;0,06611;0,00504;0;0
;1,62300;0,04048;0,00483;0;0
;1,62350;0,02638;0,00488;0;0
;1,62400;-0,01206;0,00520;0;0
;1,62450;0,01934;0,00573;0;0
;1,62500;0,00204;0,00640;0;0
;1,62550;-0,03000;0,00713;0;0
;1,62600;-0,05050;0,00780;0;0
;1,62650;-0,02808;0,00826;0;0
;1,62700;-0,06588;0,00839;0;0
;1,62750;0,07572;0,00813;0;0
;1,62800;-0,01078;0,00757;0;0
;1,62850;-0,04473;0,00683;0;0
;1,62900;-0,00821;0,00591;0;0
;1,62950;0,01805;0,00482;0;0
;1,63000;-0,02423;0,00362;0;0
;1,63050;-0,03320;0,00235;0;0
;1,63100;0,02318;0,00102;0;0
;1,63150;-0,02487;-0,00034;0;0
;1,63200;0,01421;-0,00167;0;0
;1,63250;-0,06075;-0,00296;0;0
;1,63300;-0,02679;-0,00422;0;0
;1,63350;-0,03961;-0,00553;0;0
;1,63400;-0,01846;-0,00691;0;0
;1,63450;-0,02872;-0,00836;0;0
;1,63500;-0,02872;-0,00986;0;0
;1,63550;-0,03833;-0,01140;0;0
;1,63600;0,01037;-0,01296;0;0
;1,63650;-0,00821;-0,01448;0;0
;1,63700;-0,01206;-0,01588;0;0
;1,63750;-0,04217;-0,01712;0;0
;1,63800;-0,05563;-0,01822;0;0
;1,63850;-0,01398;-0,01926;0;0
;1,63900;-0,06139;-0,02027;0;0
;1,63950;-0,06908;-0,02130;0;0
;1,64000;-0,02487;-0,02242;0;0
;1,64050;-0,02103;-0,02362;0;0
;1,64100;0,01293;-0,02484;0;0
;1,64150;-0,04281;-0,02598;0;0
;1,64200;-0,05498;-0,02699;0;0
;1,64250;-0,04089;-0,02792;0;0
;1,64300;-0,02359;-0,02881;0;0
;1,64350;-0,07421;-0,02966;0;0
;1,64400;-0,02615;-0,03051;0;0
;1,64450;-0,00501;-0,03135;0;0
;1,64500;0,01165;-0,03211;0;0
;1,64550;-0,03320;-0,03270;0;0
;1,64600;0,00524;-0,03305;0;0
;1,64650;-0,03384;-0,03315;0;0
;1,64700;-0,01334;-0,03301;0;0
;1,64750;-0,00885;-0,03265;0;0
;1,64800;0,01357;-0,03206;0;0
;1,64850;-0,02936;-0,03124;0;0
;1,64900;0,00588;-0,03021;0;0
;1,64950;-0,06395;-0,02901;0;0
;1,65000;-0,02679;-0,02773;0;0
;1,65050;-0,01718;-0,02647;0;0
;1,65100;0,03343;-0,02527;0;0
;1,65150;-0,02808;-0,02406;0;0
;1,65200;0,02959;-0,02282;0;0
;1,65250;-0,06459;-0,02152;0;0
;1,65300;-0,00501;-0,02024;0;0
;1,65350;-0,04537;-0,01904;0;0
;1,65400;0,02574;-0,01796;0;0
;1,65450;-0,04281;-0,01700;0;0
;1,65500;0,04945;-0,01613;0;0
;1,65550;-0,02231;-0,01530;0;0
;1,65600;-0,01526;-0,01447;0;0
;1,65650;0,01229;-0,01365;0;0
;1,65700;0,02510;-0,01282;0;0
;1,65750;-0,00501;-0,01194;0;0
;1,65800;0,04176;-0,01097;0;0
;1,65850;-0,02808;-0,00990;0;0
;1,65900;0,03407;-0,00873;0;0
;1,65950;-0,01526;-0,00748;0;0
;1,66000;0,01741;-0,00620;0;0
;1,66050;-0,01654;-0,00490;0;0
;1,66100;-0,00053;-0,00364;0;0
;1,66150;-0,00437;-0,00246;0;0
;1,66200;0,04368;-0,00137;0;0
;1,66250;-0,06395;-0,00036;0;0
;1,66300;0,00012;0,00051;0;0
;1,66350;-0,01975;0,00119;0;0
;1,66400;0,07315;0,00166;0;0
;1,66450;-0,08317;0,00200;0;0
;1,66500;0,02702;0,00220;0;0
;1,66550;-0,02103;0,00225;0;0
;1,66600;0,01870;0,00215;0;0
;1,66650;0,03279;0,00197;0;0
;1,66700;0,00268;0,00177;0;0
;1,66750;-0,03256;0,00162;0;0
;1,66800;0,07187;0,00150;0;0
;1,66850;-0,01590;0,00144;0;0
;1,66900;0,03663;0,00151;0;0
;1,66950;0,05201;0,00173;0;0
;1,67000;0,06675;0,00218;0;0
;1,67050;-0,02808;0,00293;0;0
;1,67100;0,02062;0,00393;0;0
;1,67150;0,01229;0,00509;0;0
;1,67200;0,02190;0,00633;0;0
;1,67250;-0,01718;0,00761;0;0
;1,67300;0,03792;0,00887;0;0
;1,67350;0,03663;0,01008;0;0
;1,67400;0,01101;0,01126;0;0
;1,67450;-0,05050;0,01240;0;0
;1,67500;0,00204;0,01337;0;0
;1,67550;-0,04601;0,01407;0;0
;1,67600;0,07123;0,01444;0;0
;1,67650;-0,00245;0,01455;0;0
;1,67700;0,08789;0,01452;0;0
;1,67750;-0,01846;0,01446;0;0
;1,67800;0,04176;0,01444;0;0
;1,67850;-0,01270;0,01446;0;0
;1,67900;0,07251;0,01453;0;0
;1,67950;-0,01590;0,01465;0;0
;1,68000;0,04625;0,01486;0;0
;1,68050;-0,02359;0,01512;0;0
;1,68100;0,01677;0,01539;0;0
;1,68150;-0,02615;0,01561;0;0
;1,68200;0,01037;0,01570;0;0
;1,68250;-0,03704;0,01563;0;0
;1,68300;0,05714;0,01536;0;0
;1,68350;0,00652;0,01494;0;0
;1,68400;0,02510;0,01446;0;0
;1,68450;0,03663;0,01397;0;0
;1,68500;0,09366;0,01358;0;0
;1,68550;0,04176;0,01341;0;0
;1,68600;0,05522;0,01359;0;0
;1,68650;-0,03512;0,01410;0;0
;1,68700;0,02510;0,01484;0;0
;1,68750;-0,00885;0,01568;0;0
;1,68800;-0,01526;0,01651;0;0
;1,68850;-0,00565;0,01721;0;0
;1,68900;0,06995;0,01774;0;0
;1,68950;-0,07805;0,01810;0;0
;1,69000;-0,01911;0,01824;0;0
;1,69050;-0,01590;0,01805;0;0
;1,69100;0,05457;0,01753;0;0
;1,69150;-0,02487;0,01674;0;0
;1,69200;0,01485;0,01579;0;0
;1,69250;-0,00309;0,01469;0;0
;1,69300;0,02638;0,01352;0;0
;1,69350;-0,02039;0,01230;0;0
;1,69400;0,06354;0,01111;0;0
;1,69450;-0,00117;0,01000;0;0
;1,69500;0,04689;0,00906;0;0
;1,69550;-0,01526;0,00833;0;0
;1,69600;0,04881;0,00780;0;0
;1,69650;0,01165;0,00750;0;0
;1,69700;0,00012;0,00740;0;0
;1,69750;-0,00373;0,00748;0;0
;1,69800;0,05457;0,00768;0;0
;1,69850;-0,07292;0,00796;0;0
;1,69900;0,02767;0,00825;0;0
;1,69950;-0,00181;0,00848;0;0
;1,70000;0,02318;0,00864;0;0
;1,70050;-0,04986;0,00872;0;0
;1,70100;0,00844;0,00869;0;0
;1,70150;0,03535;0,00852;0;0
;1,70200;-0,02936;0,00825;0;0
;1,70250;-0,03961;0,00788;0;0
;1,70300;0,00652;0,00736;0;0
;1,70350;-0,00885;0,00667;0;0
;1,70400;-0,00693;0,00584;0;0
;1,70450;-0,00565;0,00491;0;0
;1,70500;-0,01975;0,00388;0;0
;1,70550;-0,08638;0,00276;0;0
;1,70600;0,02510;0,00147;0;0
;1,70650;-0,00117;0,00002;0;0
;1,70700;0,02831;-0,00147;0;0
;1,70750;-0,03769;-0,00291;0;0
;1,70800;-0,04601;-0,00427;0;0
;1,70850;-0,03576;-0,00561;0;0
;1,70900;0,00716;-0,00698;0;0
;1,70950;-0,02295;-0,00836;0;0
;1,71000;-0,07421;-0,00971;0;0
;1,71050;-0,05563;-0,01112;0;0
;1,71100;-0,03128;-0,01264;0;0
;1,71150;-0,07036;-0,01432;0;0
;1,71200;-0,02743;-0,01616;0;0
;1,71250;-0,06588;-0,01815;0;0
;1,71300;-0,03576;-0,02026;0;0
;1,71350;-0,05563;-0,02248;0;0
;1,71400;-0,03256;-0,02477;0;0
;1,71450;-0,00053;-0,02704;0;0
;1,71500;-0,09343;-0,02924;0;0
;1,71550;-0,01014;-0,03133;0;0
;1,71600;-0,04345;-0,03329;0;0
;1,71650;-0,04409;-0,03510;0;0
;1,71700;-0,03704;-0,03673;0;0
;1,71750;-0,09919;-0,03821;0;0
;1,71800;-0,08446;-0,03961;0;0
;1,71850;-0,03320;-0,04102;0;0
;1,71900;-0,01975;-0,04244;0;0
;1,71950;-0,01654;-0,04379;0;0
;1,72000;-0,07997;-0,04496;0;0
;1,72050;0,01485;-0,04593;0;0
;1,72100;-0,03833;-0,04668;0;0
;1,72150;-0,05178;-0,04715;0;0
;1,72200;-0,08510;-0,04739;0;0
;1,72250;0,00909;-0,04747;0;0
;1,72300;0,03279;-0,04739;0;0
;1,72350;-0,00693;-0,04701;0;0
;1,72400;-0,05691;-0,04626;0;0
;1,72450;0,04176;-0,04516;0;0
;1,72500;-0,04409;-0,04376;0;0
;1,72550;0,03663;-0,04204;0;0
;1,72600;-0,05434;-0,04004;0;0
;1,72650;-0,02615;-0,03784;0;0
;1,72700;-0,05178;-0,03555;0;0
;1,72750;-0,03000;-0,03332;0;0
;1,72800;-0,07228;-0,03124;0;0
;1,72850;0,00588;-0,02941;0;0
;1,72900;-0,02359;-0,02783;0;0
;1,72950;-0,01846;-0,02648;0;0
;1,73000;-0,03769;-0,02532;0;0
;1,73050;0,01101;-0,02434;0;0
;1,73100;0,01741;-0,02348;0;0
;1,73150;0,01229;-0,02265;0;0
;1,73200;-0,04601;-0,02177;0;0
;1,73250;0,04625;-0,02083;0;0
;1,73300;-0,01462;-0,01982;0;0
;1,73350;0,01229;-0,01870;0;0
;1,73400;-0,03064;-0,01750;0;0
;1,73450;0,05970;-0,01621;0;0
;1,73500;0,00268;-0,01483;0;0
;1,73550;0,01229;-0,01331;0;0
;1,73600;-0,01590;-0,01168;0;0
;1,73650;0,00012;-0,00998;0;0
;1,73700;-0,00245;-0,00830;0;0
;1,73750;0,05842;-0,00665;0;0
;1,73800;-0,02808;-0,00502;0;0
;1,73850;0,11416;-0,00335;0;0
;1,73900;-0,01526;-0,00160;0;0
;1,73950;0,03407;0,00027;0;0
;1,74000;-0,02423;0,00223;0;0
;1,74050;0,05393;0,00417;0;0
;1,74100;0,00204;0,00608;0;0
;1,74150;0,03984;0,00793;0;0
;1,74200;0,01549;0,00972;0;0
;1,74250;0,03856;0,01145;0;0
;1,74300;-0,02423;0,01310;0;0
;1,74350;0,03215;0,01461;0;0
;1,74400;0,00716;0,01595;0;0
;1,74450;0,03535;0,01711;0;0
;1,74500;-0,00757;0,01809;0;0
;1,74550;-0,00373;0,01888;0;0
;1,74600;-0,01718;0,01943;0;0
;1,74650;0,06803;0,01972;0;0
;1,74700;-0,02423;0,01978;0;0
;1,74750;0,02574;0,01968;0;0
;1,74800;0,03792;0,01943;0;0
;1,74850;0,01229;0,01911;0;0
;1,74900;0,07315;0,01878;0;0
;1,74950;0,05650;0,01854;0;0
;1,75000;-0,00373;0,01848;0;0
;1,75050;0,03279;0,01861;0;0
;1,75100;0,01165;0,01886;0;0
;1,75150;0,05650;0,01922;0;0
;1,75200;0,01805;0,01967;0;0
;1,75250;-0,03000;0,02021;0;0
;1,75300;-0,03640;0,02070;0;0
;1,75350;0,00652;0,02100;0;0
;1,75400;-0,01078;0,02102;0;0
;1,75450;0,04368;0,02077;0;0
;1,75500;0,02382;0,02031;0;0
;1,75550;0,06675;0,01976;0;0
;1,75600;-0,01911;0,01923;0;0
;1,75650;0,03279;0,01874;0;0
;1,75700;0,03407;0,01831;0;0
;1,75750;0,04689;0,01796;0;0
;1,75800;-0,02167;0,01775;0;0
;1,75850;0,04945;0,01764;0;0
;1,75900;-0,00629;0,01761;0;0
;1,75950;-0,00245;0,01762;0;0
;1,76000;-0,04730;0,01759;0;0
;1,76050;0,03792;0,01742;0;0
;1,76100;0,00460;0,01710;0;0
;1,76150;0,02638;0,01666;0;0
;1,76200;0,04176;0,01617;0;0
;1,76250;0,04560;0,01571;0;0
;1,76300;-0,01334;0,01536;0;0
;1,76350;0,03984;0,01513;0;0
;1,76400;0,03151;0,01500;0;0
;1,76450;0,03920;0,01501;0;0
;1,76500;0,01229;0,01518;0;0
;1,76550;0,06354;0,01550;0;0
;1,76600;-0,05434;0,01597;0;0
;1,76650;0,03856;0,01651;0;0
;1,76700;-0,01334;0,01701;0;0
;1,76750;0,06418;0,01745;0;0
;1,76800;0,02831;0,01786;0;0
;1,76850;0,06611;0,01831;0;0
;1,76900;-0,07356;0,01882;0;0
;1,76950;0,03215;0,01932;0;0
;1,77000;-0,01526;0,01968;0;0
;1,77050;0,06226;0,01988;0;0
;1,77100;-0,03448;0,01995;0;0
;1,77150;0,01421;0,01988;0;0
;1,77200;-0,00309;0,01966;0;0
;1,77250;0,08405;0,01930;0;0
;1,77300;-0,01718;0,01888;0;0
;1,77350;0,03856;0,01848;0;0
;1,77400;0,00396;0,01811;0;0
;1,77450;-0,01014;0,01776;0;0
;1,77500;-0,05370;0,01736;0;0
;1,77550;0,02510;0,01682;0;0
;1,77600;-0,02808;0,01608;0;0
;1,77650;-0,01975;0,01515;0;0
;1,77700;-0,05883;0,01400;0;0
;1,77750;0,00396;0,01256;0;0
;1,77800;-0,01590;0,01086;0;0
;1,77850;-0,00245;0,00895;0;0
;1,77900;-0,00757;0,00692;0;0
;1,77950;0,03279;0,00485;0;0
;1,78000;-0,00117;0,00285;0;0
;1,78050;-0,01142;0,00101;0;0
;1,78100;-0,02487;-0,00066;0;0
;1,78150;-0,00821;-0,00219;0;0
;1,78200;-0,07805;-0,00361;0;0
;1,78250;-0,02936;-0,00503;0;0
;1,78300;-0,07869;-0,00653;0;0
;1,78350;0,00140;-0,00818;0;0
;1,78400;-0,07292;-0,00999;0;0
;1,78450;-0,05242;-0,01194;0;0
;1,78500;-0,04986;-0,01406;0;0
;1,78550;-0,07292;-0,01636;0;0
;1,78600;-0,00757;-0,01881;0;0
;1,78650;-0,01911;-0,02135;0;0
;1,78700;-0,03384;-0,02386;0;0
;1,78750;-0,05755;-0,02625;0;0
;1,78800;-0,02872;-0,02850;0;0
;1,78850;-0,07933;-0,03063;0;0
;1,78900;-0,01142;-0,03264;0;0
;1,78950;-0,06652;-0,03452;0;0
;1,79000;0,01998;-0,03624;0;0
;1,79050;-0,06908;-0,03775;0;0
;1,79100;-0,02231;-0,03901;0;0
;1,79150;-0,02551;-0,04002;0;0
;1,79200;-0,01398;-0,04078;0;0
;1,79250;-0,07228;-0,04126;0;0
;1,79300;-0,03897;-0,04153;0;0
;1,79350;-0,04281;-0,04166;0;0
;1,79400;-0,06459;-0,04169;0;0
;1,79450;-0,04794;-0,04169;0;0
;1,79500;-0,02295;-0,04169;0;0
;1,79550;-0,07164;-0,04170;0;0
;1,79600;-0,00437;-0,04172;0;0
;1,79650;0,00588;-0,04170;0;0
;1,79700;0,01421;-0,04154;0;0
;1,79750;-0,02487;-0,04114;0;0
;1,79800;-0,03769;-0,04046;0;0
;1,79850;-0,06908;-0,03957;0;0
;1,79900;0,03792;-0,03857;0;0
;1,79950;-0,07356;-0,03747;0;0
;1,80000;0,00780;-0,03631;0;0
;1,80050;-0,06524;-0,03510;0;0
;1,80100;0,01998;-0,03390;0;0
;1,80150;-0,05370;-0,03271;0;0
;1,80200;0,01165;-0,03153;0;0
;1,80250;-0,05755;-0,03037;0;0
;1,80300;-0,00053;-0,02925;0;0
;1,80350;-0,03448;-0,02820;0;0
;1,80400;-0,00821;-0,02720;0;0
;1,80450;-0,00757;-0,02626;0;0
;1,80500;0,01613;-0,02534;0;0
;1,80550;-0,00501;-0,02437;0;0
;1,80600;-0,00373;-0,02333;0;0
;1,80650;-0,01911;-0,02221;0;0
;1,80700;0,04945;-0,02100;0;0
;1,80750;-0,02103;-0,01969;0;0
;1,80800;0,00524;-0,01827;0;0
;1,80850;-0,01078;-0,01675;0;0
;1,80900;-0,01718;-0,01520;0;0
;1,80950;0,01485;-0,01367;0;0
;1,81000;-0,02743;-0,01218;0;0
;1,81050;0,00780;-0,01076;0;0
;1,81100;0,02190;-0,00943;0;0
;1,81150;-0,02103;-0,00817;0;0
;1,81200;0,05009;-0,00695;0;0
;1,81250;0,01549;-0,00575;0;0
;1,81300;0,01998;-0,00450;0;0
;1,81350;-0,01014;-0,00319;0;0
;1,81400;0,08725;-0,00182;0;0
;1,81450;-0,03833;-0,00038;0;0
;1,81500;0,03535;0,00113;0;0
;1,81550;-0,00821;0,00266;0;0
;1,81600;0,00204;0,00416;0;0
;1,81650;-0,01334;0,00554;0;0
;1,81700;0,03920;0,00678;0;0
;1,81750;-0,01078;0,00786;0;0
;1,81800;0,07700;0,00882;0;0
;1,81850;-0,05883;0,00970;0;0
;1,81900;-0,00245;0,01047;0;0
;1,81950;0,05393;0,01107;0;0
;1,82000;0,03023;0,01154;0;0
;1,82050;-0,02936;0,01194;0;0
;1,82100;0,07764;0,01230;0;0
;1,82150;-0,02487;0,01263;0;0
;1,82200;0,01677;0,01295;0;0
;1,82250;-0,01014;0,01322;0;0
;1,82300;0,01741;0,01341;0;0
;1,82350;-0,01590;0,01349;0;0
;1,82400;0,01805;0,01345;0;0
;1,82450;0,02382;0,01329;0;0
;1,82500;-0,00501;0,01307;0;0
;1,82550;-0,01334;0,01278;0;0
;1,82600;0,05329;0,01242;0;0
;1,82650;-0,01270;0,01203;0;0
;1,82700;0,02959;0,01164;0;0
;1,82750;-0,06459;0,01126;0;0
;1,82800;0,02574;0,01081;0;0
;1,82850;-0,00757;0,01027;0;0
;1,82900;0,01934;0,00964;0;0
;1,82950;-0,03256;0,00895;0;0
;1,83000;0,04625;0,00823;0;0
;1,83050;-0,01975;0,00749;0;0
;1,83100;0,04496;0,00679;0;0
;1,83150;-0,01911;0,00616;0;0
;1,83200;-0,03128;0,00560;0;0
;1,83250;-0,05178;0,00503;0;0
;1,83300;0,05522;0,00437;0;0
;1,83350;-0,00309;0,00365;0;0
;1,83400;0,00204;0,00294;0;0
;1,83450;0,02254;0,00229;0;0
;1,83500;0,01165;0,00174;0;0
;1,83550;-0,01270;0,00132;0;0
;1,83600;0,07380;0,00104;0;0
;1,83650;0,00460;0,00096;0;0
;1,83700;0,07572;0,00114;0;0
;1,83750;-0,04409;0,00162;0;0
;1,83800;-0,02872;0,00233;0;0
;1,83850;-0,02679;0,00308;0;0
;1,83900;0,07187;0,00378;0;0
;1,83950;-0,03640;0,00442;0;0
;1,84000;0,04048;0,00504;0;0
;1,84050;-0,00693;0,00562;0;0
;1,84100;0,05906;0,00618;0;0
;1,84150;-0,02103;0,00677;0;0
;1,84200;0,03471;0,00738;0;0
;1,84250;-0,01718;0,00799;0;0
;1,84300;0,04881;0,00859;0;0
;1,84350;-0,03833;0,00917;0;0
;1,84400;0,01805;0,00969;0;0
;1,84450;-0,01526;0,01009;0;0
;1,84500;0,04496;0,01038;0;0
;1,84550;0,01549;0,01058;0;0
;1,84600;-0,01911;0,01073;0;0
;1,84650;0,01421;0,01084;0;0
;1,84700;0,04945;0,01088;0;0
;1,84750;-0,00950;0,01091;0;0
;1,84800;0,01741;0,01095;0;0
;1,84850;-0,05114;0,01098;0;0
;1,84900;-0,00181;0,01091;0;0
;1,84950;-0,03576;0,01067;0;0
;1,85000;-0,05242;0,01017;0;0
;1,85050;-0,00565;0,00937;0;0
;1,85100;0,02767;0,00827;0;0
;1,85150;-0,04601;0,00696;0;0
;1,85200;-0,03448;0,00548;0;0
;1,85250;-0,00117;0,00383;0;0
;1,85300;-0,00821;0,00205;0;0
;1,85350;-0,05306;0,00018;0;0
;1,85400;0,01293;-0,00174;0;0
;1,85450;-0,01398;-0,00368;0;0
;1,85500;-0,01078;-0,00557;0;0
;1,85550;-0,00693;-0,00735;0;0
;1,85600;-0,02615;-0,00900;0;0
;1,85650;-0,07485;-0,01053;0;0
;1,85700;-0,02167;-0,01201;0;0
;1,85750;-0,03128;-0,01351;0;0
;1,85800;-0,04153;-0,01502;0;0
;1,85850;0,02446;-0,01653;0;0
;1,85900;-0,04089;-0,01796;0;0
;1,85950;-0,06331;-0,01928;0;0
;1,86000;-0,04922;-0,02055;0;0
;1,86050;0,01741;-0,02181;0;0
;1,86100;-0,05627;-0,02303;0;0
;1,86150;-0,04858;-0,02418;0;0
;1,86200;-0,06139;-0,02530;0;0
;1,86250;-0,00181;-0,02644;0;0
;1,86300;-0,00565;-0,02755;0;0
;1,86350;-0,03576;-0,02856;0;0
;1,86400;-0,02615;-0,02941;0;0
;1,86450;-0,01975;-0,03011;0;0
;1,86500;-0,03704;-0,03066;0;0
;1,86550;-0,03640;-0,03107;0;0
;1,86600;-0,05114;-0,03138;0;0
;1,86650;-0,06075;-0,03165;0;0
;1,86700;-0,09535;-0,03197;0;0
;1,86750;-0,02872;-0,03243;0;0
;1,86800;-0,04153;-0,03307;0;0
;1,86850;0,01998;-0,03381;0;0
;1,86900;-0,04409;-0,03456;0;0
;1,86950;0,03663;-0,03519;0;0
;1,87000;-0,01398;-0,03560;0;0
;1,87050;-0,00757;-0,03570;0;0
;1,87100;-0,04025;-0,03549;0;0
;1,87150;-0,00245;-0,03500;0;0
;1,87200;-0,06524;-0,03430;0;0
;1,87250;-0,01462;-0,03347;0;0
;1,87300;-0,04858;-0,03258;0;0
;1,87350;-0,01014;-0,03169;0;0
;1,87400;-0,06139;-0,03084;0;0
;1,87450;-0,02167;-0,03006;0;0
;1,87500;-0,05306;-0,02939;0;0
;1,87550;-0,00501;-0,02887;0;0
;1,87600;-0,00437;-0,02845;0;0
;1,87650;0,00652;-0,02806;0;0
;1,87700;-0,03769;-0,02763;0;0
;1,87750;-0,02423;-0,02715;0;0
;1,87800;-0,03192;-0,02665;0;0
;1,87850;-0,01014;-0,02615;0;0
;1,87900;0,01677;-0,02565;0;0
;1,87950;-0,04345;-0,02510;0;0
;1,88000;-0,02103;-0,02451;0;0
;1,88050;0,03471;-0,02387;0;0
;1,88100;-0,00501;-0,02316;0;0
;1,88150;0,00332;-0,02232;0;0
;1,88200;-0,00437;-0,02133;0;0
;1,88250;0,00268;-0,02021;0;0
;1,88300;-0,00373;-0,01896;0;0
;1,88350;0,01101;-0,01761;0;0
;1,88400;-0,05563;-0,01620;0;0
;1,88450;0,07187;-0,01478;0;0
;1,88500;-0,05627;-0,01334;0;0
;1,88550;0,01870;-0,01192;0;0
;1,88600;0,01805;-0,01052;0;0
;1,88650;-0,02295;-0,00916;0;0
;1,88700;-0,00950;-0,00785;0;0
;1,88750;0,01998;-0,00663;0;0
;1,88800;-0,04922;-0,00552;0;0
;1,88850;0,02318;-0,00454;0;0
;1,88900;0,04304;-0,00370;0;0
;1,88950;-0,03897;-0,00293;0;0
;1,89000;-0,05434;-0,00224;0;0
;1,89050;0,05393;-0,00171;0;0
;1,89100;0,03023;-0,00131;0;0
;1,89150;0,02638;-0,00093;0;0
;1,89200;-0,01526;-0,00048;0;0
;1,89250;0,06290;0,00004;0;0
;1,89300;-0,00437;0,00068;0;0
;1,89350;0,00204;0,00143;0;0
;1,89400;0,02702;0,00226;0;0
;1,89450;0,03984;0,00317;0;0
;1,89500;-0,00693;0,00416;0;0
;1,89550;0,06611;0,00525;0;0
;1,89600;-0,05691;0,00640;0;0
;1,89650;0,03087;0,00756;0;0
;1,89700;0,02126;0,00865;0;0
;1,89750;0,05842;0,00969;0;0
;1,89800;-0,02295;0,01071;0;0
;1,89850;0,07380;0,01173;0;0
;1,89900;-0,05050;0,01274;0;0
;1,89950;0,03215;0,01369;0;0
;1,90000;-0,02615;0,01450;0;0
;1,90050;0,11160;0,01517;0;0
;1,90100;0,00268;0,01578;0;0
;1,90150;0,03856;0,01641;0;0
;1,90200;-0,00181;0,01707;0;0
;1,90250;0,13082;0,01778;0;0
;1,90300;-0,00501;0,01861;0;0
;1,90350;0,03215;0,01960;0;0
;1,90400;-0,00309;0,02069;0;0
;1,90450;0,03087;0,02179;0;0
;1,90500;0,00332;0,02282;0;0
;1,90550;0,06739;0,02375;0;0
;1,90600;-0,01398;0,02460;0;0
;1,90650;0,06547;0,02536;0;0
;1,90700;-0,01526;0,02602;0;0
;1,90750;0,05842;0,02659;0;0
;1,90800;0,02254;0,02706;0;0
;1,90850;0,11736;0,02749;0;0
;1,90900;-0,01270;0,02799;0;0
;1,90950;0,07444;0,02859;0;0
;1,91000;0,02574;0,02927;0;0
;1,91050;0,07380;0,03005;0;0
;1,91100;0,00780;0,03092;0;0
;1,91150;0,09302;0,03188;0;0
;1,91200;0,02190;0,03291;0;0
;1,91250;0,07572;0,03403;0;0
;1,91300;0,05265;0,03524;0;0
;1,91350;0,09109;0,03655;0;0
;1,91400;0,00460;0,03797;0;0
;1,91450;0,00012;0,03943;0;0
;1,91500;0,04112;0,04080;0;0
;1,91550;0,02254;0,04196;0;0
;1,91600;0,02126;0,04287;0;0
;1,91650;0,03151;0,04351;0;0
;1,91700;0,00460;0,04386;0;0
;1,91750;0,10775;0,04393;0;0
;1,91800;0,02190;0,04381;0;0
;1,91850;0,04753;0,04359;0;0
;1,91900;0,04432;0,04332;0;0
;1,91950;0,09238;0,04304;0;0
;1,92000;0,05009;0,04283;0;0
;1,92050;0,04112;0,04275;0;0
;1,92100;-0,00757;0,04278;0;0
;1,92150;0,09494;0,04284;0;0
;1,92200;0,01165;0,04292;0;0
;1,92250;0,02062;0,04299;0;0
;1,92300;0,03087;0,04302;0;0
;1,92350;0,07636;0,04296;0;0
;1,92400;0,01165;0,04285;0;0
;1,92450;0,01485;0,04269;0;0
;1,92500;-0,01206;0,04242;0;0
;1,92550;0,01741;0,04195;0;0
;1,92600;0,02126;0,04124;0;0
;1,92650;0,09494;0,04033;0;0
;1,92700;0,03663;0,03935;0;0
;1,92750;0,05329;0,03841;0;0
;1,92800;-0,01526;0,03756;0;0
;1,92850;0,02510;0,03676;0;0
;1,92900;0,01934;0,03595;0;0
;1,92950;-0,01526;0,03508;0;0
;1,93000;0,01101;0,03412;0;0
;1,93050;0,03599;0,03302;0;0
;1,93100;0,02959;0,03183;0;0
;1,93150;0,02126;0,03061;0;0
;1,93200;-0,00565;0,02939;0;0
;1,93250;0,03728;0,02817;0;0
;1,93300;0,02895;0,02696;0;0
;1,93350;0,02767;0,02582;0;0
;1,93400;0,02254;0,02478;0;0
;1,93450;0,05842;0,02387;0;0
;1,93500;0,04432;0,02315;0;0
;1,93550;0,00716;0,02265;0;0
;1,93600;0,02318;0,02237;0;0
;1,93650;0,00396;0,02224;0;0
;1,93700;0,00460;0,02218;0;0
;1,93750;0,03984;0,02215;0;0
;1,93800;0,01421;0,02212;0;0
;1,93850;0,01741;0,02210;0;0
;1,93900;0,01421;0,02208;0;0
;1,93950;0,01357;0,02203;0;0
;1,94000;0,00844;0,02194;0;0
;1,94050;0,01741;0,02179;0;0
;1,94100;0,03023;0,02158;0;0
;1,94150;0,03215;0,02134;0;0
;1,94200;0,05201;0,02112;0;0
;1,94250;0,03087;0,02099;0;0
;1,94300;0,05265;0,02099;0;0
;1,94350;0,03663;0,02116;0;0
;1,94400;0,10391;0,02155;0;0
;1,94450;0,05329;0,02223;0;0
;1,94500;0,08853;0,02327;0;0
;1,94550;0,09366;0,02471;0;0
;1,94600;0,02767;0,02656;0;0
;1,94650;0,06034;0,02877;0;0
;1,94700;0,09750;0,03123;0;0
;1,94750;0,06931;0,03392;0;0
;1,94800;0,10647;0,03683;0;0
;1,94850;0,15580;0,03998;0;0
;1,94900;0,05778;0,04343;0;0
;1,94950;0,07187;0,04715;0;0
;1,95000;0,09430;0,05103;0;0
;1,95050;0,13018;0,05498;0;0
;1,95100;0,08341;0,05899;0;0
;1,95150;0,09622;0,06302;0;0
;1,95200;0,13338;0,06704;0;0
;1,95250;0,12825;0,07102;0;0
;1,95300;0,14812;0,07502;0;0
;1,95350;0,11544;0,07906;0;0
;1,95400;0,16093;0,08316;0;0
;1,95450;0,11736;0,08730;0;0
;1,95500;0,17246;0,09150;0;0
;1,95550;0,13786;0,09573;0;0
;1,95600;0,19809;0,10003;0;0
;1,95650;0,19425;0,10444;0;0
;1,95700;0,19681;0,10903;0;0
;1,95750;0,23012;0,11387;0;0
;1,95800;0,24870;0,11903;0;0
;1,95850;0,24935;0,12460;0;0
;1,95900;0,25896;0,13067;0;0
;1,95950;0,25703;0,13725;0;0
;1,96000;0,35826;0,14438;0;0
;1,96050;0,26857;0,15214;0;0
;1,96100;0,29548;0,16054;0;0
;1,96150;0,30252;0,16951;0;0
;1,96200;0,34993;0,17897;0;0
;1,96250;0,28971;0,18888;0;0
;1,96300;0,34096;0,19914;0;0
;1,96350;0,29483;0,20963;0;0
;1,96400;0,33328;0,22023;0;0
;1,96450;0,29163;0,23078;0;0
;1,96500;0,33007;0,24114;0;0
;1,96550;0,25511;0,25116;0;0
;1,96600;0,35058;0,26069;0;0
;1,96650;0,30893;0,26962;0;0
;1,96700;0,32110;0,27793;0;0
;1,96750;0,30380;0,28556;0;0
;1,96800;0,40055;0,29253;0;0
;1,96850;0,27305;0,29887;0;0
;1,96900;0,36723;0,30463;0;0
;1,96950;0,32879;0,30981;0;0
;1,97000;0,41977;0,31450;0;0
;1,97050;0,30765;0,31879;0;0
;1,97100;0,39927;0,32277;0;0
;1,97150;0,39030;0,32651;0;0
;1,97200;0,46206;0,33014;0;0
;1,97250;0,36083;0,33383;0;0
;1,97300;0,40632;0,33765;0;0
;1,97350;0,38581;0,34160;0;0
;1,97400;0,45565;0,34568;0;0
;1,97450;0,40375;0,34992;0;0
;1,97500;0,47935;0,35438;0;0
;1,97550;0,45693;0,35912;0;0
;1,97600;0,51587;0,36422;0;0
;1,97650;0,52036;0,36980;0;0
;1,97700;0,54599;0,37599;0;0
;1,97750;0,50498;0,38287;0;0
;1,97800;0,59084;0,39047;0;0
;1,97850;0,53381;0,39882;0;0
;1,97900;0,54599;0,40788;0;0
;1,97950;0,57738;0,41757;0;0
;1,98000;0,60173;0,42781;0;0
;1,98050;0,53061;0,43853;0;0
;1,98100;0,56585;0,44960;0;0
;1,98150;0,50690;0,46080;0;0
;1,98200;0,59724;0,47193;0;0
;1,98250;0,54406;0,48281;0;0
;1,98300;0,55560;0,49333;0;0
;1,98350;0,55944;0,50337;0;0
;1,98400;0,61839;0,51286;0;0
;1,98450;0,60877;0,52180;0;0
;1,98500;0,62479;0,53026;0;0
;1,98550;0,65298;0,53834;0;0
;1,98600;0,67925;0,54615;0;0
;1,98650;0,64658;0,55382;0;0
;1,98700;0,70488;0,56144;0;0
;1,98750;0,67989;0,56912;0;0
;1,98800;0,68374;0,57690;0;0
;1,98850;0,68438;0,58481;0;0
;1,98900;0,72987;0,59284;0;0
;1,98950;0,64401;0,60096;0;0
;1,99000;0,71065;0,60913;0;0
;1,99050;0,65490;0,61724;0;0
;1,99100;0,69975;0,62518;0;0
;1,99150;0,69719;0,63287;0;0
;1,99200;0,71257;0,64027;0;0
;1,99250;0,72282;0,64738;0;0
;1,99300;0,70808;0,65421;0;0
;1,99350;0,66836;0,66075;0;0
;1,99400;0,78176;0,66694;0;0
;1,99450;0,68694;0,67281;0;0
;1,99500;0,74524;0,67837;0;0
;1,99550;0,79265;0,68369;0;0
;1,99600;0,71962;0,68882;0;0
;1,99650;0,71449;0,69382;0;0
;1,99700;0,75357;0,69865;0;0
;1,99750;0,76510;0,70327;0;0
;1,99800;0,81188;0,70775;0;0
;1,99850;0,82084;0,71221;0;0
;1,99900;0,80803;0,71679;0;0
;1,99950;0,85032;0,72162;0;0
;2,00000;0,85929;0,72680;0;0
;2,00050;0,84904;0,73243;0;0
;2,00100;0,86505;0,73857;0;0
;2,00150;0,90093;0,74524;0;0
;2,00200;0,88940;0,75248;0;0
;2,00250;0,92079;0,76031;0;0
;2,00300;0,94898;0,76876;0;0
;2,00350;0,90157;0,77783;0;0
;2,00400;0,87466;0,78746;0;0
;2,00450;0,83046;0,79744;0;0
;2,00500;0,88876;0,80748;0;0
;2,00550;0,80355;0,81733;0;0
;2,00600;0,83366;0,82671;0;0
;2,00650;0,84199;0,83539;0;0
;2,00700;0,87082;0,84320;0;0
;2,00750;0,88363;0,85011;0;0
;2,00800;0,89196;0,85617;0;0
;2,00850;0,90670;0,86146;0;0
;2,00900;0,92272;0,86610;0;0
;2,00950;0,97461;0,87026;0;0
;2,01000;0,98358;0,87416;0;0
;2,01050;0,95411;0,87802;0;0
;2,01100;0,97653;0,88201;0;0
;2,01150;1,03291;0,88624;0;0
;2,01200;1,02907;0,89086;0;0
;2,01250;0,97013;0,89599;0;0
;2,01300;0,96820;0,90164;0;0
;2,01350;0,97974;0,90769;0;0
;2,01400;0,95923;0,91400;0;0
;2,01450;0,97653;0,92042;0;0
;2,01500;0,99383;0,92685;0;0
;2,01550;0,94065;0,93318;0;0
;2,01600;0,96436;0,93930;0;0
;2,01650;1,02202;0,94510;0;0
;2,01700;0,99640;0,95058;0;0
;2,01750;1,03163;0,95579;0;0
;2,01800;1,05534;0,96080;0;0
;2,01850;1,07969;0,96573;0;0
;2,01900;1,07328;0,97073;0;0
;2,01950;1,12774;0,97594;0;0
;2,02000;1,11556;0,98151;0;0
;2,02050;1,14119;0,98757;0;0
;2,02100;1,17643;0,99423;0;0
;2,02150;1,19693;1,00160;0;0
;2,02200;1,14119;1,00977;0;0
;2,02250;1,15080;1,01872;0;0
;2,02300;1,11685;1,02830;0;0
;2,02350;1,17002;1,03833;0;0
;2,02400;1,13671;1,04863;0;0
;2,02450;1,14119;1,05903;0;0
;2,02500;1,14504;1,06937;0;0
;2,02550;1,17323;1,07950;0;0
;2,02600;1,14247;1,08931;0;0
;2,02650;1,19501;1,09873;0;0
;2,02700;1,16041;1,10771;0;0
;2,02750;1,16362;1,11622;0;0
;2,02800;1,18604;1,12422;0;0
;2,02850;1,22064;1,13169;0;0
;2,02900;1,24370;1,13873;0;0
;2,02950;1,31098;1,14548;0;0
;2,03000;1,23922;1,15214;0;0
;2,03050;1,29304;1,15888;0;0
;2,03100;1,27125;1,16577;0;0
;2,03150;1,33660;1,17290;0;0
;2,03200;1,28663;1,18032;0;0
;2,03250;1,33340;1,18809;0;0
;2,03300;1,30329;1,19621;0;0
;2,03350;1,30072;1,20465;0;0
;2,03400;1,26292;1,21329;0;0
;2,03450;1,30201;1,22198;0;0
;2,03500;1,23730;1,23053;0;0
;2,03550;1,28727;1,23878;0;0
;2,03600;1,32251;1,24659;0;0
;2,03650;1,34557;1,25395;0;0
;2,03700;1,34109;1,26092;0;0
;2,03750;1,34493;1,26759;0;0
;2,03800;1,35198;1,27404;0;0
;2,03850;1,35775;1,28030;0;0
;2,03900;1,42502;1,28644;0;0
;2,03950;1,46154;1,29262;0;0
;2,04000;1,45065;1,29904;0;0
;2,04050;1,48653;1,30589;0;0
;2,04100;1,48524;1,31333;0;0
;2,04150;1,53458;1,32148;0;0
;2,04200;1,43655;1,33039;0;0
;2,04250;1,51536;1,34004;0;0
;2,04300;1,51344;1,35032;0;0
;2,04350;1,55828;1,36118;0;0
;2,04400;1,44744;1,37256;0;0
;2,04450;1,54355;1,38430;0;0
;2,04500;1,52561;1,39625;0;0
;2,04550;1,57110;1,40830;0;0
;2,04600;1,49806;1,42037;0;0
;2,04650;1,48845;1,43234;0;0
;2,04700;1,43783;1,44394;0;0
;2,04750;1,51472;1,45491;0;0
;2,04800;1,50254;1,46506;0;0
;2,04850;1,53650;1,47433;0;0
;2,04900;1,54227;1,48273;0;0
;2,04950;1,61787;1,49037;0;0
;2,05000;1,58199;1,49741;0;0
;2,05050;1,64862;1,50408;0;0
;2,05100;1,60762;1,51056;0;0
;2,05150;1,74409;1,51707;0;0
;2,05200;1,67489;1,52386;0;0
;2,05250;1,71333;1,53114;0;0
;2,05300;1,65054;1,53904;0;0
;2,05350;1,75241;1,54757;0;0
;2,05400;1,61723;1,55670;0;0
;2,05450;1,66528;1,56629;0;0
;2,05500;1,61851;1,57612;0;0
;2,05550;1,67553;1,58595;0;0
;2,05600;1,64221;1,59558;0;0
;2,05650;1,72358;1,60491;0;0
;2,05700;1,63132;1,61386;0;0
;2,05750;1,74921;1,62241;0;0
;2,05800;1,72166;1,63056;0;0
;2,05850;1,73512;1,63840;0;0
;2,05900;1,74601;1,64601;0;0
;2,05950;1,78893;1,65347;0;0
;2,06000;1,81777;1,66090;0;0
;2,06050;1,74088;1,66843;0;0
;2,06100;1,78060;1,67611;0;0
;2,06150;1,86197;1,68393;0;0
;2,06200;1,84660;1,69197;0;0
;2,06250;1,83827;1,70034;0;0
;2,06300;1,76715;1,70907;0;0
;2,06350;1,82545;1,71804;0;0
;2,06400;1,75562;1,72709;0;0
;2,06450;1,78381;1,73603;0;0
;2,06500;1,72102;1,74463;0;0
;2,06550;1,77676;1,75268;0;0
;2,06600;1,77164;1,76000;0;0
;2,06650;1,82609;1,76655;0;0
;2,06700;1,80687;1,77237;0;0
;2,06750;1,83891;1,77755;0;0
;2,06800;1,87991;1,78223;0;0
;2,06850;1,83763;1,78659;0;0
;2,06900;1,91707;1,79079;0;0
;2,06950;2,02791;1,79505;0;0
;2,07000;1,95295;1,79971;0;0
;2,07050;2,03048;1,80510;0;0
;2,07100;1,97089;1,81143;0;0
;2,07150;1,99011;1,81879;0;0
;2,07200;1,97666;1,82716;0;0
;2,07250;1,97345;1,83645;0;0
;2,07300;1,94078;1,84648;0;0
;2,07350;1,99139;1,85703;0;0
;2,07400;1,94526;1,86789;0;0
;2,07450;1,98435;1,87887;0;0
;2,07500;1,97538;1,88979;0;0
;2,07550;1,99460;1,90051;0;0
;2,07600;1,96192;1,91092;0;0
;2,07650;1,97217;1,92091;0;0
;2,07700;1,97922;1,93035;0;0
;2,07750;1,91515;1,93912;0;0
;2,07800;1,99652;1,94711;0;0
;2,07850;2,04521;1,95428;0;0
;2,07900;2,02855;1,96074;0;0
;2,07950;2,08429;1,96667;0;0
;2,08000;2,00869;1,97226;0;0
;2,08050;2,08878;1,97762;0;0
;2,08100;2,07212;1,98285;0;0
;2,08150;2,06443;1,98808;0;0
;2,08200;2,05290;1,99335;0;0
;2,08250;2,08558;1,99868;0;0
;2,08300;2,10095;2,00408;0;0
;2,08350;2,11441;2,00960;0;0
;2,08400;2,06571;2,01528;0;0
;2,08450;2,12338;2,02112;0;0
;2,08500;2,09967;2,02709;0;0
;2,08550;2,08365;2,03316;0;0
;2,08600;2,22781;2,03933;0;0
;2,08650;2,15157;2,04567;0;0
;2,08700;2,16887;2,05232;0;0
;2,08750;2,14132;2,05930;0;0
;2,08800;2,13747;2,06654;0;0
;2,08850;2,16694;2,07395;0;0
;2,08900;2,24959;2,08148;0;0
;2,08950;2,20410;2,08918;0;0
;2,09000;2,23678;2,09712;0;0
;2,09050;2,21692;2,10535;0;0
;2,09100;2,26369;2,11386;0;0
;2,09150;2,21884;2,12264;0;0
;2,09200;2,22204;2,13164;0;0
;2,09250;2,20218;2,14073;0;0
;2,09300;2,19770;2,14976;0;0
;2,09350;2,14132;2,15853;0;0
;2,09400;2,19898;2,16682;0;0
;2,09450;2,25984;2,17447;0;0
;2,09500;2,23934;2,18150;0;0
;2,09550;2,28611;2,18802;0;0
;2,09600;2,28803;2,19415;0;0
;2,09650;2,29444;2,20003;0;0
;2,09700;2,38478;2,20585;0;0
;2,09750;2,33224;2,21180;0;0
;2,09800;2,43604;2,21810;0;0
;2,09850;2,32007;2,22492;0;0
;2,09900;2,41874;2,23236;0;0
;2,09950;2,31302;2,24040;0;0
;2,10000;2,36428;2,24896;0;0
;2,10050;2,39439;2,25790;0;0
;2,10100;2,43283;2,26716;0;0
;2,10150;2,36043;2,27671;0;0
;2,10200;2,42322;2,28651;0;0
;2,10250;2,39823;2,29645;0;0
;2,10300;2,41425;2,30645;0;0
;2,10350;2,36812;2,31642;0;0
;2,10400;2,46935;2,32625;0;0
;2,10450;2,39952;2,33586;0;0
;2,10500;2,44821;2,34524;0;0
;2,10550;2,46871;2,35436;0;0
;2,10600;2,44372;2,36324;0;0
;2,10650;2,49113;2,37191;0;0
;2,10700;2,51100;2,38040;0;0
;2,10750;2,49370;2,38879;0;0
;2,10800;2,58916;2,39719;0;0
;2,10850;2,46102;2,40567;0;0
;2,10900;2,50395;2,41425;0;0
;2,10950;2,52381;2,42285;0;0
;2,11000;2,56802;2,43140;0;0
;2,11050;2,49178;2,43992;0;0
;2,11100;2,55264;2,44838;0;0
;2,11150;2,55969;2,45673;0;0
;2,11200;2,58852;2,46497;0;0
;2,11250;2,54367;2,47315;0;0
;2,11300;2,54175;2,48124;0;0
;2,11350;2,54816;2,48917;0;0
;2,11400;2,61607;2,49687;0;0
;2,11450;2,55905;2,50435;0;0
;2,11500;2,60902;2,51163;0;0
;2,11550;2,59236;2,51873;0;0
;2,11600;2,63721;2,52567;0;0
;2,11650;2,63657;2,53253;0;0
;2,11700;2,66220;2,53939;0;0
;2,11750;2,59877;2,54630;0;0
;2,11800;2,68783;2,55329;0;0
;2,11850;2,64106;2,56034;0;0
;2,11900;2,66989;2,56749;0;0
;2,11950;2,66733;2,57472;0;0
;2,12000;2,67822;2,58202;0;0
;2,12050;2,61927;2,58936;0;0
;2,12100;2,68527;2,59664;0;0
;2,12150;2,63978;2,60379;0;0
;2,12200;2,68206;2,61072;0;0
;2,12250;2,66412;2,61740;0;0
;2,12300;2,72371;2,62381;0;0
;2,12350;2,73652;2,63002;0;0
;2,12400;2,73011;2,63612;0;0
;2,12450;2,70961;2,64222;0;0
;2,12500;2,79867;2,64836;0;0
;2,12550;2,70705;2,65460;0;0
;2,12600;2,87299;2,66102;0;0
;2,12650;2,75830;2,66774;0;0
;2,12700;2,81340;2,67484;0;0
;2,12750;2,74357;2,68233;0;0
;2,12800;2,76727;2,69010;0;0
;2,12850;2,71922;2,69798;0;0
;2,12900;2,78201;2,70579;0;0
;2,12950;2,75702;2,71340;0;0
;2,13000;2,87043;2,72075;0;0
;2,13050;2,71922;2,72788;0;0
;2,13100;2,80636;2,73476;0;0
;2,13150;2,80123;2,74134;0;0
;2,13200;2,88132;2,74763;0;0
;2,13250;2,74357;2,75372;0;0
;2,13300;2,84159;2,75961;0;0
;2,13350;2,80508;2,76527;0;0
;2,13400;2,83391;2,77070;0;0
;2,13450;2,82558;2,77591;0;0
;2,13500;2,88068;2,78095;0;0
;2,13550;2,84992;2,78587;0;0
;2,13600;2,93129;2,79080;0;0
;2,13650;2,88644;2,79585;0;0
;2,13700;2,90630;2,80113;0;0
;2,13750;2,82558;2,80668;0;0
;2,13800;2,86658;2,81240;0;0
;2,13850;2,74805;2,81811;0;0
;2,13900;2,83327;2,82356;0;0
;2,13950;2,82430;2,82853;0;0
;2,14000;2,81725;2,83292;0;0
;2,14050;2,81148;2,83666;0;0
;2,14100;2,87427;2,83974;0;0
;2,14150;2,78521;2,84217;0;0
;2,14200;2,91335;2,84403;0;0
;2,14250;2,87363;2,84543;0;0
;2,14300;2,95628;2,84658;0;0
;2,14350;2,88580;2,84771;0;0
;2,14400;2,93385;2,84901;0;0
;2,14450;2,92168;2,85061;0;0
;2,14500;2,91784;2,85261;0;0
;2,14550;2,92617;2,85504;0;0
;2,14600;2,90566;2,85790;0;0
;2,14650;2,88516;2,86115;0;0
;2,14700;2,90118;2,86467;0;0
;2,14750;2,84864;2,86833;0;0
;2,14800;2,85185;2,87197;0;0
;2,14850;2,85377;2,87538;0;0
;2,14900;2,88965;2,87844;0;0
;2,14950;2,88644;2,88108;0;0
;2,15000;2,89349;2,88332;0;0
;2,15050;2,96973;2,88524;0;0
;2,15100;2,94282;2,88698;0;0
;2,15150;2,89093;2,88871;0;0
;2,15200;2,88644;2,89044;0;0
;2,15250;2,94218;2,89216;0;0
;2,15300;2,99536;2,89390;0;0
;2,15350;2,94603;2,89578;0;0
;2,15400;2,99024;2,89793;0;0
;2,15450;2,98575;2,90045;0;0
;2,15500;2,92489;2,90339;0;0
;2,15550;2,93321;2,90668;0;0
;2,15600;2,99664;2,91023;0;0
;2,15650;2,91463;2,91397;0;0
;2,15700;2,92553;2,91780;0;0
;2,15750;2,89029;2,92159;0;0
;2,15800;2,91912;2,92514;0;0
;2,15850;2,89285;2,92831;0;0
;2,15900;2,94218;2,93101;0;0
;2,15950;2,87747;2,93320;0;0
;2,16000;2,93001;2,93484;0;0
;2,16050;2,95948;2,93596;0;0
;2,16100;2,95115;2,93666;0;0
;2,16150;2,91720;2,93704;0;0
;2,16200;2,92681;2,93719;0;0
;2,16250;2,94731;2,93713;0;0
;2,16300;2,98831;2,93694;0;0
;2,16350;2,95884;2,93673;0;0
;2,16400;2,92745;2,93662;0;0
;2,16450;2,90246;2,93660;0;0
;2,16500;2,91784;2,93660;0;0
;2,16550;2,84608;2,93651;0;0
;2,16600;2,88388;2,93618;0;0
;2,16650;2,88580;2,93548;0;0
;2,16700;2,84736;2,93435;0;0
;2,16750;2,87555;2,93272;0;0
;2,16800;2,84800;2,93057;0;0
;2,16850;2,93257;2,92792;0;0
;2,16900;2,90374;2,92488;0;0
;2,16950;3,00946;2,92168;0;0
;2,17000;2,99856;2,91860;0;0
;2,17050;3,00049;2,91599;0;0
;2,17100;2,98383;2,91409;0;0
;2,17150;3,06776;2,91309;0;0
;2,17200;3,02804;2,91315;0;0
;2,17250;2,97486;2,91438;0;0
;2,17300;2,92168;2,91669;0;0
;2,17350;2,94282;2,91983;0;0
;2,17400;2,84224;2,92348;0;0
;2,17450;2,90502;2,92726;0;0
;2,17500;2,88196;2,93084;0;0
;2,17550;2,86722;2,93397;0;0
;2,17600;2,86274;2,93645;0;0
;2,17650;2,90951;2,93814;0;0
;2,17700;2,89029;2,93902;0;0
;2,17750;2,88772;2,93910;0;0
;2,17800;2,88965;2,93846;0;0
;2,17850;2,90246;2,93714;0;0
;2,17900;2,93578;2,93526;0;0
;2,17950;2,97934;2,93300;0;0
;2,18000;2,94795;2,93063;0;0
;2,18050;2,96653;2,92835;0;0
;2,18100;2,99921;2,92637;0;0
;2,18150;2,97742;2,92485;0;0
;2,18200;2,95884;2,92393;0;0
;2,18250;2,94923;2,92362;0;0
;2,18300;2,91399;2,92388;0;0
;2,18350;2,94026;2,92458;0;0
;2,18400;2,91527;2,92558;0;0
;2,18450;2,88580;2,92675;0;0
;2,18500;2,81597;2,92788;0;0
;2,18550;2,89605;2,92874;0;0
;2,18600;2,79675;2,92910;0;0
;2,18650;2,81148;2,92878;0;0
;2,18700;2,77432;2,92760;0;0
;2,18750;2,78201;2,92537;0;0
;2,18800;2,78073;2,92199;0;0
;2,18850;2,77688;2,91745;0;0
;2,18900;2,73140;2,91175;0;0
;2,18950;2,92489;2,90500;0;0
;2,19000;2,87619;2,89750;0;0
;2,19050;2,91592;2,88971;0;0
;2,19100;2,83070;2,88202;0;0
;2,19150;2,88580;2,87469;0;0
;2,19200;2,80828;2,86789;0;0
;2,19250;2,86402;2,86166;0;0
;2,19300;2,80123;2,85604;0;0
;2,19350;2,85377;2,85100;0;0
;2,19400;2,80892;2,84653;0;0
;2,19450;2,86338;2,84260;0;0
;2,19500;2,74998;2,83917;0;0
;2,19550;2,78778;2,83614;0;0
;2,19600;2,76151;2,83334;0;0
;2,19650;2,77817;2,83060;0;0
;2,19700;2,75959;2,82784;0;0
;2,19750;2,75318;2,82495;0;0
;2,19800;2,67822;2,82184;0;0
;2,19850;2,80379;2,81839;0;0
;2,19900;2,80059;2,81462;0;0
;2,19950;2,79290;2,81066;0;0
;2,20000;2,73460;2,80665;0;0
;2,20050;2,78329;2,80266;0;0
;2,20100;2,77496;2,79871;0;0
;2,20150;2,79867;2,79488;0;0
;2,20200;2,69359;2,79123;0;0
;2,20250;2,71922;2,78770;0;0
;2,20300;2,68911;2,78417;0;0
;2,20350;2,70385;2,78051;0;0
;2,20400;2,58788;2,77659;0;0
;2,20450;2,66284;2,77223;0;0
;2,20500;2,57507;2,76724;0;0
;2,20550;2,67950;2,76152;0;0
;2,20600;2,58980;2,75504;0;0
;2,20650;2,61415;2,74785;0;0
;2,20700;2,64554;2,73999;0;0
;2,20750;2,71025;2,73161;0;0
;2,20800;2,69231;2,72299;0;0
;2,20850;2,72371;2,71447;0;0
;2,20900;2,73332;2,70634;0;0
;2,20950;2,67694;2,69888;0;0
;2,21000;2,61159;2,69220;0;0
;2,21050;2,66476;2,68624;0;0
;2,21100;2,59813;2,68089;0;0
;2,21150;2,54175;2,67599;0;0
;2,21200;2,41553;2,67125;0;0
;2,21250;2,46999;2,66621;0;0
;2,21300;2,38350;2,66044;0;0
;2,21350;2,35274;2,65355;0;0
;2,21400;2,44757;2,64525;0;0
;2,21450;2,40208;2,63544;0;0
;2,21500;2,34185;2,62415;0;0
;2,21550;2,43283;2,61146;0;0
;2,21600;2,37581;2,59751;0;0
;2,21650;2,44180;2,58257;0;0
;2,21700;2,44949;2,56695;0;0
;2,21750;2,49626;2,55106;0;0
;2,21800;2,46423;2,53535;0;0
;2,21850;2,53278;2,52022;0;0
;2,21900;2,41810;2,50604;0;0
;2,21950;2,46615;2,49300;0;0
;2,22000;2,40656;2,48119;0;0
;2,22050;2,43347;2,47060;0;0
;2,22100;2,35467;2,46115;0;0
;2,22150;2,34185;2,45268;0;0
;2,22200;2,28291;2,44493;0;0
;2,22250;2,28355;2,43758;0;0
;2,22300;2,21564;2,43031;0;0
;2,22350;2,24126;2,42280;0;0
;2,22400;2,17784;2,41477;0;0
;2,22450;2,20026;2,40601;0;0
;2,22500;2,19321;2,39637;0;0
;2,22550;2,22140;2,38581;0;0
;2,22600;2,23101;2,37443;0;0
;2,22650;2,30726;2,36243;0;0
;2,22700;2,24767;2,35014;0;0
;2,22750;2,24895;2,33785;0;0
;2,22800;2,22845;2,32579;0;0
;2,22850;2,20090;2,31408;0;0
;2,22900;2,20026;2,30278;0;0
;2,22950;2,18104;2,29190;0;0
;2,23000;2,16823;2,28142;0;0
;2,23050;2,10159;2,27130;0;0
;2,23100;2,11569;2,26140;0;0
;2,23150;2,02727;2,25155;0;0
;2,23200;2,00549;2,24152;0;0
;2,23250;2,01190;2,23105;0;0
;2,23300;1,98627;2,21995;0;0
;2,23350;1,94719;2,20808;0;0
;2,23400;1,97986;2,19536;0;0
;2,23450;2,03945;2,18180;0;0
;2,23500;1,99652;2,16757;0;0
;2,23550;2,04009;2,15293;0;0
;2,23600;2,04649;2,13815;0;0
;2,23650;2,06892;2,12355;0;0
;2,23700;2,04009;2,10944;0;0
;2,23750;1,96000;2,09604;0;0
;2,23800;1,99588;2,08341;0;0
;2,23850;1,92861;2,07150;0;0
;2,23900;1,91003;2,06022;0;0
;2,23950;1,84467;2,04940;0;0
;2,24000;1,86646;2,03878;0;0
;2,24050;1,82738;2,02815;0;0
;2,24100;1,77484;2,01731;0;0
;2,24150;1,72871;2,00603;0;0
;2,24200;1,74857;1,99408;0;0
;2,24250;1,72999;1,98127;0;0
;2,24300;1,78701;1,96758;0;0
;2,24350;1,79214;1,95311;0;0
;2,24400;1,79919;1,93809;0;0
;2,24450;1,88632;1,92284;0;0
;2,24500;1,90746;1,90779;0;0
;2,24550;1,86518;1,89339;0;0
;2,24600;1,92476;1,88006;0;0
;2,24650;1,85621;1,86809;0;0
;2,24700;1,85236;1,85764;0;0
;2,24750;1,79662;1,84872;0;0
;2,24800;1,72743;1,84118;0;0
;2,24850;1,68899;1,83469;0;0
;2,24900;1,76331;1,82888;0;0
;2,24950;1,65375;1,82342;0;0
;2,25000;1,67745;1,81803;0;0
;2,25050;1,61595;1,81243;0;0
;2,25100;1,68963;1,80638;0;0
;2,25150;1,57558;1,79970;0;0
;2,25200;1,62171;1,79227;0;0
;2,25250;1,56789;1,78397;0;0
;2,25300;1,62492;1,77476;0;0
;2,25350;1,58840;1,76466;0;0
;2,25400;1,62363;1,75378;0;0
;2,25450;1,63325;1,74232;0;0
;2,25500;1,67297;1,73051;0;0
;2,25550;1,65759;1,71866;0;0
;2,25600;1,66784;1,70707;0;0
;2,25650;1,60377;1,69598;0;0
;2,25700;1,66208;1,68552;0;0
;2,25750;1,58327;1,67576;0;0
;2,25800;1,61274;1,66673;0;0
;2,25850;1,48781;1,65835;0;0
;2,25900;1,58135;1,65044;0;0
;2,25950;1,45321;1,64282;0;0
;2,26000;1,48396;1,63528;0;0
;2,26050;1,47884;1,62759;0;0
;2,26100;1,51984;1,61962;0;0
;2,26150;1,42374;1,61134;0;0
;2,26200;1,49357;1,60272;0;0
;2,26250;1,45513;1,59373;0;0
;2,26300;1,51344;1,58445;0;0
;2,26350;1,41669;1,57496;0;0
;2,26400;1,49614;1,56536;0;0
;2,26450;1,46474;1,55573;0;0
;2,26500;1,50703;1,54621;0;0
;2,26550;1,45129;1,53693;0;0
;2,26600;1,50639;1,52803;0;0
;2,26650;1,38530;1,51957;0;0
;2,26700;1,43207;1,51153;0;0
;2,26750;1,35903;1,50380;0;0
;2,26800;1,40708;1,49626;0;0
;2,26850;1,41349;1,48880;0;0
;2,26900;1,40516;1,48144;0;0
;2,26950;1,34109;1,47416;0;0
;2,27000;1,33660;1,46692;0;0
;2,27050;1,30329;1,45958;0;0
;2,27100;1,33020;1,45201;0;0
;2,27150;1,26485;1,44413;0;0
;2,27200;1,30585;1,43584;0;0
;2,27250;1,29240;1,42713;0;0
;2,27300;1,38402;1,41804;0;0
;2,27350;1,31162;1,40877;0;0
;2,27400;1,34621;1,39951;0;0
;2,27450;1,32956;1,39043;0;0
;2,27500;1,35839;1,38166;0;0
;2,27550;1,29944;1,37334;0;0
;2,27600;1,32956;1,36554;0;0
;2,27650;1,26228;1,35826;0;0
;2,27700;1,28983;1,35144;0;0
;2,27750;1,27702;1,34502;0;0
;2,27800;1,25011;1,33891;0;0
;2,27850;1,21936;1,33303;0;0
;2,27900;1,22769;1,32723;0;0
;2,27950;1,12325;1,32136;0;0
;2,28000;1,21936;1,31523;0;0
;2,28050;1,13286;1,30867;0;0
;2,28100;1,17066;1,30162;0;0
;2,28150;1,14696;1,29400;0;0
;2,28200;1,17259;1,28584;0;0
;2,28250;1,13863;1,27719;0;0
;2,28300;1,18412;1,26812;0;0
;2,28350;1,17579;1,25879;0;0
;2,28400;1,17002;1,24935;0;0
;2,28450;1,14183;1,23996;0;0
;2,28500;1,17002;1,23071;0;0
;2,28550;1,12517;1,22170;0;0
;2,28600;1,22705;1,21300;0;0
;2,28650;1,15272;1,20476;0;0
;2,28700;1,17195;1,19709;0;0
;2,28750;1,09762;1,19004;0;0
;2,28800;1,10467;1,18355;0;0
;2,28850;1,04060;1,17744;0;0
;2,28900;1,10916;1,17156;0;0
;2,28950;1,02138;1,16573;0;0
;2,29000;1,07200;1,15985;0;0
;2,29050;1,01177;1,15379;0;0
;2,29100;1,06303;1,14749;0;0
;2,29150;0,96564;1,14088;0;0
;2,29200;1,01946;1,13389;0;0
;2,29250;0,95411;1,12645;0;0
;2,29300;1,02202;1,11853;0;0
;2,29350;0,98743;1,11015;0;0
;2,29400;1,01818;1,10142;0;0
;2,29450;1,01369;1,09247;0;0
;2,29500;1,04381;1,08346;0;0
;2,29550;0,99127;1,07457;0;0
;2,29600;1,04637;1,06597;0;0
;2,29650;1,03291;1,05777;0;0
;2,29700;1,03291;1,05011;0;0
;2,29750;0,95283;1,04309;0;0
;2,29800;1,00280;1,03666;0;0
;2,29850;0,87338;1,03071;0;0
;2,29900;0,86954;1,02503;0;0
;2,29950;0,91695;1,01933;0;0
;2,30000;0,86633;1,01341;0;0
;2,30050;0,84263;1,00713;0;0
;2,30100;0,89581;1,00039;0;0
;2,30150;0,84583;0,99313;0;0
;2,30200;0,89517;0,98538;0;0
;2,30250;0,86697;0,97721;0;0
;2,30300;0,87979;0,96873;0;0
;2,30350;0,84199;0,96006;0;0
;2,30400;0,87402;0,95126;0;0
;2,30450;0,87851;0,94245;0;0
;2,30500;0,88620;0,93374;0;0
;2,30550;0,87146;0,92530;0;0
;2,30600;0,90414;0,91724;0;0
;2,30650;0,84968;0,90968;0;0
;2,30700;0,87659;0,90267;0;0
;2,30750;0,78497;0,89621;0;0
;2,30800;0,79970;0,89019;0;0
;2,30850;0,83878;0,88446;0;0
;2,30900;0,76703;0,87892;0;0
;2,30950;0,81316;0,87350;0;0
;2,31000;0,77471;0,86813;0;0
;2,31050;0,78240;0,86273;0;0
;2,31100;0,77471;0,85728;0;0
;2,31150;0,70680;0,85171;0;0
;2,31200;0,70616;0,84592;0;0
;2,31250;0,72923;0,83977;0;0
;2,31300;0,75549;0,83322;0;0
;2,31350;0,77343;0,82634;0;0
;2,31400;0,78048;0,81927;0;0
;2,31450;0,84199;0,81225;0;0
;2,31500;0,73948;0,80548;0;0
;2,31550;0,76062;0,79911;0;0
;2,31600;0,80931;0,79320;0;0
;2,31650;0,73691;0,78779;0;0
;2,31700;0,70808;0,78288;0;0
;2,31750;0,67349;0,77836;0;0
;2,31800;0,60429;0,77399;0;0
;2,31850;0,69719;0,76952;0;0
;2,31900;0,66836;0,76478;0;0
;2,31950;0,63568;0,75970;0;0
;2,32000;0,67028;0,75425;0;0
;2,32050;0,66131;0,74843;0;0
;2,32100;0,65170;0,74227;0;0
;2,32150;0,65106;0,73584;0;0
;2,32200;0,64786;0,72920;0;0
;2,32250;0,64594;0,72240;0;0
;2,32300;0,65298;0,71552;0;0
;2,32350;0,65426;0,70863;0;0
;2,32400;0,66195;0,70185;0;0
;2,32450;0,71321;0,69528;0;0
;2,32500;0,66003;0,68910;0;0
;2,32550;0,70744;0,68343;0;0
;2,32600;0,64722;0,67837;0;0
;2,32650;0,68245;0,67395;0;0
;2,32700;0,66131;0,67016;0;0
;2,32750;0,67797;0,66699;0;0
;2,32800;0,64594;0,66439;0;0
;2,32850;0,60237;0,66230;0;0
;2,32900;0,62095;0,66055;0;0
;2,32950;0,60557;0,65897;0;0
;2,33000;0,59084;0,65741;0;0
;2,33050;0,65106;0,65576;0;0
;2,33100;0,60877;0,65399;0;0
;2,33150;0,61326;0,65210;0;0
;2,33200;0,57930;0,65006;0;0
;2,33250;0,63120;0,64785;0;0
;2,33300;0,62736;0,64545;0;0
;2,33350;0,60621;0,64295;0;0
;2,33400;0,61518;0,64038;0;0
;2,33450;0,61903;0,63779;0;0
;2,33500;0,59212;0,63519;0;0
;2,33550;0,59019;0,63260;0;0
;2,33600;0,55688;0,62997;0;0
;2,33650;0,57546;0,62725;0;0
;2,33700;0,54471;0,62437;0;0
;2,33750;0,62543;0,62130;0;0
;2,33800;0,52997;0,61806;0;0
;2,33850;0,58251;0,61470;0;0
;2,33900;0,50498;0,61119;0;0
;2,33950;0,56905;0,60749;0;0
;2,34000;0,50562;0,60358;0;0
;2,34050;0,57290;0,59945;0;0
;2,34100;0,49089;0,59513;0;0
;2,34150;0,52805;0,59061;0;0
;2,34200;0,50306;0,58589;0;0
;2,34250;0,50819;0,58097;0;0
;2,34300;0,44091;0,57583;0;0
;2,34350;0,51716;0,57043;0;0
;2,34400;0,52228;0,56479;0;0
;2,34450;0,55047;0,55903;0;0
;2,34500;0,47103;0,55330;0;0
;2,34550;0,56585;0,54773;0;0
;2,34600;0,50434;0,54239;0;0
;2,34650;0,53381;0,53740;0;0
;2,34700;0,52164;0,53283;0;0
;2,34750;0,52741;0,52871;0;0
;2,34800;0,46974;0,52507;0;0
;2,34850;0,52036;0,52184;0;0
;2,34900;0,45629;0,51897;0;0
;2,34950;0,53510;0,51637;0;0
;2,35000;0,46334;0,51402;0;0
;2,35050;0,52036;0,51187;0;0
;2,35100;0,46782;0,50991;0;0
;2,35150;0,48320;0,50809;0;0
;2,35200;0,44219;0,50635;0;0
;2,35250;0,51075;0,50460;0;0
;2,35300;0,43771;0,50283;0;0
;2,35350;0,48256;0,50099;0;0
;2,35400;0,44412;0,49907;0;0
;2,35450;0,49601;0,49704;0;0
;2,35500;0,44348;0,49493;0;0
;2,35550;0,47359;0,49274;0;0
;2,35600;0,47231;0,49049;0;0
;2,35650;0,51587;0,48825;0;0
;2,35700;0,44796;0,48608;0;0
;2,35750;0,44732;0,48403;0;0
;2,35800;0,44091;0,48205;0;0
;2,35850;0,47871;0,48010;0;0
;2,35900;0,44412;0,47816;0;0
;2,35950;0,44668;0,47624;0;0
;2,36000;0,42297;0,47432;0;0
;2,36050;0,41144;0,47233;0;0
;2,36100;0,38261;0,47019;0;0
;2,36150;0,41721;0,46781;0;0
;2,36200;0,34673;0,46509;0;0
;2,36250;0,36147;0,46197;0;0
;2,36300;0,36659;0,45834;0;0
;2,36350;0,40760;0,45418;0;0
;2,36400;0,33071;0,44956;0;0
;2,36450;0,40696;0,44452;0;0
;2,36500;0,32110;0,43914;0;0
;2,36550;0,35570;0,43346;0;0
;2,36600;0,37236;0,42750;0;0
;2,36650;0,40375;0,42139;0;0
;2,36700;0,35826;0,41526;0;0
;2,36750;0,38517;0,40927;0;0
;2,36800;0,33071;0,40348;0;0
;2,36850;0,39350;0,39794;0;0
;2,36900;0,42618;0,39273;0;0
;2,36950;0,38197;0,38798;0;0
;2,37000;0,36723;0,38379;0;0
;2,37050;0,40439;0,38019;0;0
;2,37100;0,43643;0,37720;0;0
;2,37150;0,37492;0,37488;0;0
;2,37200;0,36659;0,37324;0;0
;2,37250;0,36531;0,37216;0;0
;2,37300;0,35634;0,37153;0;0
;2,37350;0,34929;0,37121;0;0
;2,37400;0,34289;0,37106;0;0
;2,37450;0,35122;0,37098;0;0
;2,37500;0,28843;0,37084;0;0
;2,37550;0,35186;0,37052;0;0
;2,37600;0,26152;0,36990;0;0
;2,37650;0,27177;0,36885;0;0
;2,37700;0,32238;0,36725;0;0
;2,37750;0,26793;0,36506;0;0
;2,37800;0,25255;0,36225;0;0
;2,37850;0,29483;0,35882;0;0
;2,37900;0,28587;0,35479;0;0
;2,37950;0,27049;0,35024;0;0
;2,38000;0,23077;0,34525;0;0
;2,38050;0,37236;0,33989;0;0
;2,38100;0,30124;0,33434;0;0
;2,38150;0,29483;0,32882;0;0
;2,38200;0,23653;0,32345;0;0
;2,38250;0,29740;0,31824;0;0
;2,38300;0,28843;0,31321;0;0
;2,38350;0,26344;0,30842;0;0
;2,38400;0,26985;0,30389;0;0
;2,38450;0,25575;0,29961;0;0
;2,38500;0,27049;0,29558;0;0
;2,38550;0,26472;0,29179;0;0
;2,38600;0,29099;0,28825;0;0
;2,38650;0,19425;0,28496;0;0
;2,38700;0,18976;0,28183;0;0
;2,38750;0,22884;0,27872;0;0
;2,38800;0,21026;0,27549;0;0
;2,38850;0,24999;0,27214;0;0
;2,38900;0,21859;0,26868;0;0
;2,38950;0,24806;0,26516;0;0
;2,39000;0,20834;0,26163;0;0
;2,39050;0,27497;0,25815;0;0
;2,39100;0,26921;0,25480;0;0
;2,39150;0,24870;0,25171;0;0
;2,39200;0,23909;0,24894;0;0
;2,39250;0,27561;0,24654;0;0
;2,39300;0,26793;0,24454;0;0
;2,39350;0,24614;0,24298;0;0
;2,39400;0,26600;0,24187;0;0
;2,39450;0,21219;0,24115;0;0
;2,39500;0,25319;0,24076;0;0
;2,39550;0,18528;0,24059;0;0
;2,39600;0,21667;0,24052;0;0
;2,39650;0,20193;0,24040;0;0
;2,39700;0,17951;0,24013;0;0
;2,39750;0,22564;0,23963;0;0
;2,39800;0,20578;0,23885;0;0
;2,39850;0,18784;0,23780;0;0
;2,39900;0,20642;0,23647;0;0
;2,39950;0,19681;0,23487;0;0
;2,40000;0,27049;0,23304;0;0
;2,40050;0,20450;0,23109;0;0
;2,40100;0,21154;0,22915;0;0
;2,40150;0,18015;0,22721;0;0
;2,40200;0,21795;0,22528;0;0
;2,40250;0,20193;0,22335;0;0
;2,40300;0,23781;0,22144;0;0
;2,40350;0,20065;0,21963;0;0
;2,40400;0,21539;0,21793;0;0
;2,40450;0,21987;0,21639;0;0
;2,40500;0,18079;0,21500;0;0
;2,40550;0,16926;0,21371;0;0
;2,40600;0,24742;0,21248;0;0
;2,40650;0,18464;0,21131;0;0
;2,40700;0,20257;0,21021;0;0
;2,40750;0,12954;0,20915;0;0
;2,40800;0,17631;0,20804;0;0
;2,40850;0,11864;0,20675;0;0
;2,40900;0,23717;0,20522;0;0
;2,40950;0,11672;0,20346;0;0
;2,41000;0,19489;0,20149;0;0
;2,41050;0,16157;0,19934;0;0
;2,41100;0,24806;0,19708;0;0
;2,41150;0,16413;0,19483;0;0
;2,41200;0,20770;0,19270;0;0
;2,41250;0,11736;0,19072;0;0
;2,41300;0,19553;0,18885;0;0
;2,41350;0,13979;0,18704;0;0
;2,41400;0,18015;0,18528;0;0
;2,41450;0,17631;0,18355;0;0
;2,41500;0,21731;0,18190;0;0
;2,41550;0,15068;0,18040;0;0
;2,41600;0,19361;0,17908;0;0
;2,41650;0,17631;0,17795;0;0
;2,41700;0,23077;0,17703;0;0
;2,41750;0,11160;0,17634;0;0
;2,41800;0,22948;0,17586;0;0
;2,41850;0,15644;0,17556;0;0
;2,41900;0,20770;0,17543;0;0
;2,41950;0,20257;0,17547;0;0
;2,42000;0,22500;0,17573;0;0
;2,42050;0,22372;0,17627;0;0
;2,42100;0,26280;0,17715;0;0
;2,42150;0,14363;0,17843;0;0
;2,42200;0,18784;0,18001;0;0
;2,42250;0,13851;0,18175;0;0
;2,42300;0,19809;0,18347;0;0
;2,42350;0,12954;0,18505;0;0
;2,42400;0,21731;0,18640;0;0
;2,42450;0,14363;0,18748;0;0
;2,42500;0,18528;0,18828;0;0
;2,42550;0,16541;0,18879;0;0
;2,42600;0,21603;0,18903;0;0
;2,42650;0,15644;0,18904;0;0
;2,42700;0,19361;0,18887;0;0
;2,42750;0,11608;0,18852;0;0
;2,42800;0,12889;0,18794;0;0
;2,42850;0,12697;0,18702;0;0
;2,42900;0,19873;0,18572;0;0
;2,42950;0,15644;0,18411;0;0
;2,43000;0,19681;0,18229;0;0
;2,43050;0,14555;0,18038;0;0
;2,43100;0,15709;0,17843;0;0
;2,43150;0,13274;0,17645;0;0
;2,43200;0,15004;0,17444;0;0
;2,43250;0,13594;0,17237;0;0
;2,43300;0,22308;0,17028;0;0
;2,43350;0,11864;0,16825;0;0
;2,43400;0,19232;0,16635;0;0
;2,43450;0,15004;0,16461;0;0
;2,43500;0,23461;0,16308;0;0
;2,43550;0,15580;0,16186;0;0
;2,43600;0,18464;0,16100;0;0
;2,43650;0,10327;0,16046;0;0
;2,43700;0,16157;0,16014;0;0
;2,43750;0,12825;0,15992;0;0
;2,43800;0,17374;0,15972;0;0
;2,43850;0,09814;0,15951;0;0
;2,43900;0,19361;0,15923;0;0
;2,43950;0,10006;0,15886;0;0
;2,44000;0,13338;0,15838;0;0
;2,44050;0,12249;0,15773;0;0
;2,44100;0,21539;0,15691;0;0
;2,44150;0,13082;0,15601;0;0
;2,44200;0,17310;0,15512;0;0
;2,44250;0,11031;0,15428;0;0
;2,44300;0,16349;0,15346;0;0
;2,44350;0,08020;0,15264;0;0
;2,44400;0,21859;0,15177;0;0
;2,44450;0,15004;0,15091;0;0
;2,44500;0,14619;0,15014;0;0
;2,44550;0,13402;0,14948;0;0
;2,44600;0,10967;0,14889;0;0
;2,44650;0,07892;0,14828;0;0
;2,44700;0,13018;0,14753;0;0
;2,44750;0,12889;0,14658;0;0
;2,44800;0,13146;0,14544;0;0
;2,44850;0,11608;0,14415;0;0
;2,44900;0,14107;0,14275;0;0
;2,44950;0,08533;0,14126;0;0
;2,45000;0,11352;0,13968;0;0
;2,45050;0,09622;0,13796;0;0
;2,45100;0,11096;0,13612;0;0
;2,45150;0,07636;0,13413;0;0
;2,45200;0,06803;0,13197;0;0
;2,45250;0,13722;0,12963;0;0
;2,45300;0,12249;0,12715;0;0
;2,45350;0,08341;0,12463;0;0
;2,45400;0,16285;0,12216;0;0
;2,45450;0,08084;0,11981;0;0
;2,45500;0,10775;0,11762;0;0
;2,45550;0,08725;0,11560;0;0
;2,45600;0,06739;0,11369;0;0
;2,45650;0,05586;0,11183;0;0
;2,45700;0,08661;0,10993;0;0
;2,45750;0,06611;0,10795;0;0
;2,45800;0,14555;0,10590;0;0
;2,45850;0,06675;0,10387;0;0
;2,45900;0,04689;0,10189;0;0
;2,45950;0,03407;0,09992;0;0
;2,46000;0,07636;0,09785;0;0
;2,46050;0,03920;0,09565;0;0
;2,46100;0,07380;0,09330;0;0
;2,46150;0,03663;0,09083;0;0
;2,46200;0,07572;0,08825;0;0
;2,46250;0,05393;0,08560;0;0
;2,46300;0,02702;0,08289;0;0
;2,46350;0,04753;0,08015;0;0
;2,46400;0,05201;0,07735;0;0
;2,46450;0,09238;0,07454;0;0
;2,46500;0,03984;0,07181;0;0
;2,46550;0,05650;0,06922;0;0
;2,46600;0,07700;0,06680;0;0
;2,46650;0,07380;0,06459;0;0
;2,46700;0,09622;0,06266;0;0
;2,46750;0,03663;0,06106;0;0
;2,46800;0,01805;0,05977;0;0
;2,46850;0,08084;0,05871;0;0
;2,46900;0,05329;0,05782;0;0
;2,46950;0,05906;0,05709;0;0
;2,47000;0,05393;0,05653;0;0
;2,47050;0,06803;0,05610;0;0
;2,47100;0,05586;0,05581;0;0
;2,47150;0,03215;0,05564;0;0
;2,47200;0,03087;0,05552;0;0
;2,47250;0,04881;0,05538;0;0
;2,47300;0,05137;0,05519;0;0
;2,47350;0,06418;0,05495;0;0
;2,47400;0,04176;0,05467;0;0
;2,47450;0,07315;0,05439;0;0
;2,47500;0,03471;0,05411;0;0
;2,47550;0,07572;0,05386;0;0
;2,47600;0,05073;0,05364;0;0
;2,47650;0,11416;0,05350;0;0
;2,47700;0,10135;0,05353;0;0
;2,47750;0,11480;0,05383;0;0
;2,47800;0,02446;0,05447;0;0
;2,47850;0,04753;0,05538;0;0
;2,47900;0,05714;0,05644;0;0
;2,47950;0,11160;0,05755;0;0
;2,48000;0,04304;0,05873;0;0
;2,48050;0,08789;0,05995;0;0
;2,48100;0,06354;0,06119;0;0
;2,48150;0,05906;0,06243;0;0
;2,48200;0,04881;0,06362;0;0
;2,48250;0,04112;0,06469;0;0
;2,48300;0,02767;0,06556;0;0
;2,48350;0,05522;0,06616;0;0
;2,48400;0,02510;0,06645;0;0
;2,48450;0,09302;0,06643;0;0
;2,48500;0,04432;0,06616;0;0
;2,48550;0,11800;0,06571;0;0
;2,48600;0,09366;0,06523;0;0
;2,48650;0,09750;0,06484;0;0
;2,48700;0,13018;0,06467;0;0
;2,48750;0,11736;0,06481;0;0
;2,48800;0,04176;0,06533;0;0
;2,48850;0,09622;0,06618;0;0
;2,48900;0,08020;0,06727;0;0
;2,48950;0,12569;0,06856;0;0
;2,49000;0,03279;0,07002;0;0
;2,49050;0,13210;0,07161;0;0
;2,49100;0,11224;0,07328;0;0
;2,49150;0,06611;0,07506;0;0
;2,49200;0,03215;0,07688;0;0
;2,49250;0,12185;0,07862;0;0
;2,49300;0,06290;0,08021;0;0
;2,49350;0,12889;0,08166;0;0
;2,49400;0,10775;0,08302;0;0
;2,49450;0,13338;0,08435;0;0
;2,49500;0,06739;0,08571;0;0
;2,49550;0,13082;0,08710;0;0
;2,49600;0,09045;0,08851;0;0
;2,49650;0,08725;0,08992;0;0
;2,49700;0,04112;0,09126;0;0
;2,49750;0,13210;0,09245;0;0
;2,49800;0,01998;0,09344;0;0
;2,49850;0,13786;0,09419;0;0
;2,49900;0,05329;0,09470;0;0
;2,49950;0,12569;0,09499;0;0
;2,50000;0,04496;0,09510;0;0
;2,50050;0,14427;0,09504;0;0
;2,50100;0,03663;0,09486;0;0
;2,50150;0,07700;0,09456;0;0
;2,50200;0,03087;0,09407;0;0
;2,50250;0,11608;0,09336;0;0
;2,50300;0,08341;0,09245;0;0
;2,50350;0,10839;0,09143;0;0
;2,50400;0,08276;0,09040;0;0
;2,50450;0,13979;0,08942;0;0
;2,50500;0,08981;0,08859;0;0
;2,50550;0,13530;0,08798;0;0
;2,50600;0,08148;0,08764;0;0
;2,50650;0,08276;0,08756;0;0
;2,50700;0,06034;0,08766;0;0
;2,50750;0,16477;0,08789;0;0
;2,50800;0,05073;0,08824;0;0
;2,50850;0,10199;0,08872;0;0
;2,50900;0,14491;0,08928;0;0
;2,50950;0,08148;0,08995;0;0
;2,51000;0,04304;0,09072;0;0
;2,51050;0,11288;0,09149;0;0
;2,51100;0,08917;0,09219;0;0
;2,51150;0,11993;0,09283;0;0
;2,51200;0,05073;0,09341;0;0
;2,51250;0,08084;0,09390;0;0
;2,51300;0,07251;0,09423;0;0
;2,51350;0,09814;0,09438;0;0
;2,51400;0,04112;0,09433;0;0
;2,51450;0,08533;0,09408;0;0
;2,51500;0,14812;0,09362;0;0
;2,51550;0,08212;0,09307;0;0
;2,51600;0,02767;0,09249;0;0
;2,51650;0,11993;0,09187;0;0
;2,51700;0,06098;0,09117;0;0
;2,51750;0,08789;0,09041;0;0
;2,51800;0,09109;0,08961;0;0
;2,51850;0,08789;0,08881;0;0
;2,51900;0,08148;0,08804;0;0
;2,51950;0,11672;0,08731;0;0
;2,52000;0,08853;0,08669;0;0
;2,52050;0,09302;0,08621;0;0
;2,52100;0,10327;0,08588;0;0
;2,52150;0,10455;0,08571;0;0
;2,52200;0,05842;0,08570;0;0
;2,52250;0,05073;0,08580;0;0
;2,52300;0,04881;0,08588;0;0
;2,52350;0,07572;0,08584;0;0
;2,52400;0,04881;0,08563;0;0
;2,52450;0,09494;0,08523;0;0
;2,52500;0,05073;0,08465;0;0
;2,52550;0,05778;0,08392;0;0
;2,52600;0,08533;0,08303;0;0
;2,52650;0,08661;0,08202;0;0
;2,52700;0,08405;0,08097;0;0
;2,52750;0,06162;0,07993;0;0
;2,52800;0,07123;0,07893;0;0
;2,52850;0,06034;0,07796;0;0
;2,52900;0,07508;0,07700;0;0
;2,52950;0,06162;0,07608;0;0
;2,53000;0,04048;0,07516;0;0
;2,53050;0,04240;0,07422;0;0
;2,53100;0,09430;0,07322;0;0
;2,53150;0,03792;0,07218;0;0
;2,53200;0,03728;0,07110;0;0
;2,53250;0,05073;0,06997;0;0
;2,53300;0,03343;0,06874;0;0
;2,53350;0,03215;0,06739;0;0
;2,53400;0,06098;0,06593;0;0
;2,53450;0,03151;0,06435;0;0
;2,53500;-0,00053;0,06268;0;0
;2,53550;0,05329;0,06088;0;0
;2,53600;0,04304;0,05896;0;0
;2,53650;0,02126;0,05695;0;0
;2,53700;0,06803;0,05491;0;0
;2,53750;0,00844;0,05287;0;0
;2,53800;0,04496;0,05087;0;0
;2,53850;0,03856;0,04892;0;0
;2,53900;-0,01462;0,04702;0;0
;2,53950;0,05778;0,04515;0;0
;2,54000;0,00588;0,04330;0;0
;2,54050;0,10711;0,04152;0;0
;2,54100;0,07380;0,03992;0;0
;2,54150;0,03856;0,03862;0;0
;2,54200;0,03215;0,03767;0;0
;2,54250;0,06034;0,03703;0;0
;2,54300;0,07700;0,03668;0;0
;2,54350;0,05009;0,03664;0;0
;2,54400;0,08276;0,03693;0;0
;2,54450;0,06739;0,03755;0;0
;2,54500;0,05201;0,03849;0;0
;2,54550;0,06483;0,03970;0;0
;2,54600;0,11352;0,04116;0;0
;2,54650;0,04625;0,04286;0;0
;2,54700;0,07315;0,04479;0;0
;2,54750;0,05009;0,04687;0;0
;2,54800;0,05457;0,04901;0;0
;2,54850;0,04496;0,05114;0;0
;2,54900;0,06226;0,05316;0;0
;2,54950;0,02702;0,05502;0;0
