University of Stuttgart - IFT;time [s];force unfiltered [kN];force filtered [kN];drop no.;displacement [mm]
Date:;0,05000;0,03200;0,00000;1,00000;2268,00000
;0,05100;0,06400;0,00000;1,00000;2256,00000
Tester:;0,05100;0,00200;0,00000;0,00000;2242,00000
;0,05200;0,00100;0,00100;0,00000;2228,00000
;0,05200;-0,00700;0,00100;0,00000;2208,00000
Order-no:;0,05300;-0,00500;0,00200;0,00000;2187,00000
;0,05300;0,04400;0,00300;0,00000;2165,00000
Rope-no.:;0,05400;-0,02500;0,00400;0,00000;2142,00000
;0,05400;0,00500;0,00400;0,00000;2116,00000
Rope type:;0,05500;0,03600;0,00500;0,00000;2089,00000
Einfachseil;0,05500;-0,02800;0,00600;0,00000;2060,00000
Client:;0,05600;-0,01600;0,00600;0,00000;2026,00000
;0,05600;0,08000;0,00700;0,00000;1995,00000
Model:;0,05700;0,02300;0,00700;0,00000;1959,00000
;0,05700;-0,00900;0,00800;0,00000;1922,00000
Rope diameter:;0,05800;-0,04100;0,00800;0,00000;1882,00000
9.8 mm;0,05800;0,03900;0,00900;0,00000;1841,00000
Drop mass:;0,05900;-0,02700;0,00900;0,00000;1798,00000
80 kg;0,05900;0,03200;0,00900;0,00000;1754,00000
;0,06000;-0,05500;0,00900;0,00000;1708,00000
Force max. filtered;0,06000;0,03000;0,00900;0,00000;1659,00000
8,35 kN;0,06100;0,00400;0,00900;0,00000;1608,00000
;0,06100;-0,00300;0,00900;0,00000;1552,00000
Force max. unfiltered:;0,06200;0,02700;0,00800;0,00000;1498,00000
8,71 kN;0,06200;0,02300;0,00800;0,00000;1441,00000
;0,06300;-0,00900;0,00700;0,00000;1383,00000
Dynamic Elongation:;0,06300;0,01600;0,00700;0,00000;1322,00000
32,03%;0,06400;0,00100;0,00700;0,00000;1260,00000
;0,06400;0,04800;0,00600;0,00000;1190,00000
Static Elongation:;0,06500;-0,05600;0,00600;0,00000;1124,00000
6,00%;0,06500;0,01300;0,00600;0,00000;1056,00000
;0,06600;-0,00500;0,00600;0,00000;986,00000
"Number of
drops without breakage:";0,06600;0,06600;0,00600;0,00000;914,00000
;0,06700;0,00200;0,00600;0,00000;840,00000
;0,06700;0,03300;0,00600;0,00000;764,00000
H0 / Hmax:;0,06800;-0,03800;0,00600;0,00000;687,00000
-2504 mm / -3402 mm;0,06800;0,01600;0,00600;0,00000;607,00000
;0,06900;0,03300;0,00600;0,00000;526,00000
Comment:;0,06900;0,06000;0,00700;0,00000;443,00000
"before testing:      after testing: ";0,07000;-0,02300;0,00700;0,00000;358,00000
;0,07000;-0,00600;0,00800;0,00000;270,00000
Ambient temperature:;0,07100;-0,01900;0,00800;0,00000;181,00000
;0,07100;0,00900;0,00900;0,00000;90,00000
;0,07200;0,02000;0,00900;0,00000;-3,00000
;0,07200;-0,00900;0,00900;0,00000;-97,00000
;0,07300;-0,01600;0,00900;0,00000;-194,00000
;0,07300;0,04900;0,00900;0,00000;-285,00000
;0,07400;-0,00600;0,00900;0,00000;-385,00000
;0,07400;0,00900;0,00900;0,00000;-487,00000
;0,07500;-0,02000;0,00900;0,00000;-592,00000
;0,07500;0,03400;0,00900;0,00000;-697,00000
;0,07600;-0,01900;0,00900;0,00000;-804,00000
;0,07600;0,01500;0,00800;0,00000;-914,00000
;0,07700;-0,03400;0,00800;0,00000;-1026,00000
;0,07700;0,00200;0,00800;0,00000;-1139,00000
;0,07800;0,00100;0,00700;0,00000;-1255,00000
;0,07800;0,06200;0,00700;0,00000;-1372,00000
;0,07900;-0,02300;0,00600;0,00000;-1492,00000
;0,07900;0,04600;0,00600;0,00000;-1614,00000
;0,08000;-0,03600;0,00500;0,00000;-1736,00000
;0,08000;0,00100;0,00500;0,00000;-1861,00000
;0,08100;-0,01100;0,00500;0,00000;-1988,00000
;0,08100;0,01000;0,00400;0,00000;-2118,00000
;0,08200;0,02100;0,00400;0,00000;-2248,00000
;0,08200;0,05000;0,00400;0,00000;-2381,00000
;0,08300;-0,02700;0,00400;0,00000;-2514,00000
;0,08300;-0,01100;0,00400;0,00000;-2645,00000
;0,08400;-0,01200;0,00400;0,00000;-2771,00000
;0,08400;0,00500;0,00400;0,00000;-2911,00000
;0,08500;-0,01300;0,00400;0,00000;-3016,00000
;0,08500;-0,01900;0,00400;0,00000;-3117,00000
;0,08600;-0,04000;0,00300;0,00000;-3206,00000
;0,08600;-0,03700;0,00300;0,00000;-3280,00000
;0,08700;-0,05500;0,00200;0,00000;-3338,00000
;0,08700;-0,02000;0,00100;0,00000;-3378,00000
;0,08800;-0,06100;0,00000;0,00000;-3399,00000
;0,08800;-0,02200;-0,00200;0,00000;-3402,00000
;0,08900;-0,03600;-0,00300;0,00000;-3388,00000
;0,08900;0,03600;-0,00600;0,00000;-3368,00000
;0,09000;-0,06000;-0,00800;0,00000;-3346,00000
;0,09000;-0,00200;-0,01000;0,00000;-3293,00000
;0,09100;-0,07800;-0,01200;0,00000;-3218,00000
;0,09100;-0,03100;-0,01400;0,00000;-3162,00000
;0,09200;-0,02500;-0,01600;0,00000;-3105,00000
;0,09200;-0,06100;-0,01800;0,00000;-3046,00000
;0,09300;-0,01600;-0,02000;0,00000;-2984,00000
;0,09300;-0,05600;-0,02300;0,00000;-2924,00000
;0,09400;-0,08600;-0,02500;0,00000;-2868,00000
;0,09400;-0,02400;-0,02700;0,00000;-2813,00000
;0,09500;-0,00900;-0,02900;0,00000;-2761,00000
;0,09500;-0,01400;-0,03000;0,00000;-2707,00000
;0,09600;-0,03200;-0,03200;0,00000;-2659,00000
;0,09600;-0,04700;-0,03400;0,00000;-2614,00000
;0,09700;-0,03600;-0,03500;0,00000;-2570,00000
;0,09700;-0,04900;-0,03600;0,00000;-2528,00000
;0,09800;-0,05100;-0,03700;0,00000;-2486,00000
;0,09800;-0,04300;-0,03800;0,00000;-2447,00000
;0,09900;-0,05400;-0,03800;0,00000;-2410,00000
;0,09900;-0,06700;-0,03900;0,00000;-2375,00000
;0,10000;-0,02000;-0,04000;0,00000;-2343,00000
;0,10000;-0,01600;-0,04000;0,00000;-2312,00000
;0,10100;-0,00400;-0,04100;0,00000;-2283,00000
;0,10100;-0,04700;-0,04100;0,00000;-2256,00000
;0,10200;-0,04600;-0,04100;0,00000;-2233,00000
;0,10200;-0,01800;-0,04100;0,00000;-2210,00000
;0,10300;-0,05200;-0,04100;0,00000;-2189,00000
;0,10300;-0,08800;-0,04100;0,00000;-2170,00000
;0,10400;-0,03400;-0,04000;0,00000;-2151,00000
;0,10400;-0,03600;-0,04000;0,00000;-2136,00000
;0,10500;-0,00600;-0,04000;0,00000;-2124,00000
;0,10500;-0,06700;-0,04000;0,00000;-2114,00000
;0,10600;-0,02000;-0,04000;0,00000;-2105,00000
;0,10600;-0,06100;-0,04000;0,00000;-2097,00000
;0,10700;-0,03100;-0,04000;0,00000;-2092,00000
;0,10700;-0,07200;-0,04000;0,00000;-2088,00000
;0,10800;-0,03100;-0,04000;0,00000;-2087,00000
;0,10800;-0,06900;-0,04000;0,00000;-2087,00000
;0,10900;-0,02200;-0,04000;0,00000;-2087,00000
;0,10900;-0,05800;-0,04000;0,00000;-2092,00000
;0,11000;-0,01400;-0,04000;0,00000;-2097,00000
;0,11000;-0,05400;-0,04100;0,00000;-2105,00000
;0,11100;-0,00200;-0,04100;0,00000;-2115,00000
;0,11100;0,01000;-0,04100;0,00000;-2127,00000
;0,11200;0,00800;-0,04100;0,00000;-2140,00000
;0,11200;-0,01600;-0,04100;0,00000;-2157,00000
;0,11300;0,02600;-0,04000;0,00000;-2175,00000
;0,11300;-0,02000;-0,03900;0,00000;-2196,00000
;0,11400;-0,02400;-0,03800;0,00000;-2217,00000
;0,11400;-0,08500;-0,03600;0,00000;-2240,00000
;0,11500;-0,00900;-0,03400;0,00000;-2266,00000
;0,11500;-0,04500;-0,03300;0,00000;-2292,00000
;0,11600;0,04200;-0,03100;0,00000;-2322,00000
;0,11600;-0,04900;-0,02900;0,00000;-2356,00000
;0,11700;-0,01100;-0,02800;0,00000;-2389,00000
;0,11700;-0,04000;-0,02600;0,00000;-2423,00000
;0,11800;-0,01400;-0,02500;0,00000;-2460,00000
;0,11800;-0,03900;-0,02400;0,00000;-2499,00000
;0,11900;-0,03200;-0,02300;0,00000;-2540,00000
;0,11900;-0,02400;-0,02200;0,00000;-2582,00000
;0,12000;-0,01000;-0,02100;0,00000;-2626,00000
;0,12000;-0,01000;-0,02100;0,00000;-2671,00000
;0,12100;0,03000;-0,02000;0,00000;-2716,00000
;0,12100;-0,01200;-0,02000;0,00000;-2763,00000
;0,12200;0,00800;-0,01900;0,00000;-2807,00000
;0,12200;-0,05400;-0,01900;0,00000;-2850,00000
;0,12300;0,02800;-0,01800;0,00000;-2894,00000
;0,12300;-0,03100;-0,01800;0,00000;-2933,00000
;0,12400;0,03000;-0,01700;0,00000;-2967,00000
;0,12400;-0,04800;-0,01600;0,00000;-2997,00000
;0,12500;0,01200;-0,01500;0,00000;-3025,00000
;0,12500;-0,02500;-0,01500;0,00000;-3046,00000
;0,12600;0,02200;-0,01400;0,00000;-3063,00000
;0,12600;-0,00800;-0,01300;0,00000;-3075,00000
;0,12700;0,09800;-0,01200;0,00000;-3079,00000
;0,12700;-0,04500;-0,01100;0,00000;-3080,00000
;0,12800;0,04600;-0,01000;0,00000;-3077,00000
;0,12800;-0,00600;-0,00900;0,00000;-3068,00000
;0,12900;0,00900;-0,00700;0,00000;-3055,00000
;0,12900;-0,04900;-0,00600;0,00000;-3039,00000
;0,13000;-0,01500;-0,00400;0,00000;-3020,00000
;0,13000;-0,02400;-0,00300;0,00000;-2998,00000
;0,13100;0,01700;-0,00200;0,00000;-2975,00000
;0,13100;-0,01000;-0,00100;0,00000;-2953,00000
;0,13200;-0,00200;0,00000;0,00000;-2931,00000
;0,13200;-0,00200;0,00000;0,00000;-2908,00000
;0,13300;0,07400;0,00000;0,00000;-2887,00000
;0,13300;-0,00100;0,00100;0,00000;-2866,00000
;0,13400;0,01100;0,00100;0,00000;-2847,00000
;0,13400;-0,02000;0,00200;0,00000;-2829,00000
;0,13500;-0,01000;0,00200;0,00000;-2812,00000
;0,13500;-0,02700;0,00200;0,00000;-2796,00000
;0,13600;-0,01300;0,00300;0,00000;-2782,00000
;0,13600;-0,04700;0,00300;0,00000;-2770,00000
;0,13700;0,03900;0,00300;0,00000;-2760,00000
;0,13700;-0,02200;0,00200;0,00000;-2751,00000
;0,13800;0,02900;0,00200;0,00000;-2744,00000
;0,13800;-0,02400;0,00100;0,00000;-2739,00000
;0,13900;0,07300;0,00100;0,00000;-2736,00000
;0,13900;-0,06800;0,00000;0,00000;-2733,00000
;0,14000;0,06100;0,00000;0,00000;-2733,00000
;0,14000;0,01200;0,00000;0,00000;-2733,00000
;0,14100;-0,01100;0,00000;0,00000;-2737,00000
;0,14100;0,04800;0,00000;0,00000;-2741,00000
;0,14200;0,03000;0,00000;0,00000;-2747,00000
;0,14200;0,02300;0,00000;0,00000;-2754,00000
;0,14300;0,01100;0,00100;0,00000;-2762,00000
;0,14300;-0,00300;0,00200;0,00000;-2771,00000
;0,14400;0,06700;0,00300;0,00000;-2782,00000
;0,14400;-0,01100;0,00400;0,00000;-2795,00000
;0,14500;0,03700;0,00500;0,00000;-2804,00000
;0,14500;-0,04000;0,00700;0,00000;-2815,00000
;0,14600;0,00300;0,00800;0,00000;-2826,00000
;0,14600;-0,03300;0,00900;0,00000;-2838,00000
;0,14700;0,03400;0,01000;0,00000;-2846,00000
;0,14700;0,00500;0,01100;0,00000;-2856,00000
;0,14800;0,06400;0,01100;0,00000;-2864,00000
;0,14800;0,02400;0,01200;0,00000;-2873,00000
;0,14900;0,00300;0,01200;0,00000;-2881,00000
;0,14900;-0,02900;0,01300;0,00000;-2885,00000
;0,15000;-0,01300;0,01300;0,00000;-2889,00000
;0,15000;-0,00800;0,01300;0,00000;-2892,00000
;0,15100;0,04100;0,01300;0,00000;-2893,00000
;0,15100;-0,00600;0,01300;0,00000;-2894,00000
;0,15200;0,00500;0,01300;0,00000;-2894,00000
;0,15200;0,01600;0,01200;0,00000;-2894,00000
;0,15300;0,08200;0,01200;0,00000;-2890,00000
;0,15300;-0,02700;0,01100;0,00000;-2887,00000
;0,15400;0,03500;0,01100;0,00000;-2882,00000
;0,15400;-0,00300;0,01100;0,00000;-2878,00000
;0,15500;0,02900;0,01100;0,00000;-2874,00000
;0,15500;-0,05200;0,01100;0,00000;-2868,00000
;0,15600;0,03500;0,01100;0,00000;-2863,00000
;0,15600;-0,03600;0,01100;0,00000;-2858,00000
;0,15700;0,01400;0,01100;0,00000;-2853,00000
;0,15700;-0,00800;0,01000;0,00000;-2850,00000
;0,15800;-0,01200;0,01000;0,00000;-2847,00000
;0,15800;-0,01500;0,00900;0,00000;-2844,00000
;0,15900;0,01200;0,00900;0,00000;-2842,00000
;0,15900;-0,05000;0,00800;0,00000;-2839,00000
;0,16000;-0,00600;0,00700;0,00000;-2837,00000
;0,16000;-0,03400;0,00600;0,00000;-2837,00000
;0,16100;-0,00400;0,00500;0,00000;-2837,00000
;0,16100;-0,03200;0,00300;0,00000;-2837,00000
;0,16200;0,04200;0,00200;0,00000;-2838,00000
;0,16200;-0,08600;0,00000;0,00000;-2838,00000
;0,16300;0,00800;-0,00200;0,00000;-2841,00000
;0,16300;-0,05400;-0,00300;0,00000;-2843,00000
;0,16400;0,00000;-0,00500;0,00000;-2846,00000
;0,16400;-0,03700;-0,00700;0,00000;-2849,00000
;0,16500;-0,00200;-0,00900;0,00000;-2851,00000
;0,16500;-0,01100;-0,01000;0,00000;-2853,00000
;0,16600;-0,02500;-0,01200;0,00000;-2855,00000
;0,16600;-0,04700;-0,01300;0,00000;-2858,00000
;0,16700;0,00900;-0,01500;0,00000;-2860,00000
;0,16700;-0,01300;-0,01600;0,00000;-2861,00000
;0,16800;-0,04500;-0,01700;0,00000;-2863,00000
;0,16800;-0,01100;-0,01800;0,00000;-2863,00000
;0,16900;0,02500;-0,01900;0,00000;-2863,00000
;0,16900;-0,03800;-0,02000;0,00000;-2864,00000
;0,17000;0,00000;-0,02000;0,00000;-2865,00000
;0,17000;-0,01200;-0,02100;0,00000;-2865,00000
;0,17100;-0,01700;-0,02100;0,00000;-2865,00000
;0,17100;0,00700;-0,02100;0,00000;-2864,00000
;0,17200;0,00100;-0,02000;0,00000;-2863,00000
;0,17200;-0,06800;-0,02000;0,00000;-2862,00000
;0,17300;-0,01800;-0,01900;0,00000;-2860,00000
;0,17300;-0,05900;-0,01900;0,00000;-2859,00000
;0,17400;-0,03200;-0,01900;0,00000;-2858,00000
;0,17400;-0,02100;-0,01800;0,00000;-2856,00000
;0,17500;0,00800;-0,01800;0,00000;-2855,00000
;0,17500;-0,03600;-0,01800;0,00000;-2854,00000
;0,17600;-0,06500;-0,01900;0,00000;-2854,00000
;0,17600;-0,05500;-0,01900;0,00000;-2853,00000
;0,17700;-0,07000;-0,01900;0,00000;-2853,00000
;0,17700;-0,00800;-0,02000;0,00000;-2853,00000
;0,17800;-0,04300;-0,02100;0,00000;-2853,00000
;0,17800;-0,09500;-0,02200;0,00000;-2853,00000
;0,17900;0,02900;-0,02400;0,00000;-2853,00000
;0,17900;-0,04000;-0,02500;0,00000;-2853,00000
;0,18000;0,00000;-0,02700;0,00000;-2853,00000
;0,18000;-0,02900;-0,02800;0,00000;-2854,00000
;0,18100;-0,05400;-0,02900;0,00000;-2854,00000
;0,18100;-0,04900;-0,03000;0,00000;-2856,00000
;0,18200;-0,05000;-0,03100;0,00000;-2856,00000
;0,18200;-0,08100;-0,03200;0,00000;-2857,00000
;0,18300;-0,03600;-0,03300;0,00000;-2857,00000
;0,18300;-0,02200;-0,03400;0,00000;-2858,00000
;0,18400;-0,05200;-0,03500;0,00000;-2859,00000
;0,18400;-0,01500;-0,03700;0,00000;-2859,00000
;0,18500;-0,04900;-0,03700;0,00000;-2859,00000
;0,18500;-0,06200;-0,03800;0,00000;-2859,00000
;0,18600;-0,04100;-0,03900;0,00000;-2859,00000
;0,18600;0,00000;-0,04000;0,00000;-2859,00000
;0,18700;-0,06000;-0,04000;0,00000;-2859,00000
;0,18700;-0,03300;-0,04100;0,00000;-2859,00000
;0,18800;-0,07400;-0,04100;0,00000;-2859,00000
;0,18800;-0,06500;-0,04200;0,00000;-2859,00000
;0,18900;-0,00200;-0,04200;0,00000;-2859,00000
;0,18900;-0,04900;-0,04200;0,00000;-2858,00000
;0,19000;-0,03900;-0,04300;0,00000;-2858,00000
;0,19000;-0,00800;-0,04300;0,00000;-2858,00000
;0,19100;-0,06800;-0,04300;0,00000;-2858,00000
;0,19100;-0,01500;-0,04300;0,00000;-2858,00000
;0,19200;-0,06800;-0,04300;0,00000;-2857,00000
;0,19200;-0,01200;-0,04300;0,00000;-2856,00000
;0,19300;-0,05600;-0,04200;0,00000;-2856,00000
;0,19300;-0,04700;-0,04200;0,00000;-2856,00000
;0,19400;-0,04900;-0,04200;0,00000;-2856,00000
;0,19400;-0,02400;-0,04200;0,00000;-2856,00000
;0,19500;-0,02900;-0,04100;0,00000;-2856,00000
;0,19500;-0,01500;-0,04100;0,00000;-2856,00000
;0,19600;-0,04000;-0,04100;0,00000;-2857,00000
;0,19600;-0,04800;-0,04000;0,00000;-2857,00000
;0,19700;-0,07200;-0,04000;0,00000;-2857,00000
;0,19700;-0,01100;-0,04000;0,00000;-2857,00000
;0,19800;-0,05700;-0,03900;0,00000;-2857,00000
;0,19800;-0,00200;-0,03900;0,00000;-2857,00000
;0,19900;-0,04700;-0,03900;0,00000;-2857,00000
;0,19900;-0,01800;-0,03800;0,00000;-2857,00000
;0,20000;-0,06200;-0,03800;0,00000;-2858,00000
;0,20000;0,04900;-0,03800;0,00000;-2858,00000
;0,20100;-0,01900;-0,03700;0,00000;-2858,00000
;0,20100;0,00300;-0,03700;0,00000;-2858,00000
;0,20200;-0,07000;-0,03600;0,00000;-2858,00000
;0,20200;-0,00500;-0,03500;0,00000;-2858,00000
;0,20300;-0,01100;-0,03400;0,00000;-2858,00000
;0,20300;0,04400;-0,03300;0,00000;-2858,00000
;0,20400;-0,03800;-0,03100;0,00000;-2858,00000
;0,20400;-0,02400;-0,03000;0,00000;-2858,00000
;0,20500;-0,07700;-0,02800;0,00000;-2858,00000
;0,20500;0,00100;-0,02700;0,00000;-2858,00000
;0,20600;-0,01000;-0,02500;0,00000;-2858,00000
;0,20600;-0,01400;-0,02400;0,00000;-2858,00000
;0,20700;-0,00400;-0,02300;0,00000;-2858,00000
;0,20700;0,01600;-0,02200;0,00000;-2858,00000
;0,20800;-0,02100;-0,02100;0,00000;-2858,00000
;0,20800;0,04400;-0,02000;0,00000;-2858,00000
;0,20900;-0,06300;-0,01800;0,00000;-2858,00000
;0,20900;-0,01400;-0,01700;0,00000;-2858,00000
;0,21000;-0,02900;-0,01600;0,00000;-2858,00000
;0,21000;0,00900;-0,01500;0,00000;-2858,00000
;0,21100;-0,00100;-0,01400;0,00000;-2858,00000
;0,21100;0,04100;-0,01300;0,00000;-2858,00000
;0,21200;-0,05400;-0,01300;0,00000;-2858,00000
;0,21200;0,06500;-0,01200;0,00000;-2858,00000
;0,21300;-0,04900;-0,01100;0,00000;-2858,00000
;0,21300;-0,00200;-0,01000;0,00000;0,00000
;0,21400;-0,03000;-0,00900;0,00000;0,00000
;0,21400;0,01200;-0,00800;0,00000;0,00000
;0,21500;-0,02300;-0,00800;0,00000;0,00000
;0,21500;0,02800;-0,00700;0,00000;0,00000
;0,21600;0,00300;-0,00700;0,00000;0,00000
;0,21600;0,01400;-0,00600;0,00000;0,00000
;0,21700;-0,01500;-0,00600;0,00000;0,00000
;0,21700;0,04100;-0,00500;0,00000;0,00000
;0,21800;-0,02900;-0,00400;0,00000;0,00000
;0,21800;0,09900;-0,00400;0,00000;0,00000
;0,21900;0,00100;-0,00300;0,00000;0,00000
;0,21900;0,02900;-0,00200;0,00000;0,00000
;0,22000;-0,01300;0,00000;0,00000;0,00000
;0,22000;0,05700;0,00100;0,00000;0,00000
;0,22100;-0,03900;0,00200;0,00000;0,00000
;0,22100;0,06700;0,00400;0,00000;0,00000
;0,22200;-0,03600;0,00500;0,00000;0,00000
;0,22200;0,02500;0,00700;0,00000;0,00000
;0,22300;-0,00200;0,00800;0,00000;0,00000
;0,22300;0,02500;0,00900;0,00000;0,00000
;0,22400;-0,00500;0,01000;0,00000;0,00000
;0,22400;0,02600;0,01100;0,00000;0,00000
;0,22500;-0,00500;0,01200;0,00000;0,00000
;0,22500;0,02600;0,01300;0,00000;0,00000
;0,22600;-0,03900;0,01300;0,00000;0,00000
;0,22600;0,03900;0,01400;0,00000;0,00000
;0,22700;-0,04800;0,01400;0,00000;0,00000
;0,22700;0,01900;0,01400;0,00000;0,00000
;0,22800;0,00300;0,01300;0,00000;0,00000
;0,22800;0,02700;0,01300;0,00000;0,00000
;0,22900;-0,00400;0,01200;0,00000;0,00000
;0,22900;0,07200;0,01200;0,00000;0,00000
;0,23000;0,01700;0,01100;0,00000;0,00000
;0,23000;0,03600;0,01100;0,00000;0,00000
;0,23100;-0,01000;0,01000;0,00000;0,00000
;0,23100;0,01600;0,01000;0,00000;0,00000
;0,23200;0,04800;0,01000;0,00000;0,00000
;0,23200;0,01200;0,01100;0,00000;0,00000
;0,23300;-0,02700;0,01100;0,00000;0,00000
;0,23300;0,04500;0,01100;0,00000;0,00000
;0,23400;-0,03300;0,01200;0,00000;0,00000
;0,23400;0,04600;0,01200;0,00000;0,00000
;0,23500;0,00000;0,01200;0,00000;0,00000
;0,23500;0,02600;0,01300;0,00000;0,00000
;0,23600;-0,00200;0,01300;0,00000;0,00000
;0,23600;0,03700;0,01300;0,00000;0,00000
;0,23700;-0,04000;0,01400;0,00000;0,00000
;0,23700;0,01300;0,01400;0,00000;0,00000
;0,23800;0,02400;0,01400;0,00000;0,00000
;0,23800;0,01200;0,01400;0,00000;0,00000
;0,23900;-0,02400;0,01300;0,00000;0,00000
;0,23900;0,04800;0,01300;0,00000;0,00000
;0,24000;-0,05000;0,01300;0,00000;0,00000
;0,24000;-0,02900;0,01300;0,00000;0,00000
;0,24100;-0,06700;0,01200;0,00000;0,00000
;0,24100;-0,03400;0,01100;0,00000;0,00000
;0,24200;0,02200;0,01000;0,00000;0,00000
;0,24200;0,04600;0,00800;0,00000;0,00000
;0,24300;-0,00400;0,00600;0,00000;0,00000
;0,24300;0,02500;0,00500;0,00000;0,00000
;0,24400;-0,03700;0,00300;0,00000;0,00000
;0,24400;-0,01000;0,00200;0,00000;0,00000
;0,24500;-0,06300;0,00000;0,00000;0,00000
;0,24500;0,00300;-0,00100;0,00000;0,00000
;0,24600;-0,00100;-0,00200;0,00000;0,00000
;0,24600;0,00500;-0,00400;0,00000;0,00000
;0,24700;-0,01100;-0,00500;0,00000;0,00000
;0,24700;0,02800;-0,00600;0,00000;0,00000
;0,24800;0,01900;-0,00700;0,00000;0,00000
;0,24800;0,02200;-0,00800;0,00000;0,00000
;0,24900;-0,02400;-0,00800;0,00000;0,00000
;0,24900;-0,02000;-0,00800;0,00000;0,00000
;0,25000;-0,06300;-0,00800;0,00000;0,00000
;0,25000;0,02800;-0,00800;0,00000;0,00000
;0,25100;-0,05000;-0,00800;0,00000;0,00000
;0,25100;0,02300;-0,00800;0,00000;0,00000
;0,25200;-0,06500;-0,00800;0,00000;0,00000
;0,25200;-0,00900;-0,00800;0,00000;0,00000
;0,25300;0,00100;-0,00800;0,00000;0,00000
;0,25300;-0,00900;-0,00900;0,00000;0,00000
;0,25400;-0,03800;-0,00900;0,00000;0,00000
;0,25400;0,01100;-0,01000;0,00000;0,00000
;0,25500;0,04800;-0,01000;0,00000;0,00000
;0,25500;-0,00100;-0,01000;0,00000;0,00000
;0,25600;-0,05300;-0,01000;0,00000;0,00000
;0,25600;0,06300;-0,01100;0,00000;0,00000
;0,25700;-0,06500;-0,01000;0,00000;0,00000
;0,25700;-0,01300;-0,01000;0,00000;0,00000
;0,25800;-0,06900;-0,01000;0,00000;0,00000
;0,25800;-0,01400;-0,01000;0,00000;0,00000
;0,25900;-0,02300;-0,01000;0,00000;0,00000
;0,25900;-0,07700;-0,01000;0,00000;0,00000
;0,26000;-0,04100;-0,01100;0,00000;0,00000
;0,26000;0,00000;-0,01200;0,00000;0,00000
;0,26100;0,03500;-0,01300;0,00000;0,00000
;0,26100;-0,01100;-0,01400;0,00000;0,00000
;0,26200;-0,09200;-0,01500;0,00000;0,00000
;0,26200;-0,03200;-0,01600;0,00000;0,00000
;0,26300;-0,01900;-0,01700;0,00000;0,00000
;0,26300;-0,08100;-0,01800;0,00000;0,00000
;0,26400;-0,03700;-0,01900;0,00000;0,00000
;0,26400;-0,04700;-0,02100;0,00000;0,00000
;0,26500;-0,01900;-0,02200;0,00000;0,00000
;0,26500;-0,00900;-0,02400;0,00000;0,00000
;0,26600;-0,08400;-0,02500;0,00000;0,00000
;0,26600;-0,05000;-0,02700;0,00000;0,00000
;0,26700;-0,01500;-0,02900;0,00000;0,00000
;0,26700;-0,06000;-0,03000;0,00000;0,00000
;0,26800;-0,10300;-0,03200;0,00000;0,00000
;0,26800;-0,06500;-0,03300;0,00000;0,00000
;0,26900;-0,07200;-0,03500;0,00000;0,00000
;0,26900;-0,02400;-0,03700;0,00000;0,00000
;0,27000;-0,03000;-0,03900;0,00000;0,00000
;0,27000;-0,04300;-0,04100;0,00000;0,00000
;0,27100;-0,04700;-0,04200;0,00000;0,00000
;0,27100;-0,01900;-0,04400;0,00000;0,00000
;0,27200;-0,02500;-0,04500;0,00000;0,00000
;0,27200;-0,02700;-0,04600;0,00000;0,00000
;0,27300;0,00200;-0,04700;0,00000;0,00000
;0,27300;-0,05500;-0,04800;0,00000;0,00000
;0,27400;0,00000;-0,04800;0,00000;0,00000
;0,27400;-0,07000;-0,04700;0,00000;0,00000
;0,27500;-0,04700;-0,04700;0,00000;0,00000
;0,27500;-0,02400;-0,04600;0,00000;0,00000
;0,27600;-0,02700;-0,04500;0,00000;0,00000
;0,27600;-0,07700;-0,04400;0,00000;0,00000
;0,27700;-0,00600;-0,04300;0,00000;0,00000
;0,27700;-0,04700;-0,04200;0,00000;0,00000
;0,27800;-0,06300;-0,04100;0,00000;0,00000
;0,27800;-0,04600;-0,04000;0,00000;0,00000
;0,27900;0,02000;-0,04000;0,00000;0,00000
;0,27900;-0,07400;-0,03900;0,00000;0,00000
;0,28000;-0,02100;-0,03800;0,00000;0,00000
;0,28000;-0,00900;-0,03800;0,00000;0,00000
;0,28100;-0,05200;-0,03700;0,00000;0,00000
;0,28100;-0,00100;-0,03700;0,00000;0,00000
;0,28200;-0,03400;-0,03600;0,00000;0,00000
;0,28200;-0,03700;-0,03500;0,00000;0,00000
;0,28300;-0,01100;-0,03500;0,00000;0,00000
;0,28300;-0,01000;-0,03400;0,00000;0,00000
;0,28400;-0,04600;-0,03300;0,00000;0,00000
;0,28400;-0,04300;-0,03300;0,00000;0,00000
;0,28500;0,01200;-0,03200;0,00000;0,00000
;0,28500;-0,00100;-0,03100;0,00000;0,00000
;0,28600;-0,00300;-0,03000;0,00000;0,00000
;0,28600;-0,01000;-0,03000;0,00000;0,00000
;0,28700;0,02300;-0,02800;0,00000;0,00000
;0,28700;-0,09300;-0,02700;0,00000;0,00000
;0,28800;-0,05900;-0,02600;0,00000;0,00000
;0,28800;-0,03300;-0,02500;0,00000;0,00000
;0,28900;0,00800;-0,02400;0,00000;0,00000
;0,28900;-0,01200;-0,02300;0,00000;0,00000
;0,29000;0,01600;-0,02300;0,00000;0,00000
;0,29000;-0,06100;-0,02200;0,00000;0,00000
;0,29100;0,00000;-0,02200;0,00000;0,00000
;0,29100;-0,07100;-0,02100;0,00000;0,00000
;0,29200;0,05000;-0,02100;0,00000;0,00000
;0,29200;0,00500;-0,02100;0,00000;0,00000
;0,29300;0,02200;-0,02000;0,00000;0,00000
;0,29300;0,00800;-0,02000;0,00000;0,00000
;0,29400;0,03900;-0,01900;0,00000;0,00000
;0,29400;-0,07700;-0,01800;0,00000;0,00000
;0,29500;-0,01100;-0,01700;0,00000;0,00000
;0,29500;-0,02700;-0,01500;0,00000;0,00000
;0,29600;-0,01100;-0,01400;0,00000;0,00000
;0,29600;-0,07200;-0,01300;0,00000;0,00000
;0,29700;0,03200;-0,01300;0,00000;0,00000
;0,29700;-0,00800;-0,01200;0,00000;0,00000
;0,29800;0,00800;-0,01200;0,00000;0,00000
;0,29800;-0,00400;-0,01100;0,00000;0,00000
;0,29900;0,04200;-0,01100;0,00000;0,00000
;0,29900;-0,04700;-0,01100;0,00000;0,00000
;0,30000;0,05400;-0,01000;0,00000;0,00000
;0,30000;0,01700;-0,00900;0,00000;0,00000
;0,30100;0,02500;-0,00900;0,00000;0,00000
;0,30100;0,02600;-0,00800;0,00000;0,00000
;0,30200;0,00000;-0,00700;0,00000;0,00000
;0,30200;0,00700;-0,00500;0,00000;0,00000
;0,30300;0,02600;-0,00400;0,00000;0,00000
;0,30300;-0,04100;-0,00200;0,00000;0,00000
;0,30400;-0,00100;-0,00100;0,00000;0,00000
;0,30400;-0,02600;0,00100;0,00000;0,00000
;0,30500;0,06500;0,00200;0,00000;0,00000
;0,30500;-0,02900;0,00300;0,00000;0,00000
;0,30600;0,01100;0,00400;0,00000;0,00000
;0,30600;-0,01500;0,00500;0,00000;0,00000
;0,30700;0,02800;0,00500;0,00000;0,00000
;0,30700;-0,04300;0,00600;0,00000;0,00000
;0,30800;0,00900;0,00600;0,00000;0,00000
;0,30800;-0,01500;0,00600;0,00000;0,00000
;0,30900;0,02300;0,00600;0,00000;0,00000
;0,30900;-0,01100;0,00600;0,00000;0,00000
;0,31000;0,05700;0,00600;0,00000;0,00000
;0,31000;-0,06500;0,00500;0,00000;0,00000
;0,31100;0,03500;0,00500;0,00000;0,00000
;0,31100;0,01100;0,00400;0,00000;0,00000
;0,31200;0,02100;0,00400;0,00000;0,00000
;0,31200;0,00300;0,00400;0,00000;0,00000
;0,31300;0,02200;0,00400;0,00000;0,00000
;0,31300;-0,00900;0,00400;0,00000;0,00000
;0,31400;0,03200;0,00400;0,00000;0,00000
;0,31400;-0,06300;0,00400;0,00000;0,00000
;0,31500;0,00600;0,00400;0,00000;0,00000
;0,31500;-0,04600;0,00400;0,00000;0,00000
;0,31600;0,04400;0,00300;0,00000;0,00000
;0,31600;-0,05600;0,00300;0,00000;0,00000
;0,31700;0,06900;0,00300;0,00000;0,00000
;0,31700;-0,01400;0,00200;0,00000;0,00000
;0,31800;0,05100;0,00200;0,00000;0,00000
;0,31800;-0,02000;0,00200;0,00000;0,00000
;0,31900;0,01000;0,00200;0,00000;0,00000
;0,31900;0,00300;0,00100;0,00000;0,00000
;0,32000;0,03400;0,00200;0,00000;0,00000
;0,32000;-0,02400;0,00200;0,00000;0,00000
;0,32100;0,07100;0,00200;0,00000;0,00000
;0,32100;-0,02700;0,00200;0,00000;0,00000
;0,32200;0,05800;0,00300;0,00000;0,00000
;0,32200;-0,01700;0,00300;0,00000;0,00000
;0,32300;0,01000;0,00400;0,00000;0,00000
;0,32300;-0,03100;0,00500;0,00000;0,00000
;0,32400;0,04800;0,00600;0,00000;0,00000
;0,32400;-0,01100;0,00600;0,00000;0,00000
;0,32500;0,03200;0,00700;0,00000;0,00000
;0,32500;-0,07300;0,00800;0,00000;0,00000
;0,32600;0,00700;0,00800;0,00000;0,00000
;0,32600;-0,06500;0,00800;0,00000;0,00000
;0,32700;-0,01100;0,00800;0,00000;0,00000
;0,32700;-0,03400;0,00800;0,00000;0,00000
;0,32800;0,01200;0,00700;0,00000;0,00000
;0,32800;-0,02700;0,00600;0,00000;0,00000
;0,32900;0,02800;0,00400;0,00000;0,00000
;0,32900;-0,00900;0,00300;0,00000;0,00000
;0,33000;0,04100;0,00100;0,00000;0,00000
;0,33000;-0,03300;0,00000;0,00000;0,00000
;0,33100;0,06700;-0,00100;0,00000;0,00000
;0,33100;-0,04200;-0,00200;0,00000;0,00000
;0,33200;-0,00700;-0,00300;0,00000;0,00000
;0,33200;-0,07000;-0,00400;0,00000;0,00000
;0,33300;-0,03500;-0,00400;0,00000;0,00000
;0,33300;0,01400;-0,00500;0,00000;0,00000
;0,33400;0,01500;-0,00600;0,00000;0,00000
;0,33400;-0,04700;-0,00600;0,00000;0,00000
;0,33500;-0,01100;-0,00700;0,00000;0,00000
;0,33500;-0,00400;-0,00800;0,00000;0,00000
;0,33600;0,00100;-0,00900;0,00000;0,00000
;0,33600;-0,07000;-0,00900;0,00000;0,00000
;0,33700;-0,00700;-0,01000;0,00000;0,00000
;0,33700;-0,00900;-0,01100;0,00000;0,00000
;0,33800;0,00200;-0,01200;0,00000;0,00000
;0,33800;-0,00100;-0,01200;0,00000;0,00000
;0,33900;-0,02700;-0,01300;0,00000;0,00000
;0,33900;-0,05800;-0,01300;0,00000;0,00000
;0,34000;-0,03700;-0,01400;0,00000;0,00000
;0,34000;-0,05300;-0,01500;0,00000;0,00000
;0,34100;-0,01600;-0,01500;0,00000;0,00000
;0,34100;0,00400;-0,01600;0,00000;0,00000
;0,34200;-0,03400;-0,01700;0,00000;0,00000
;0,34200;0,02100;-0,01800;0,00000;0,00000
;0,34300;-0,03300;-0,01900;0,00000;0,00000
;0,34300;-0,03300;-0,01900;0,00000;0,00000
;0,34400;-0,05800;-0,02000;0,00000;0,00000
;0,34400;-0,03200;-0,02100;0,00000;0,00000
;0,34500;-0,03700;-0,02100;0,00000;0,00000
;0,34500;-0,01200;-0,02200;0,00000;0,00000
;0,34600;-0,01400;-0,02300;0,00000;0,00000
;0,34600;-0,02200;-0,02300;0,00000;0,00000
;0,34700;-0,03900;-0,02400;0,00000;0,00000
;0,34700;-0,07900;-0,02500;0,00000;0,00000
;0,34800;-0,04900;-0,02500;0,00000;0,00000
;0,34800;-0,03000;-0,02600;0,00000;0,00000
;0,34900;0,00500;-0,02700;0,00000;0,00000
;0,34900;-0,03300;-0,02800;0,00000;0,00000
;0,35000;-0,05500;-0,02800;0,00000;0,00000
;0,35000;-0,08300;-0,02900;0,00000;0,00000
;0,35100;-0,01800;-0,03000;0,00000;0,00000
;0,35100;-0,00400;-0,03100;0,00000;0,00000
;0,35200;-0,03300;-0,03200;0,00000;0,00000
;0,35200;-0,02300;-0,03200;0,00000;0,00000
;0,35300;-0,01500;-0,03300;0,00000;0,00000
;0,35300;-0,03000;-0,03300;0,00000;0,00000
;0,35400;-0,06300;-0,03400;0,00000;0,00000
;0,35400;-0,04200;-0,03400;0,00000;0,00000
;0,35500;-0,06900;-0,03400;0,00000;0,00000
;0,35500;-0,03300;-0,03400;0,00000;0,00000
;0,35600;-0,05500;-0,03500;0,00000;0,00000
;0,35600;0,03300;-0,03500;0,00000;0,00000
;0,35700;-0,05000;-0,03600;0,00000;0,00000
;0,35700;-0,05200;-0,03600;0,00000;0,00000
;0,35800;-0,10400;-0,03600;0,00000;0,00000
;0,35800;-0,07200;-0,03600;0,00000;0,00000
;0,35900;-0,01600;-0,03700;0,00000;0,00000
;0,35900;-0,01900;-0,03700;0,00000;0,00000
;0,36000;-0,02900;-0,03800;0,00000;0,00000
;0,36000;-0,04000;-0,03900;0,00000;0,00000
;0,36100;-0,07400;-0,03900;0,00000;0,00000
;0,36100;-0,03800;-0,04000;0,00000;0,00000
;0,36200;-0,01300;-0,04000;0,00000;0,00000
;0,36200;0,00600;-0,04100;0,00000;0,00000
;0,36300;-0,07500;-0,04100;0,00000;0,00000
;0,36300;0,00100;-0,04100;0,00000;0,00000
;0,36400;-0,02500;-0,04100;0,00000;0,00000
;0,36400;-0,02700;-0,04100;0,00000;0,00000
;0,36500;-0,07500;-0,04100;0,00000;0,00000
;0,36500;-0,04000;-0,04000;0,00000;0,00000
;0,36600;-0,00400;-0,04000;0,00000;0,00000
;0,36600;-0,00900;-0,03900;0,00000;0,00000
;0,36700;-0,05600;-0,03900;0,00000;0,00000
;0,36700;0,03200;-0,03800;0,00000;0,00000
;0,36800;0,00500;-0,03700;0,00000;0,00000
;0,36800;0,01000;-0,03600;0,00000;0,00000
;0,36900;-0,03600;-0,03500;0,00000;0,00000
;0,36900;-0,03400;-0,03300;0,00000;0,00000
;0,37000;-0,04100;-0,03200;0,00000;0,00000
;0,37000;0,03900;-0,03000;0,00000;0,00000
;0,37100;-0,02700;-0,02800;0,00000;0,00000
;0,37100;0,02500;-0,02700;0,00000;0,00000
;0,37200;-0,02900;-0,02500;0,00000;0,00000
;0,37200;0,01500;-0,02300;0,00000;0,00000
;0,37300;-0,01600;-0,02100;0,00000;0,00000
;0,37300;0,03500;-0,01900;0,00000;0,00000
;0,37400;-0,03600;-0,01800;0,00000;0,00000
;0,37400;0,04400;-0,01600;0,00000;0,00000
;0,37500;0,01700;-0,01400;0,00000;0,00000
;0,37500;0,02400;-0,01200;0,00000;0,00000
;0,37600;-0,03400;-0,01000;0,00000;0,00000
;0,37600;0,05900;-0,00800;0,00000;0,00000
;0,37700;-0,07100;-0,00600;0,00000;0,00000
;0,37700;-0,01200;-0,00400;0,00000;0,00000
;0,37800;-0,08300;-0,00300;0,00000;0,00000
;0,37800;-0,03600;-0,00200;0,00000;0,00000
;0,37900;0,01700;-0,00100;0,00000;0,00000
;0,37900;0,02300;-0,00100;0,00000;0,00000
;0,38000;-0,02300;-0,00100;0,00000;0,00000
;0,38000;-0,00400;-0,00100;0,00000;0,00000
;0,38100;-0,08000;-0,00100;0,00000;0,00000
;0,38100;0,04600;-0,00200;0,00000;0,00000
;0,38200;-0,02900;-0,00300;0,00000;0,00000
;0,38200;0,03200;-0,00400;0,00000;0,00000
;0,38300;-0,04000;-0,00500;0,00000;0,00000
;0,38300;0,05400;-0,00600;0,00000;0,00000
;0,38400;-0,02000;-0,00600;0,00000;0,00000
;0,38400;0,00900;-0,00700;0,00000;0,00000
;0,38500;-0,02300;-0,00800;0,00000;0,00000
;0,38500;0,03100;-0,00800;0,00000;0,00000
;0,38600;0,02200;-0,00800;0,00000;0,00000
;0,38600;0,03200;-0,00800;0,00000;0,00000
;0,38700;-0,01700;-0,00700;0,00000;0,00000
;0,38700;0,04600;-0,00700;0,00000;0,00000
;0,38800;0,00900;-0,00600;0,00000;0,00000
;0,38800;0,03700;-0,00500;0,00000;0,00000
;0,38900;-0,01700;-0,00400;0,00000;0,00000
;0,38900;0,00500;-0,00200;0,00000;0,00000
;0,39000;-0,01700;-0,00100;0,00000;0,00000
;0,39000;0,06400;0,00100;0,00000;0,00000
;0,39100;-0,00600;0,00200;0,00000;0,00000
;0,39100;0,05800;0,00400;0,00000;0,00000
;0,39200;-0,06300;0,00500;0,00000;0,00000
;0,39200;0,04100;0,00600;0,00000;0,00000
;0,39300;0,02400;0,00800;0,00000;0,00000
;0,39300;0,03300;0,00900;0,00000;0,00000
;0,39400;-0,05400;0,01000;0,00000;0,00000
;0,39400;0,07600;0,01100;0,00000;0,00000
;0,39500;0,01700;0,01200;0,00000;0,00000
;0,39500;0,07300;0,01300;0,00000;0,00000
;0,39600;0,01700;0,01400;0,00000;0,00000
;0,39600;0,05800;0,01400;0,00000;0,00000
;0,39700;-0,02400;0,01600;0,00000;0,00000
;0,39700;0,00800;0,01700;0,00000;0,00000
;0,39800;0,03500;0,01800;0,00000;0,00000
;0,39800;-0,00700;0,01900;0,00000;0,00000
;0,39900;-0,03300;0,01900;0,00000;0,00000
;0,39900;0,04400;0,02000;0,00000;0,00000
;0,40000;-0,02900;0,02000;0,00000;0,00000
;0,40000;0,08500;0,02000;0,00000;0,00000
;0,40100;-0,00400;0,02000;0,00000;0,00000
;0,40100;0,00300;0,02000;0,00000;0,00000
;0,40200;-0,01300;0,02000;0,00000;0,00000
;0,40200;0,07400;0,02000;0,00000;0,00000
;0,40300;0,00400;0,01900;0,00000;0,00000
;0,40300;-0,02200;0,01900;0,00000;0,00000
;0,40400;-0,01500;0,01800;0,00000;0,00000
;0,40400;0,02900;0,01800;0,00000;0,00000
;0,40500;0,00400;0,01700;0,00000;0,00000
;0,40500;0,00400;0,01600;0,00000;0,00000
;0,40600;-0,03100;0,01600;0,00000;0,00000
;0,40600;0,03000;0,01500;0,00000;0,00000
;0,40700;-0,04900;0,01400;0,00000;0,00000
;0,40700;0,01200;0,01300;0,00000;0,00000
;0,40800;0,02000;0,01100;0,00000;0,00000
;0,40800;0,01400;0,01000;0,00000;0,00000
;0,40900;-0,00600;0,00900;0,00000;0,00000
;0,40900;0,05700;0,00800;0,00000;0,00000
;0,41000;0,01700;0,00700;0,00000;0,00000
;0,41000;0,01300;0,00600;0,00000;0,00000
;0,41100;-0,06300;0,00600;0,00000;0,00000
;0,41100;0,05100;0,00500;0,00000;0,00000
;0,41200;-0,01200;0,00500;0,00000;0,00000
;0,41200;0,04200;0,00500;0,00000;0,00000
;0,41300;-0,06400;0,00500;0,00000;0,00000
;0,41300;0,00500;0,00400;0,00000;0,00000
;0,41400;0,03800;0,00400;0,00000;0,00000
;0,41400;-0,00400;0,00400;0,00000;0,00000
;0,41500;-0,02500;0,00400;0,00000;0,00000
;0,41500;0,00300;0,00400;0,00000;0,00000
;0,41600;-0,02400;0,00400;0,00000;0,00000
;0,41600;-0,03400;0,00300;0,00000;0,00000
;0,41700;-0,03500;0,00300;0,00000;0,00000
;0,41700;0,05000;0,00200;0,00000;0,00000
;0,41800;-0,03800;0,00200;0,00000;0,00000
;0,41800;0,05200;0,00100;0,00000;0,00000
;0,41900;-0,07400;0,00000;0,00000;0,00000
;0,41900;-0,00900;-0,00100;0,00000;0,00000
;0,42000;-0,00400;-0,00200;0,00000;0,00000
;0,42000;0,00700;-0,00300;0,00000;0,00000
;0,42100;-0,03200;-0,00400;0,00000;0,00000
;0,42100;-0,00200;-0,00400;0,00000;0,00000
;0,42200;-0,00500;-0,00500;0,00000;0,00000
;0,42200;0,02100;-0,00600;0,00000;0,00000
;0,42300;-0,05900;-0,00700;0,00000;0,00000
;0,42300;0,01400;-0,00700;0,00000;0,00000
;0,42400;-0,02900;-0,00800;0,00000;0,00000
;0,42400;-0,02500;-0,00900;0,00000;0,00000
;0,42500;0,00600;-0,00900;0,00000;0,00000
;0,42500;0,02000;-0,01000;0,00000;0,00000
;0,42600;-0,04600;-0,01000;0,00000;0,00000
;0,42600;-0,01300;-0,01100;0,00000;0,00000
;0,42700;-0,02900;-0,01100;0,00000;0,00000
;0,42700;-0,06100;-0,01100;0,00000;0,00000
;0,42800;-0,05100;-0,01200;0,00000;0,00000
;0,42800;-0,02700;-0,01200;0,00000;0,00000
;0,42900;-0,06800;-0,01300;0,00000;0,00000
;0,42900;-0,06800;-0,01400;0,00000;0,00000
;0,43000;-0,03400;-0,01600;0,00000;0,00000
;0,43000;-0,01600;-0,01700;0,00000;0,00000
;0,43100;-0,02400;-0,01900;0,00000;0,00000
;0,43100;0,00300;-0,02100;0,00000;0,00000
;0,43200;-0,04100;-0,02300;0,00000;0,00000
;0,43200;-0,03700;-0,02500;0,00000;0,00000
;0,43300;-0,00800;-0,02600;0,00000;0,00000
;0,43300;-0,05200;-0,02700;0,00000;0,00000
;0,43400;-0,02300;-0,02900;0,00000;0,00000
;0,43400;-0,07200;-0,03000;0,00000;0,00000
;0,43500;-0,04200;-0,03100;0,00000;0,00000
;0,43500;-0,07400;-0,03200;0,00000;0,00000
;0,43600;-0,04300;-0,03300;0,00000;0,00000
;0,43600;-0,06300;-0,03400;0,00000;0,00000
;0,43700;-0,02300;-0,03500;0,00000;0,00000
;0,43700;-0,01300;-0,03600;0,00000;0,00000
;0,43800;-0,03100;-0,03700;0,00000;0,00000
;0,43800;-0,00500;-0,03800;0,00000;0,00000
;0,43900;-0,08200;-0,03900;0,00000;0,00000
;0,43900;-0,04500;-0,03900;0,00000;0,00000
;0,44000;-0,02300;-0,04000;0,00000;0,00000
;0,44000;-0,04700;-0,04000;0,00000;0,00000
;0,44100;0,04800;-0,04000;0,00000;0,00000
;0,44100;-0,05000;-0,04100;0,00000;0,00000
;0,44200;-0,01800;-0,04000;0,00000;0,00000
;0,44200;-0,08700;-0,04000;0,00000;0,00000
;0,44300;-0,01400;-0,03900;0,00000;0,00000
;0,44300;-0,03100;-0,03900;0,00000;0,00000
;0,44400;-0,02000;-0,03800;0,00000;0,00000
;0,44400;-0,02700;-0,03700;0,00000;0,00000
;0,44500;-0,03700;-0,03700;0,00000;0,00000
;0,44500;-0,01300;-0,03600;0,00000;0,00000
;0,44600;-0,01800;-0,03500;0,00000;0,00000
;0,44600;-0,08400;-0,03400;0,00000;0,00000
;0,44700;-0,00600;-0,03400;0,00000;0,00000
;0,44700;-0,04900;-0,03300;0,00000;0,00000
;0,44800;-0,00800;-0,03200;0,00000;0,00000
;0,44800;-0,01600;-0,03200;0,00000;0,00000
;0,44900;-0,05900;-0,03100;0,00000;0,00000
;0,44900;-0,07200;-0,03100;0,00000;0,00000
;0,45000;-0,06800;-0,03100;0,00000;0,00000
;0,45000;-0,02700;-0,03100;0,00000;0,00000
;0,45100;0,05500;-0,03100;0,00000;0,00000
;0,45100;-0,03600;-0,03100;0,00000;0,00000
;0,45200;-0,03800;-0,03100;0,00000;0,00000
;0,45200;0,00300;-0,03100;0,00000;0,00000
;0,45300;0,03500;-0,03100;0,00000;0,00000
;0,45300;-0,02200;-0,03100;0,00000;0,00000
;0,45400;-0,02800;-0,03000;0,00000;0,00000
;0,45400;-0,01000;-0,03000;0,00000;0,00000
;0,45500;-0,02700;-0,02900;0,00000;0,00000
;0,45500;-0,01800;-0,02800;0,00000;0,00000
;0,45600;-0,01800;-0,02700;0,00000;0,00000
;0,45600;0,00300;-0,02500;0,00000;0,00000
;0,45700;0,01900;-0,02400;0,00000;0,00000
;0,45700;-0,05400;-0,02300;0,00000;0,00000
;0,45800;-0,00100;-0,02200;0,00000;0,00000
;0,45800;-0,03300;-0,02100;0,00000;0,00000
;0,45900;0,00400;-0,01900;0,00000;0,00000
;0,45900;-0,03100;-0,01800;0,00000;0,00000
;0,46000;-0,02000;-0,01700;0,00000;0,00000
;0,46000;0,00700;-0,01600;0,00000;0,00000
;0,46100;0,03100;-0,01600;0,00000;0,00000
;0,46100;-0,05200;-0,01500;0,00000;0,00000
;0,46200;0,04400;-0,01400;0,00000;0,00000
;0,46200;-0,04400;-0,01300;0,00000;0,00000
;0,46300;0,06000;-0,01300;0,00000;0,00000
;0,46300;-0,04900;-0,01200;0,00000;0,00000
;0,46400;-0,00600;-0,01100;0,00000;0,00000
;0,46400;0,01300;-0,01000;0,00000;0,00000
;0,46500;-0,02500;-0,00900;0,00000;0,00000
;0,46500;-0,04900;-0,00900;0,00000;0,00000
;0,46600;0,05200;-0,00800;0,00000;0,00000
;0,46600;-0,01500;-0,00700;0,00000;0,00000
;0,46700;0,01000;-0,00700;0,00000;0,00000
;0,46700;-0,00200;-0,00600;0,00000;0,00000
;0,46800;0,00000;-0,00600;0,00000;0,00000
;0,46800;-0,02700;-0,00500;0,00000;0,00000
;0,46900;0,06700;-0,00500;0,00000;0,00000
;0,46900;-0,02000;-0,00400;0,00000;0,00000
;0,47000;0,00000;-0,00400;0,00000;0,00000
;0,47000;-0,02400;-0,00300;0,00000;0,00000
;0,47100;-0,01800;-0,00300;0,00000;0,00000
;0,47100;-0,03700;-0,00200;0,00000;0,00000
;0,47200;0,07800;-0,00200;0,00000;0,00000
;0,47200;-0,09500;-0,00200;0,00000;0,00000
;0,47300;0,03500;-0,00200;0,00000;0,00000
;0,47300;-0,00600;-0,00200;0,00000;0,00000
;0,47400;0,06900;-0,00200;0,00000;0,00000
;0,47400;-0,04300;-0,00200;0,00000;0,00000
;0,47500;0,01900;-0,00200;0,00000;0,00000
;0,47500;0,00300;-0,00200;0,00000;0,00000
;0,47600;0,03800;-0,00100;0,00000;0,00000
;0,47600;-0,05000;-0,00100;0,00000;0,00000
;0,47700;0,03200;-0,00100;0,00000;0,00000
;0,47700;0,01900;0,00000;0,00000;0,00000
;0,47800;0,06100;0,00000;0,00000;0,00000
;0,47800;0,05300;0,00100;0,00000;0,00000
;0,47900;0,03500;0,00200;0,00000;0,00000
;0,47900;-0,02400;0,00300;0,00000;0,00000
;0,48000;0,02600;0,00400;0,00000;0,00000
;0,48000;-0,03300;0,00500;0,00000;0,00000
;0,48100;0,07800;0,00700;0,00000;0,00000
;0,48100;-0,02600;0,00800;0,00000;0,00000
;0,48200;0,05400;0,01000;0,00000;0,00000
;0,48200;-0,07000;0,01100;0,00000;0,00000
;0,48300;0,04400;0,01200;0,00000;0,00000
;0,48300;-0,04000;0,01300;0,00000;0,00000
;0,48400;0,03900;0,01400;0,00000;0,00000
;0,48400;0,02300;0,01400;0,00000;0,00000
;0,48500;0,07000;0,01400;0,00000;0,00000
;0,48500;-0,02900;0,01500;0,00000;0,00000
;0,48600;0,00700;0,01500;0,00000;0,00000
;0,48600;0,00200;0,01500;0,00000;0,00000
;0,48700;0,06000;0,01500;0,00000;0,00000
;0,48700;0,01700;0,01500;0,00000;0,00000
;0,48800;0,02600;0,01500;0,00000;0,00000
;0,48800;-0,05200;0,01500;0,00000;0,00000
;0,48900;0,03500;0,01500;0,00000;0,00000
;0,48900;0,00900;0,01500;0,00000;0,00000
;0,49000;0,00300;0,01500;0,00000;0,00000
;0,49000;-0,02500;0,01500;0,00000;0,00000
;0,49100;0,04200;0,01500;0,00000;0,00000
;0,49100;-0,03600;0,01400;0,00000;0,00000
;0,49200;0,02100;0,01400;0,00000;0,00000
;0,49200;-0,07900;0,01300;0,00000;0,00000
;0,49300;0,02300;0,01200;0,00000;0,00000
;0,49300;-0,01800;0,01100;0,00000;0,00000
;0,49400;0,05400;0,01000;0,00000;0,00000
;0,49400;-0,02900;0,00900;0,00000;0,00000
;0,49500;0,05100;0,00700;0,00000;0,00000
;0,49500;0,04800;0,00600;0,00000;0,00000
;0,49600;0,04100;0,00500;0,00000;0,00000
;0,49600;-0,03300;0,00500;0,00000;0,00000
;0,49700;0,01800;0,00400;0,00000;0,00000
;0,49700;0,00700;0,00400;0,00000;0,00000
;0,49800;0,04100;0,00400;0,00000;0,00000
;0,49800;0,00800;0,00500;0,00000;0,00000
;0,49900;0,00900;0,00500;0,00000;0,00000
;0,49900;-0,02000;0,00600;0,00000;0,00000
;0,50000;-0,02500;0,00600;0,00000;0,00000
;0,50000;0,02500;0,00700;0,00000;0,00000
;0,50100;0,00400;0,00700;0,00000;0,00000
;0,50100;-0,00700;0,00700;0,00000;0,00000
;0,50200;0,00100;0,00800;0,00000;0,00000
;0,50200;-0,00600;0,00800;0,00000;0,00000
;0,50300;-0,00900;0,00800;0,00000;0,00000
;0,50300;-0,06100;0,00700;0,00000;0,00000
;0,50400;-0,00100;0,00700;0,00000;0,00000
;0,50400;0,01900;0,00600;0,00000;0,00000
;0,50500;0,03000;0,00600;0,00000;0,00000
;0,50500;-0,05500;0,00500;0,00000;0,00000
;0,50600;0,00500;0,00400;0,00000;0,00000
;0,50600;-0,03300;0,00300;0,00000;0,00000
;0,50700;0,00900;0,00200;0,00000;0,00000
;0,50700;-0,03700;0,00100;0,00000;0,00000
;0,50800;-0,01100;-0,00100;0,00000;0,00000
;0,50800;-0,07400;-0,00200;0,00000;0,00000
;0,50900;-0,00200;-0,00300;0,00000;0,00000
;0,50900;0,02300;-0,00500;0,00000;0,00000
;0,51000;-0,02900;-0,00600;0,00000;0,00000
;0,51000;-0,03100;-0,00800;0,00000;0,00000
;0,51100;0,02300;-0,00900;0,00000;0,00000
;0,51100;-0,07700;-0,01000;0,00000;0,00000
;0,51200;0,04000;-0,01200;0,00000;0,00000
;0,51200;-0,06000;-0,01300;0,00000;0,00000
;0,51300;-0,02400;-0,01400;0,00000;0,00000
;0,51300;-0,07700;-0,01500;0,00000;0,00000
;0,51400;-0,04900;-0,01600;0,00000;0,00000
;0,51400;-0,03800;-0,01700;0,00000;0,00000
;0,51500;0,02600;-0,01900;0,00000;0,00000
;0,51500;-0,08100;-0,02000;0,00000;0,00000
;0,51600;-0,07500;-0,02100;0,00000;0,00000
;0,51600;-0,06100;-0,02300;0,00000;0,00000
;0,51700;-0,01300;-0,02400;0,00000;0,00000
;0,51700;-0,10900;-0,02600;0,00000;0,00000
;0,51800;-0,06500;-0,02800;0,00000;0,00000
;0,51800;-0,05000;-0,03000;0,00000;0,00000
;0,51900;-0,03100;-0,03200;0,00000;0,00000
;0,51900;-0,01400;-0,03500;0,00000;0,00000
;0,52000;-0,01500;-0,03700;0,00000;0,00000
;0,52000;-0,04600;-0,03900;0,00000;0,00000
;0,52100;-0,05100;-0,04000;0,00000;0,00000
;0,52100;-0,04600;-0,04200;0,00000;0,00000
;0,52200;-0,04200;-0,04300;0,00000;0,00000
;0,52200;-0,06400;-0,04400;0,00000;0,00000
;0,52300;-0,08400;-0,04500;0,00000;0,00000
;0,52300;-0,01000;-0,04600;0,00000;0,00000
;0,52400;-0,03000;-0,04600;0,00000;0,00000
;0,52400;-0,03700;-0,04700;0,00000;0,00000
;0,52500;-0,01800;-0,04700;0,00000;0,00000
;0,52500;-0,01400;-0,04800;0,00000;0,00000
;0,52600;-0,04400;-0,04700;0,00000;0,00000
;0,52600;-0,05400;-0,04700;0,00000;0,00000
;0,52700;-0,04000;-0,04700;0,00000;0,00000
;0,52700;-0,04900;-0,04600;0,00000;0,00000
;0,52800;-0,01800;-0,04500;0,00000;0,00000
;0,52800;0,03600;-0,04400;0,00000;0,00000
;0,52900;-0,07200;-0,04400;0,00000;0,00000
;0,52900;-0,02200;-0,04200;0,00000;0,00000
;0,53000;-0,04500;-0,04100;0,00000;0,00000
;0,53000;0,00400;-0,04000;0,00000;0,00000
;0,53100;-0,02900;-0,03900;0,00000;0,00000
;0,53100;0,00600;-0,03800;0,00000;0,00000
;0,53200;-0,04300;-0,03600;0,00000;0,00000
;0,53200;-0,03400;-0,03500;0,00000;0,00000
;0,53300;-0,04100;-0,03300;0,00000;0,00000
;0,53300;0,03700;-0,03200;0,00000;0,00000
;0,53400;-0,06000;-0,03100;0,00000;0,00000
;0,53400;0,01100;-0,02900;0,00000;0,00000
;0,53500;-0,00800;-0,02800;0,00000;0,00000
;0,53500;0,02000;-0,02700;0,00000;0,00000
;0,53600;-0,04500;-0,02500;0,00000;0,00000
;0,53600;0,01700;-0,02400;0,00000;0,00000
;0,53700;-0,03600;-0,02300;0,00000;0,00000
;0,53700;-0,07200;-0,02100;0,00000;0,00000
;0,53800;-0,06900;-0,02000;0,00000;0,00000
;0,53800;-0,01500;-0,01900;0,00000;0,00000
;0,53900;-0,03800;-0,01900;0,00000;0,00000
;0,53900;0,01700;-0,01800;0,00000;0,00000
;0,54000;-0,04300;-0,01800;0,00000;0,00000
;0,54000;-0,04300;-0,01900;0,00000;0,00000
;0,54100;-0,04200;-0,01900;0,00000;0,00000
;0,54100;-0,02200;-0,01900;0,00000;0,00000
;0,54200;-0,04500;-0,02000;0,00000;0,00000
;0,54200;-0,01600;-0,02100;0,00000;0,00000
;0,54300;-0,03600;-0,02200;0,00000;0,00000
;0,54300;0,00700;-0,02300;0,00000;0,00000
;0,54400;-0,01800;-0,02400;0,00000;0,00000
;0,54400;-0,04300;-0,02400;0,00000;0,00000
;0,54500;-0,06500;-0,02500;0,00000;0,00000
;0,54500;0,01900;-0,02600;0,00000;0,00000
;0,54600;-0,01100;-0,02600;0,00000;0,00000
;0,54600;0,01800;-0,02700;0,00000;0,00000
;0,54700;-0,03400;-0,02700;0,00000;0,00000
;0,54700;-0,01300;-0,02700;0,00000;0,00000
;0,54800;-0,02200;-0,02700;0,00000;0,00000
;0,54800;0,06100;-0,02700;0,00000;0,00000
;0,54900;-0,05200;-0,02600;0,00000;0,00000
;0,54900;-0,00700;-0,02500;0,00000;0,00000
;0,54950;-0,02226;-0,02421;0,00000;0,00000
;0,55000;0,06103;-0,02308;0,00000;0,00000
;0,55050;0,00145;-0,02177;0,00000;0,00000
;0,55100;0,02451;-0,02025;0,00000;0,00000
;0,55150;-0,05301;-0,01852;0,00000;0,00000
;0,55200;0,07385;-0,01665;0,00000;0,00000
;0,55250;-0,02738;-0,01468;0,00000;0,00000
;0,55300;0,04758;-0,01262;0,00000;0,00000
;0,55350;-0,04212;-0,01048;0,00000;0,00000
;0,55400;0,05078;-0,00832;0,00000;0,00000
;0,55450;0,00145;-0,00619;0,00000;0,00000
;0,55500;-0,04596;-0,00410;0,00000;0,00000
;0,55550;-0,05429;-0,00218;0,00000;0,00000
;0,55600;0,04694;-0,00056;0,00000;0,00000
;0,55650;-0,00240;0,00076;0,00000;0,00000
;0,55700;-0,01841;0,00181;0,00000;0,00000
;0,55750;-0,03059;0,00261;0,00000;0,00000
;0,55800;0,05398;0,00315;0,00000;0,00000
;0,55850;-0,00047;0,00347;0,00000;0,00000
;0,55900;0,08025;0,00371;0,00000;0,00000
;0,55950;-0,00432;0,00399;0,00000;0,00000
;0,56000;0,01747;0,00436;0,00000;0,00000
;0,56050;-0,01201;0,00483;0,00000;0,00000
;0,56100;0,00721;0,00533;0,00000;0,00000
;0,56150;0,03092;0,00584;0,00000;0,00000
;0,56200;0,01426;0,00636;0,00000;0,00000
;0,56250;-0,00111;0,00690;0,00000;0,00000
;0,56300;0,02644;0,00746;0,00000;0,00000
;0,56350;-0,02354;0,00801;0,00000;0,00000
;0,56400;-0,02162;0,00849;0,00000;0,00000
;0,56450;-0,06070;0,00882;0,00000;0,00000
;0,56500;0,03028;0,00888;0,00000;0,00000
;0,56550;-0,03635;0,00865;0,00000;0,00000
;0,56600;0,06231;0,00819;0,00000;0,00000
;0,56650;-0,05237;0,00757;0,00000;0,00000
;0,56700;0,01811;0,00684;0,00000;0,00000
;0,56750;-0,02482;0,00601;0,00000;0,00000
;0,56800;0,03412;0,00511;0,00000;0,00000
;0,56850;0,00273;0,00419;0,00000;0,00000
;0,56900;0,01875;0,00332;0,00000;0,00000
;0,56950;0,01362;0,00257;0,00000;0,00000
;0,57000;0,04117;0,00198;0,00000;0,00000
;0,57050;-0,03251;0,00159;0,00000;0,00000
;0,57100;0,06231;0,00140;0,00000;0,00000
;0,57150;-0,07608;0,00137;0,00000;0,00000
;0,57200;0,03284;0,00145;0,00000;0,00000
;0,57250;-0,03315;0,00156;0,00000;0,00000
;0,57300;0,01682;0,00165;0,00000;0,00000
;0,57350;-0,00816;0,00171;0,00000;0,00000
;0,57400;0,06616;0,00177;0,00000;0,00000
;0,57450;-0,02931;0,00187;0,00000;0,00000
;0,57500;0,01234;0,00206;0,00000;0,00000
;0,57550;0,00401;0,00230;0,00000;0,00000
;0,57600;0,02644;0,00257;0,00000;0,00000
;0,57650;-0,06262;0,00287;0,00000;0,00000
;0,57700;0,05527;0,00315;0,00000;0,00000
;0,57750;-0,00752;0,00338;0,00000;0,00000
;0,57800;0,03220;0,00361;0,00000;0,00000
;0,57850;0,03220;0,00389;0,00000;0,00000
;0,57900;-0,00688;0,00425;0,00000;0,00000
;0,57950;0,02195;0,00469;0,00000;0,00000
;0,58000;0,03028;0,00521;0,00000;0,00000
;0,58050;-0,03956;0,00578;0,00000;0,00000
;0,58100;0,02195;0,00637;0,00000;0,00000
;0,58150;-0,05878;0,00688;0,00000;0,00000
;0,58200;0,01618;0,00725;0,00000;0,00000
;0,58250;-0,05365;0,00739;0,00000;0,00000
;0,58300;-0,01329;0,00727;0,00000;0,00000
;0,58350;-0,01265;0,00685;0,00000;0,00000
;0,58400;-0,01073;0,00616;0,00000;0,00000
;0,58450;-0,01457;0,00522;0,00000;0,00000
;0,58500;-0,00304;0,00409;0,00000;0,00000
;0,58550;-0,01841;0,00282;0,00000;0,00000
;0,58600;-0,02995;0,00145;0,00000;0,00000
;0,58650;-0,02738;-0,00002;0,00000;0,00000
;0,58700;0,01362;-0,00159;0,00000;0,00000
;0,58750;0,01298;-0,00317;0,00000;0,00000
;0,58800;-0,00368;-0,00466;0,00000;0,00000
;0,58850;-0,04789;-0,00603;0,00000;0,00000
;0,58900;-0,01713;-0,00729;0,00000;0,00000
;0,58950;-0,02482;-0,00848;0,00000;0,00000
;0,59000;0,04502;-0,00961;0,00000;0,00000
;0,59050;0,02772;-0,01059;0,00000;0,00000
;0,59100;-0,02931;-0,01130;0,00000;0,00000
;0,59150;-0,03059;-0,01176;0,00000;0,00000
;0,59200;-0,01329;-0,01204;0,00000;0,00000
;0,59250;-0,02418;-0,01221;0,00000;0,00000
;0,59300;0,03733;-0,01231;0,00000;0,00000
;0,59350;-0,03251;-0,01230;0,00000;0,00000
;0,59400;0,00209;-0,01218;0,00000;0,00000
;0,59450;0,01042;-0,01197;0,00000;0,00000
;0,59500;-0,01969;-0,01165;0,00000;0,00000
;0,59550;-0,01841;-0,01126;0,00000;0,00000
;0,59600;-0,02802;-0,01085;0,00000;0,00000
;0,59650;-0,00496;-0,01046;0,00000;0,00000
;0,59700;-0,06775;-0,01016;0,00000;0,00000
;0,59750;-0,05493;-0,01002;0,00000;0,00000
;0,59800;-0,04532;-0,01014;0,00000;0,00000
;0,59850;-0,05686;-0,01060;0,00000;0,00000
;0,59900;-0,06647;-0,01143;0,00000;0,00000
;0,59950;-0,06647;-0,01265;0,00000;0,00000
;0,60000;-0,06903;-0,01428;0,00000;0,00000
;0,60050;-0,03892;-0,01633;0,00000;0,00000
;0,60100;-0,07031;-0,01872;0,00000;0,00000
;0,60150;-0,00944;-0,02137;0,00000;0,00000
;0,60200;-0,02995;-0,02417;0,00000;0,00000
;0,60250;-0,05621;-0,02697;0,00000;0,00000
;0,60300;-0,05686;-0,02972;0,00000;0,00000
;0,60350;-0,04404;-0,03239;0,00000;0,00000
;0,60400;-0,03379;-0,03494;0,00000;0,00000
;0,60450;0,00593;-0,03730;0,00000;0,00000
;0,60500;-0,02802;-0,03938;0,00000;0,00000
;0,60550;-0,01841;-0,04108;0,00000;0,00000
;0,60600;0,03412;-0,04234;0,00000;0,00000
;0,60650;0,00401;-0,04307;0,00000;0,00000
;0,60700;-0,02995;-0,04322;0,00000;0,00000
;0,60750;-0,02802;-0,04282;0,00000;0,00000
;0,60800;0,01362;-0,04197;0,00000;0,00000
;0,60850;-0,04724;-0,04072;0,00000;0,00000
;0,60900;-0,03892;-0,03917;0,00000;0,00000
;0,60950;-0,02866;-0,03745;0,00000;0,00000
;0,61000;-0,00624;-0,03566;0,00000;0,00000
;0,61050;-0,02674;-0,03383;0,00000;0,00000
;0,61100;-0,07095;-0,03203;0,00000;0,00000
;0,61150;-0,09530;-0,03038;0,00000;0,00000
;0,61200;-0,04276;-0,02903;0,00000;0,00000
;0,61250;-0,03956;-0,02809;0,00000;0,00000
;0,61300;-0,05878;-0,02756;0,00000;0,00000
;0,61350;-0,03059;-0,02740;0,00000;0,00000
;0,61400;0,01362;-0,02756;0,00000;0,00000
;0,61450;0,06167;-0,02788;0,00000;0,00000
;0,61500;-0,07800;-0,02814;0,00000;0,00000
;0,61550;-0,02482;-0,02830;0,00000;0,00000
;0,61600;-0,03763;-0,02839;0,00000;0,00000
;0,61650;0,03476;-0,02844;0,00000;0,00000
;0,61700;-0,04981;-0,02838;0,00000;0,00000
;0,61750;0,00721;-0,02820;0,00000;0,00000
;0,61800;-0,02995;-0,02788;0,00000;0,00000
;0,61850;-0,00752;-0,02744;0,00000;0,00000
;0,61900;-0,02546;-0,02689;0,00000;0,00000
;0,61950;-0,00304;-0,02624;0,00000;0,00000
;0,62000;-0,03443;-0,02553;0,00000;0,00000
;0,62050;0,03348;-0,02474;0,00000;0,00000
;0,62100;-0,06070;-0,02388;0,00000;0,00000
;0,62150;-0,01521;-0,02298;0,00000;0,00000
;0,62200;-0,05045;-0,02211;0,00000;0,00000
;0,62250;-0,01201;-0,02134;0,00000;0,00000
;0,62300;-0,04212;-0,02070;0,00000;0,00000
;0,62350;-0,02931;-0,02021;0,00000;0,00000
;0,62400;-0,03251;-0,01990;0,00000;0,00000
;0,62450;0,00914;-0,01975;0,00000;0,00000
;0,62500;-0,04596;-0,01972;0,00000;0,00000
;0,62550;-0,00752;-0,01978;0,00000;0,00000
;0,62600;0,00978;-0,01989;0,00000;0,00000
;0,62650;0,00081;-0,01999;0,00000;0,00000
;0,62700;-0,06454;-0,02002;0,00000;0,00000
;0,62750;-0,01008;-0,02002;0,00000;0,00000
;0,62800;0,00593;-0,02001;0,00000;0,00000
;0,62850;0,03156;-0,01995;0,00000;0,00000
;0,62900;-0,00688;-0,01976;0,00000;0,00000
;0,62950;0,02387;-0,01936;0,00000;0,00000
;0,63000;-0,04917;-0,01875;0,00000;0,00000
;0,63050;-0,02226;-0,01799;0,00000;0,00000
;0,63100;-0,00432;-0,01718;0,00000;0,00000
;0,63150;0,05398;-0,01633;0,00000;0,00000
;0,63200;-0,02482;-0,01539;0,00000;0,00000
;0,63250;0,06167;-0,01432;0,00000;0,00000
;0,63300;-0,06070;-0,01310;0,00000;0,00000
;0,63350;0,00593;-0,01179;0,00000;0,00000
;0,63400;-0,04340;-0,01048;0,00000;0,00000
;0,63450;-0,01905;-0,00928;0,00000;0,00000
;0,63500;0,01362;-0,00823;0,00000;0,00000
;0,63550;0,03540;-0,00733;0,00000;0,00000
;0,63600;-0,00304;-0,00650;0,00000;0,00000
;0,63650;-0,03059;-0,00569;0,00000;0,00000
;0,63700;0,02644;-0,00493;0,00000;0,00000
;0,63750;0,03989;-0,00421;0,00000;0,00000
;0,63800;0,00850;-0,00347;0,00000;0,00000
;0,63850;0,02900;-0,00264;0,00000;0,00000
;0,63900;-0,00752;-0,00170;0,00000;0,00000
;0,63950;0,03220;-0,00069;0,00000;0,00000
;0,64000;-0,00111;0,00039;0,00000;0,00000
;0,64050;0,05783;0,00153;0,00000;0,00000
;0,64100;0,06680;0,00277;0,00000;0,00000
;0,64150;0,01811;0,00420;0,00000;0,00000
;0,64200;0,03028;0,00583;0,00000;0,00000
;0,64250;0,03733;0,00762;0,00000;0,00000
;0,64300;0,00337;0,00953;0,00000;0,00000
;0,64350;0,04630;0,01150;0,00000;0,00000
;0,64400;0,01939;0,01347;0,00000;0,00000
;0,64450;0,03797;0,01543;0,00000;0,00000
;0,64500;-0,00047;0,01734;0,00000;0,00000
;0,64550;0,09050;0,01916;0,00000;0,00000
;0,64600;-0,04212;0,02090;0,00000;0,00000
;0,64650;-0,01073;0,02248;0,00000;0,00000
;0,64700;-0,00880;0,02379;0,00000;0,00000
;0,64750;0,06295;0,02475;0,00000;0,00000
;0,64800;-0,03635;0,02537;0,00000;0,00000
;0,64850;0,04566;0,02569;0,00000;0,00000
;0,64900;0,00401;0,02574;0,00000;0,00000
;0,64950;-0,01457;0,02553;0,00000;0,00000
;0,65000;0,03605;0,02508;0,00000;0,00000
;0,65050;0,04181;0,02443;0,00000;0,00000
;0,65100;-0,00880;0,02368;0,00000;0,00000
;0,65150;0,07064;0,02289;0,00000;0,00000
;0,65200;0,00209;0,02211;0,00000;0,00000
;0,65250;0,04694;0,02142;0,00000;0,00000
;0,65300;0,02387;0,02084;0,00000;0,00000
;0,65350;0,06231;0,02042;0,00000;0,00000
;0,65400;0,01682;0,02019;0,00000;0,00000
;0,65450;0,03797;0,02017;0,00000;0,00000
;0,65500;-0,03315;0,02032;0,00000;0,00000
;0,65550;0,03925;0,02054;0,00000;0,00000
;0,65600;0,00657;0,02077;0,00000;0,00000
;0,65650;0,03669;0,02099;0,00000;0,00000
;0,65700;0,00978;0,02119;0,00000;0,00000
;0,65750;0,03733;0,02137;0,00000;0,00000
;0,65800;-0,04596;0,02152;0,00000;0,00000
;0,65850;0,01298;0,02157;0,00000;0,00000
;0,65900;0,05911;0,02147;0,00000;0,00000
;0,65950;0,03284;0,02127;0,00000;0,00000
;0,66000;-0,00176;0,02106;0,00000;0,00000
;0,66050;0,01106;0,02085;0,00000;0,00000
;0,66100;-0,06647;0,02058;0,00000;0,00000
;0,66150;0,05142;0,02015;0,00000;0,00000
;0,66200;-0,05814;0,01953;0,00000;0,00000
;0,66250;0,03156;0,01869;0,00000;0,00000
;0,66300;-0,05557;0,01764;0,00000;0,00000
;0,66350;0,00145;0,01636;0,00000;0,00000
;0,66400;-0,01265;0,01486;0,00000;0,00000
;0,66450;0,06039;0,01318;0,00000;0,00000
;0,66500;-0,04340;0,01145;0,00000;0,00000
;0,66550;-0,01329;0,00973;0,00000;0,00000
;0,66600;-0,03123;0,00798;0,00000;0,00000
;0,66650;0,00145;0,00619;0,00000;0,00000
;0,66700;-0,01841;0,00438;0,00000;0,00000
;0,66750;0,02964;0,00257;0,00000;0,00000
;0,66800;-0,02674;0,00085;0,00000;0,00000
;0,66850;0,01362;-0,00074;0,00000;0,00000
;0,66900;-0,01713;-0,00219;0,00000;0,00000
;0,66950;0,00657;-0,00347;0,00000;0,00000
;0,67000;0,00337;-0,00458;0,00000;0,00000
;0,67050;0,02003;-0,00549;0,00000;0,00000
;0,67100;-0,01649;-0,00617;0,00000;0,00000
;0,67150;0,03733;-0,00661;0,00000;0,00000
;0,67200;0,00593;-0,00680;0,00000;0,00000
;0,67250;-0,00432;-0,00673;0,00000;0,00000
;0,67300;-0,03507;-0,00646;0,00000;0,00000
;0,67350;-0,00496;-0,00606;0,00000;0,00000
;0,67400;0,02003;-0,00563;0,00000;0,00000
;0,67450;-0,00816;-0,00516;0,00000;0,00000
;0,67500;-0,01585;-0,00465;0,00000;0,00000
;0,67550;-0,01329;-0,00416;0,00000;0,00000
;0,67600;-0,01713;-0,00373;0,00000;0,00000
;0,67650;0,01811;-0,00339;0,00000;0,00000
;0,67700;-0,04020;-0,00313;0,00000;0,00000
;0,67750;-0,01969;-0,00298;0,00000;0,00000
;0,67800;-0,04917;-0,00299;0,00000;0,00000
;0,67850;0,00850;-0,00321;0,00000;0,00000
;0,67900;-0,01265;-0,00363;0,00000;0,00000
;0,67950;0,00337;-0,00418;0,00000;0,00000
;0,68000;-0,01713;-0,00481;0,00000;0,00000
;0,68050;-0,05686;-0,00550;0,00000;0,00000
;0,68100;-0,00240;-0,00629;0,00000;0,00000
;0,68150;-0,01201;-0,00718;0,00000;0,00000
;0,68200;-0,02226;-0,00813;0,00000;0,00000
;0,68250;0,00209;-0,00910;0,00000;0,00000
;0,68300;-0,02034;-0,01006;0,00000;0,00000
;0,68350;0,00978;-0,01096;0,00000;0,00000
;0,68400;-0,03123;-0,01178;0,00000;0,00000
;0,68450;-0,00176;-0,01250;0,00000;0,00000
;0,68500;-0,00880;-0,01311;0,00000;0,00000
;0,68550;-0,01265;-0,01361;0,00000;0,00000
;0,68600;-0,00304;-0,01399;0,00000;0,00000
;0,68650;0,00145;-0,01425;0,00000;0,00000
;0,68700;-0,00176;-0,01436;0,00000;0,00000
;0,68750;0,00209;-0,01432;0,00000;0,00000
;0,68800;0,00850;-0,01411;0,00000;0,00000
;0,68850;-0,02995;-0,01374;0,00000;0,00000
;0,68900;-0,03315;-0,01327;0,00000;0,00000
;0,68950;-0,00624;-0,01277;0,00000;0,00000
;0,69000;-0,00752;-0,01230;0,00000;0,00000
;0,69050;-0,04724;-0,01187;0,00000;0,00000
;0,69100;-0,00240;-0,01153;0,00000;0,00000
;0,69150;-0,08633;-0,01133;0,00000;0,00000
;0,69200;-0,00944;-0,01133;0,00000;0,00000
;0,69250;-0,09722;-0,01160;0,00000;0,00000
;0,69300;-0,04532;-0,01221;0,00000;0,00000
;0,69350;-0,03763;-0,01320;0,00000;0,00000
;0,69400;-0,07800;-0,01457;0,00000;0,00000
;0,69450;-0,02802;-0,01627;0,00000;0,00000
;0,69500;-0,02866;-0,01825;0,00000;0,00000
;0,69550;-0,03956;-0,02043;0,00000;0,00000
;0,69600;-0,07351;-0,02271;0,00000;0,00000
;0,69650;-0,06839;-0,02508;0,00000;0,00000
;0,69700;-0,00176;-0,02753;0,00000;0,00000
;0,69750;-0,01521;-0,02998;0,00000;0,00000
;0,69800;0,02836;-0,03226;0,00000;0,00000
;0,69850;-0,07351;-0,03423;0,00000;0,00000
;0,69900;-0,07800;-0,03588;0,00000;0,00000
;0,69950;-0,03956;-0,03730;0,00000;0,00000
;0,70000;0,02067;-0,03854;0,00000;0,00000
;0,70050;-0,03571;-0,03954;0,00000;0,00000
;0,70100;-0,03828;-0,04024;0,00000;0,00000
;0,70150;-0,01073;-0,04066;0,00000;0,00000
;0,70200;0,02259;-0,04077;0,00000;0,00000
;0,70250;-0,07479;-0,04056;0,00000;0,00000
;0,70300;0,02836;-0,04005;0,00000;0,00000
;0,70350;-0,05942;-0,03927;0,00000;0,00000
;0,70400;-0,02802;-0,03828;0,00000;0,00000
;0,70450;-0,01969;-0,03715;0,00000;0,00000
;0,70500;-0,05045;-0,03596;0,00000;0,00000
;0,70550;-0,06582;-0,03477;0,00000;0,00000
;0,70600;0,00209;-0,03367;0,00000;0,00000
;0,70650;-0,01201;-0,03267;0,00000;0,00000
;0,70700;-0,01969;-0,03172;0,00000;0,00000
;0,70750;-0,07672;-0,03082;0,00000;0,00000
;0,70800;0,00850;-0,03000;0,00000;0,00000
;0,70850;-0,02482;-0,02929;0,00000;0,00000
;0,70900;0,00273;-0,02863;0,00000;0,00000
;0,70950;-0,07544;-0,02800;0,00000;0,00000
;0,71000;-0,00176;-0,02743;0,00000;0,00000
;0,71050;-0,01393;-0,02693;0,00000;0,00000
;0,71100;0,02836;-0,02645;0,00000;0,00000
;0,71150;-0,01008;-0,02590;0,00000;0,00000
;0,71200;0,07000;-0,02520;0,00000;0,00000
;0,71250;-0,00688;-0,02425;0,00000;0,00000
;0,71300;0,04117;-0,02297;0,00000;0,00000
;0,71350;-0,04789;-0,02139;0,00000;0,00000
;0,71400;0,05270;-0,01956;0,00000;0,00000
;0,71450;-0,01969;-0,01754;0,00000;0,00000
;0,71500;0,03412;-0,01538;0,00000;0,00000
;0,71550;-0,00240;-0,01312;0,00000;0,00000
;0,71600;0,02259;-0,01078;0,00000;0,00000
;0,71650;-0,00624;-0,00841;0,00000;0,00000
;0,71700;-0,00880;-0,00606;0,00000;0,00000
;0,71750;-0,06582;-0,00386;0,00000;0,00000
;0,71800;0,01618;-0,00192;0,00000;0,00000
;0,71850;0,00529;-0,00030;0,00000;0,00000
;0,71900;0,04245;0,00102;0,00000;0,00000
;0,71950;-0,03635;0,00213;0,00000;0,00000
;0,72000;-0,00624;0,00304;0,00000;0,00000
;0,72050;-0,04468;0,00370;0,00000;0,00000
;0,72100;0,10011;0,00410;0,00000;0,00000
;0,72150;-0,02931;0,00433;0,00000;0,00000
;0,72200;0,03412;0,00451;0,00000;0,00000
;0,72250;-0,01969;0,00466;0,00000;0,00000
;0,72300;-0,00816;0,00477;0,00000;0,00000
;0,72350;0,01747;0,00482;0,00000;0,00000
;0,72400;0,01554;0,00481;0,00000;0,00000
;0,72450;-0,02610;0,00478;0,00000;0,00000
;0,72500;0,04309;0,00473;0,00000;0,00000
;0,72550;0,00401;0,00467;0,00000;0,00000
;0,72600;0,02964;0,00467;0,00000;0,00000
;0,72650;-0,06326;0,00471;0,00000;0,00000
;0,72700;0,04373;0,00475;0,00000;0,00000
;0,72750;-0,00880;0,00476;0,00000;0,00000
;0,72800;0,02451;0,00475;0,00000;0,00000
;0,72850;-0,01201;0,00475;0,00000;0,00000
;0,72900;0,04117;0,00477;0,00000;0,00000
;0,72950;-0,00111;0,00484;0,00000;0,00000
;0,73000;0,03220;0,00497;0,00000;0,00000
;0,73050;-0,00047;0,00519;0,00000;0,00000
;0,73100;0,01042;0,00549;0,00000;0,00000
;0,73150;0,03092;0,00586;0,00000;0,00000
;0,73200;0,11549;0,00634;0,00000;0,00000
;0,73250;0,04245;0,00706;0,00000;0,00000
;0,73300;0,04181;0,00815;0,00000;0,00000
;0,73350;-0,01713;0,00956;0,00000;0,00000
;0,73400;0,05334;0,01121;0,00000;0,00000
;0,73450;-0,02162;0,01296;0,00000;0,00000
;0,73500;0,05014;0,01474;0,00000;0,00000
;0,73550;-0,01008;0,01647;0,00000;0,00000
;0,73600;0,04566;0,01809;0,00000;0,00000
;0,73650;0,00081;0,01958;0,00000;0,00000
;0,73700;0,03156;0,02091;0,00000;0,00000
;0,73750;-0,04020;0,02205;0,00000;0,00000
;0,73800;-0,00624;0,02290;0,00000;0,00000
;0,73850;0,00914;0,02341;0,00000;0,00000
;0,73900;0,04758;0,02356;0,00000;0,00000
;0,73950;-0,05750;0,02342;0,00000;0,00000
;0,74000;0,00081;0,02298;0,00000;0,00000
;0,74050;-0,07287;0,02219;0,00000;0,00000
;0,74100;0,08346;0,02101;0,00000;0,00000
;0,74150;-0,02354;0,01953;0,00000;0,00000
;0,74200;-0,00560;0,01788;0,00000;0,00000
;0,74250;-0,00176;0,01610;0,00000;0,00000
;0,74300;0,01234;0,01424;0,00000;0,00000
;0,74350;-0,00816;0,01234;0,00000;0,00000
;0,74400;0,04053;0,01048;0,00000;0,00000
;0,74450;-0,03123;0,00873;0,00000;0,00000
;0,74500;0,02964;0,00711;0,00000;0,00000
;0,74550;0,00785;0,00565;0,00000;0,00000
;0,74600;0,03028;0,00439;0,00000;0,00000
;0,74650;0,01426;0,00338;0,00000;0,00000
;0,74700;0,03412;0,00266;0,00000;0,00000
;0,74750;-0,01265;0,00224;0,00000;0,00000
;0,74800;0,01106;0,00208;0,00000;0,00000
;0,74850;0,00465;0,00213;0,00000;0,00000
;0,74900;0,01747;0,00234;0,00000;0,00000
;0,74950;0,01618;0,00270;0,00000;0,00000
;0,75000;-0,01905;0,00317;0,00000;0,00000
;0,75050;-0,05109;0,00367;0,00000;0,00000
;0,75100;0,05783;0,00412;0,00000;0,00000
;0,75150;-0,05686;0,00446;0,00000;0,00000
;0,75200;-0,00752;0,00468;0,00000;0,00000
;0,75250;-0,01777;0,00472;0,00000;0,00000
;0,75300;0,03284;0,00457;0,00000;0,00000
;0,75350;-0,05237;0,00427;0,00000;0,00000
;0,75400;-0,00368;0,00381;0,00000;0,00000
;0,75450;0,04245;0,00322;0,00000;0,00000
;0,75500;0,01939;0,00257;0,00000;0,00000
;0,75550;0,01811;0,00198;0,00000;0,00000
;0,75600;-0,01329;0,00152;0,00000;0,00000
;0,75650;-0,02162;0,00116;0,00000;0,00000
;0,75700;0,00657;0,00086;0,00000;0,00000
;0,75750;0,00593;0,00058;0,00000;0,00000
;0,75800;-0,03828;0,00033;0,00000;0,00000
;0,75850;-0,04468;0,00004;0,00000;0,00000
;0,75900;-0,02354;-0,00037;0,00000;0,00000
;0,75950;-0,02290;-0,00096;0,00000;0,00000
;0,76000;-0,01201;-0,00174;0,00000;0,00000
;0,76050;0,02644;-0,00266;0,00000;0,00000
;0,76100;0,00273;-0,00363;0,00000;0,00000
;0,76150;-0,02546;-0,00456;0,00000;0,00000
;0,76200;-0,02482;-0,00544;0,00000;0,00000
;0,76250;-0,05109;-0,00631;0,00000;0,00000
;0,76300;0,02323;-0,00721;0,00000;0,00000
;0,76350;-0,07928;-0,00815;0,00000;0,00000
;0,76400;0,01042;-0,00915;0,00000;0,00000
;0,76450;0,02003;-0,01018;0,00000;0,00000
;0,76500;-0,06903;-0,01118;0,00000;0,00000
;0,76550;-0,07928;-0,01218;0,00000;0,00000
;0,76600;-0,01265;-0,01327;0,00000;0,00000
;0,76650;-0,05686;-0,01451;0,00000;0,00000
;0,76700;-0,03187;-0,01589;0,00000;0,00000
;0,76750;-0,05237;-0,01740;0,00000;0,00000
;0,76800;-0,00368;-0,01903;0,00000;0,00000
;0,76850;-0,06198;-0,02071;0,00000;0,00000
;0,76900;-0,02931;-0,02241;0,00000;0,00000
;0,76950;-0,05878;-0,02413;0,00000;0,00000
;0,77000;-0,01521;-0,02584;0,00000;0,00000
;0,77050;-0,01969;-0,02752;0,00000;0,00000
;0,77100;-0,08505;-0,02910;0,00000;0,00000
;0,77150;-0,01329;-0,03060;0,00000;0,00000
;0,77200;-0,00176;-0,03202;0,00000;0,00000
;0,77250;-0,01393;-0,03326;0,00000;0,00000
;0,77300;-0,00368;-0,03424;0,00000;0,00000
;0,77350;-0,05109;-0,03492;0,00000;0,00000
;0,77400;-0,01649;-0,03532;0,00000;0,00000
;0,77450;-0,03571;-0,03548;0,00000;0,00000
;0,77500;-0,04724;-0,03545;0,00000;0,00000
;0,77550;-0,05429;-0,03530;0,00000;0,00000
;0,77600;-0,04212;-0,03510;0,00000;0,00000
;0,77650;-0,04724;-0,03492;0,00000;0,00000
;0,77700;-0,11452;-0,03483;0,00000;0,00000
;0,77750;-0,07415;-0,03494;0,00000;0,00000
;0,77800;-0,06326;-0,03535;0,00000;0,00000
;0,77850;-0,04596;-0,03610;0,00000;0,00000
;0,77900;-0,03571;-0,03712;0,00000;0,00000
;0,77950;-0,05621;-0,03832;0,00000;0,00000
;0,78000;-0,09594;-0,03966;0,00000;0,00000
;0,78050;-0,09337;-0,04115;0,00000;0,00000
;0,78100;-0,03379;-0,04283;0,00000;0,00000
;0,78150;0,02964;-0,04462;0,00000;0,00000
;0,78200;-0,07800;-0,04635;0,00000;0,00000
;0,78250;-0,00304;-0,04789;0,00000;0,00000
;0,78300;-0,06262;-0,04918;0,00000;0,00000
;0,78350;-0,00240;-0,05018;0,00000;0,00000
;0,78400;-0,05942;-0,05088;0,00000;0,00000
;0,78450;-0,03892;-0,05127;0,00000;0,00000
;0,78500;0,00081;-0,05138;0,00000;0,00000
;0,78550;0,04950;-0,05116;0,00000;0,00000
;0,78600;-0,04212;-0,05051;0,00000;0,00000
;0,78650;-0,04660;-0,04940;0,00000;0,00000
;0,78700;-0,04917;-0,04797;0,00000;0,00000
;0,78750;-0,00304;-0,04632;0,00000;0,00000
;0,78800;-0,05365;-0,04454;0,00000;0,00000
;0,78850;0,02451;-0,04267;0,00000;0,00000
;0,78900;-0,04084;-0,04072;0,00000;0,00000
;0,78950;-0,02610;-0,03871;0,00000;0,00000
;0,79000;-0,05493;-0,03671;0,00000;0,00000
;0,79050;0,02195;-0,03478;0,00000;0,00000
;0,79100;-0,08633;-0,03295;0,00000;0,00000
;0,79150;0,08089;-0,03123;0,00000;0,00000
;0,79200;-0,06326;-0,02958;0,00000;0,00000
;0,79250;0,01811;-0,02796;0,00000;0,00000
;0,79300;-0,01585;-0,02636;0,00000;0,00000
;0,79350;-0,03315;-0,02479;0,00000;0,00000
;0,79400;-0,06198;-0,02330;0,00000;0,00000
;0,79450;0,01618;-0,02197;0,00000;0,00000
;0,79500;-0,01073;-0,02082;0,00000;0,00000
;0,79550;-0,03059;-0,01980;0,00000;0,00000
;0,79600;-0,02738;-0,01892;0,00000;0,00000
;0,79650;0,01939;-0,01817;0,00000;0,00000
;0,79700;-0,06134;-0,01755;0,00000;0,00000
;0,79750;-0,02995;-0,01705;0,00000;0,00000
;0,79800;-0,02674;-0,01673;0,00000;0,00000
;0,79850;0,02772;-0,01657;0,00000;0,00000
;0,79900;-0,03187;-0,01652;0,00000;0,00000
;0,79950;0,01170;-0,01650;0,00000;0,00000
;0,80000;-0,07095;-0,01649;0,00000;0,00000
;0,80050;-0,02482;-0,01654;0,00000;0,00000
;0,80100;-0,03828;-0,01669;0,00000;0,00000
;0,80150;-0,00560;-0,01698;0,00000;0,00000
;0,80200;0,00850;-0,01735;0,00000;0,00000
;0,80250;0,04566;-0,01771;0,00000;0,00000
;0,80300;-0,05493;-0,01794;0,00000;0,00000
;0,80350;0,01811;-0,01801;0,00000;0,00000
;0,80400;-0,03059;-0,01794;0,00000;0,00000
;0,80450;0,03861;-0,01773;0,00000;0,00000
;0,80500;0,03028;-0,01734;0,00000;0,00000
;0,80550;0,04437;-0,01669;0,00000;0,00000
;0,80600;-0,02802;-0,01571;0,00000;0,00000
;0,80650;0,02644;-0,01445;0,00000;0,00000
;0,80700;0,00850;-0,01295;0,00000;0,00000
;0,80750;0,04822;-0,01125;0,00000;0,00000
;0,80800;-0,02995;-0,00937;0,00000;0,00000
;0,80850;0,02708;-0,00736;0,00000;0,00000
;0,80900;-0,04212;-0,00531;0,00000;0,00000
;0,80950;0,08282;-0,00330;0,00000;0,00000
;0,81000;-0,03507;-0,00134;0,00000;0,00000
;0,81050;0,05014;0,00056;0,00000;0,00000
;0,81100;0,01042;0,00242;0,00000;0,00000
;0,81150;0,00017;0,00420;0,00000;0,00000
;0,81200;0,02067;0,00590;0,00000;0,00000
;0,81250;0,01618;0,00748;0,00000;0,00000
;0,81300;-0,03187;0,00892;0,00000;0,00000
;0,81350;0,10588;0,01019;0,00000;0,00000
;0,81400;0,02515;0,01138;0,00000;0,00000
;0,81450;0,05591;0,01258;0,00000;0,00000
;0,81500;0,02515;0,01387;0,00000;0,00000
;0,81550;0,08474;0,01526;0,00000;0,00000
;0,81600;-0,06390;0,01676;0,00000;0,00000
;0,81650;0,03797;0,01827;0,00000;0,00000
;0,81700;0,04309;0,01968;0,00000;0,00000
;0,81750;0,05270;0,02100;0,00000;0,00000
;0,81800;-0,05237;0,02225;0,00000;0,00000
;0,81850;0,02131;0,02333;0,00000;0,00000
;0,81900;-0,00304;0,02417;0,00000;0,00000
;0,81950;0,06103;0,02473;0,00000;0,00000
;0,82000;0,01811;0,02507;0,00000;0,00000
;0,82050;-0,00496;0,02526;0,00000;0,00000
;0,82100;-0,00752;0,02528;0,00000;0,00000
;0,82150;0,03733;0,02509;0,00000;0,00000
;0,82200;-0,02098;0,02471;0,00000;0,00000
;0,82250;-0,00432;0,02414;0,00000;0,00000
;0,82300;0,04245;0,02336;0,00000;0,00000
;0,82350;0,04822;0,02246;0,00000;0,00000
;0,82400;0,02067;0,02154;0,00000;0,00000
;0,82450;0,08218;0,02071;0,00000;0,00000
;0,82500;-0,03828;0,02005;0,00000;0,00000
;0,82550;0,03476;0,01955;0,00000;0,00000
;0,82600;-0,01905;0,01914;0,00000;0,00000
;0,82650;0,04950;0,01878;0,00000;0,00000
;0,82700;-0,00816;0,01845;0,00000;0,00000
;0,82750;0,03989;0,01815;0,00000;0,00000
;0,82800;-0,01713;0,01789;0,00000;0,00000
;0,82850;0,05847;0,01766;0,00000;0,00000
;0,82900;0,01811;0,01747;0,00000;0,00000
;0,82950;0,02131;0,01735;0,00000;0,00000
;0,83000;-0,01777;0,01731;0,00000;0,00000
;0,83050;-0,00624;0,01727;0,00000;0,00000
;0,83100;-0,05109;0,01714;0,00000;0,00000
;0,83150;0,00593;0,01681;0,00000;0,00000
;0,83200;-0,06903;0,01620;0,00000;0,00000
;0,83250;0,03092;0,01528;0,00000;0,00000
;0,83300;-0,00240;0,01407;0,00000;0,00000
;0,83350;-0,01008;0,01265;0,00000;0,00000
;0,83400;-0,02738;0,01108;0,00000;0,00000
;0,83450;0,01234;0,00938;0,00000;0,00000
;0,83500;-0,07479;0,00758;0,00000;0,00000
;0,83550;-0,00496;0,00565;0,00000;0,00000
;0,83600;0,01298;0,00361;0,00000;0,00000
;0,83650;0,04181;0,00155;0,00000;0,00000
;0,83700;-0,03763;-0,00040;0,00000;0,00000
;0,83750;0,01875;-0,00217;0,00000;0,00000
;0,83800;0,00657;-0,00372;0,00000;0,00000
;0,83850;0,03476;-0,00502;0,00000;0,00000
;0,83900;0,01106;-0,00599;0,00000;0,00000
;0,83950;0,03605;-0,00660;0,00000;0,00000
;0,84000;0,02964;-0,00680;0,00000;0,00000
;0,84050;0,02836;-0,00658;0,00000;0,00000
;0,84100;-0,02290;-0,00596;0,00000;0,00000
;0,84150;0,02067;-0,00502;0,00000;0,00000
;0,84200;-0,04917;-0,00389;0,00000;0,00000
;0,84250;-0,00752;-0,00269;0,00000;0,00000
;0,84300;-0,04853;-0,00157;0,00000;0,00000
;0,84350;-0,03699;-0,00066;0,00000;0,00000
;0,84400;-0,09402;-0,00007;0,00000;0,00000
;0,84450;0,00145;0,00006;0,00000;0,00000
;0,84500;-0,03251;-0,00028;0,00000;0,00000
;0,84550;-0,02290;-0,00104;0,00000;0,00000
;0,84600;-0,03187;-0,00216;0,00000;0,00000
;0,84650;-0,07287;-0,00360;0,00000;0,00000
;0,84700;-0,06326;-0,00537;0,00000;0,00000
;0,84750;-0,02098;-0,00748;0,00000;0,00000
;0,84800;-0,09209;-0,00991;0,00000;0,00000
;0,84850;-0,02162;-0,01261;0,00000;0,00000
;0,84900;-0,04276;-0,01552;0,00000;0,00000
;0,84950;-0,04468;-0,01856;0,00000;0,00000
;0,85000;-0,00560;-0,02163;0,00000;0,00000
;0,85050;-0,02290;-0,02461;0,00000;0,00000
;0,85100;-0,08825;-0,02741;0,00000;0,00000
;0,85150;0,02323;-0,03002;0,00000;0,00000
;0,85200;-0,04789;-0,03237;0,00000;0,00000
;0,85250;-0,04276;-0,03444;0,00000;0,00000
;0,85300;0,01554;-0,03618;0,00000;0,00000
;0,85350;-0,07159;-0,03759;0,00000;0,00000
;0,85400;-0,02546;-0,03866;0,00000;0,00000
;0,85450;-0,01585;-0,03944;0,00000;0,00000
;0,85500;-0,07672;-0,03996;0,00000;0,00000
;0,85550;-0,05557;-0,04028;0,00000;0,00000
;0,85600;-0,03828;-0,04049;0,00000;0,00000
;0,85650;-0,04020;-0,04066;0,00000;0,00000
;0,85700;-0,02674;-0,04077;0,00000;0,00000
;0,85750;-0,07159;-0,04084;0,00000;0,00000
;0,85800;-0,03956;-0,04089;0,00000;0,00000
;0,85850;-0,01521;-0,04094;0,00000;0,00000
;0,85900;-0,04148;-0,04098;0,00000;0,00000
;0,85950;-0,08697;-0,04099;0,00000;0,00000
;0,86000;-0,05173;-0,04103;0,00000;0,00000
;0,86050;-0,06518;-0,04117;0,00000;0,00000
;0,86100;-0,08312;-0,04146;0,00000;0,00000
;0,86150;-0,04468;-0,04193;0,00000;0,00000
;0,86200;0,01362;-0,04256;0,00000;0,00000
;0,86250;-0,04340;-0,04323;0,00000;0,00000
;0,86300;0,00273;-0,04381;0,00000;0,00000
;0,86350;-0,07479;-0,04423;0,00000;0,00000
;0,86400;-0,01969;-0,04449;0,00000;0,00000
;0,86450;-0,05878;-0,04461;0,00000;0,00000
;0,86500;0,03284;-0,04460;0,00000;0,00000
;0,86550;-0,05045;-0,04439;0,00000;0,00000
;0,86600;-0,01777;-0,04397;0,00000;0,00000
;0,86650;0,00273;-0,04332;0,00000;0,00000
;0,86700;-0,00880;-0,04244;0,00000;0,00000
;0,86750;-0,06711;-0,04132;0,00000;0,00000
;0,86800;-0,01777;-0,04004;0,00000;0,00000
;0,86850;-0,02866;-0,03868;0,00000;0,00000
;0,86900;0,00081;-0,03728;0,00000;0,00000
;0,86950;-0,04917;-0,03584;0,00000;0,00000
;0,87000;-0,03507;-0,03439;0,00000;0,00000
;0,87050;-0,10683;-0,03304;0,00000;0,00000
;0,87100;0,02515;-0,03189;0,00000;0,00000
;0,87150;-0,07608;-0,03098;0,00000;0,00000
;0,87200;-0,03571;-0,03029;0,00000;0,00000
;0,87250;-0,03571;-0,02984;0,00000;0,00000
;0,87300;-0,00688;-0,02961;0,00000;0,00000
;0,87350;-0,04212;-0,02953;0,00000;0,00000
;0,87400;-0,01457;-0,02955;0,00000;0,00000
;0,87450;-0,05557;-0,02964;0,00000;0,00000
;0,87500;0,01042;-0,02978;0,00000;0,00000
;0,87550;-0,02290;-0,02993;0,00000;0,00000
;0,87600;0,01554;-0,03000;0,00000;0,00000
;0,87650;0,04502;-0,02991;0,00000;0,00000
;0,87700;-0,00880;-0,02953;0,00000;0,00000
;0,87750;-0,00688;-0,02882;0,00000;0,00000
;0,87800;0,03348;-0,02778;0,00000;0,00000
;0,87850;-0,00047;-0,02642;0,00000;0,00000
;0,87900;0,07257;-0,02473;0,00000;0,00000
;0,87950;0,02772;-0,02266;0,00000;0,00000
;0,88000;0,05398;-0,02019;0,00000;0,00000
;0,88050;-0,00560;-0,01731;0,00000;0,00000
;0,88100;0,05334;-0,01412;0,00000;0,00000
;0,88150;-0,02482;-0,01069;0,00000;0,00000
;0,88200;-0,00240;-0,00717;0,00000;0,00000
;0,88250;-0,01905;-0,00373;0,00000;0,00000
;0,88300;-0,01649;-0,00050;0,00000;0,00000
;0,88350;-0,00880;0,00238;0,00000;0,00000
;0,88400;0,00529;0,00485;0,00000;0,00000
;0,88450;-0,00688;0,00689;0,00000;0,00000
;0,88500;0,01875;0,00851;0,00000;0,00000
;0,88550;-0,01393;0,00974;0,00000;0,00000
;0,88600;0,06167;0,01063;0,00000;0,00000
;0,88650;-0,03187;0,01126;0,00000;0,00000
;0,88700;0,03861;0,01168;0,00000;0,00000
;0,88750;0,02259;0,01194;0,00000;0,00000
;0,88800;0,02964;0,01210;0,00000;0,00000
;0,88850;-0,02931;0,01221;0,00000;0,00000
;0,88900;0,04245;0,01228;0,00000;0,00000
;0,88950;0,01298;0,01229;0,00000;0,00000
;0,89000;0,07449;0,01232;0,00000;0,00000
;0,89050;0,05142;0,01246;0,00000;0,00000
;0,89100;0,03861;0,01282;0,00000;0,00000
;0,89150;0,02195;0,01343;0,00000;0,00000
;0,89200;0,04886;0,01427;0,00000;0,00000
;0,89250;-0,02290;0,01530;0,00000;0,00000
;0,89300;0,06424;0,01643;0,00000;0,00000
;0,89350;0,03540;0,01763;0,00000;0,00000
;0,89400;0,06295;0,01891;0,00000;0,00000
;0,89450;0,06167;0,02031;0,00000;0,00000
;0,89500;0,10140;0,02189;0,00000;0,00000
;0,89550;0,09115;0,02373;0,00000;0,00000
;0,89600;0,11421;0,02591;0,00000;0,00000
;0,89650;0,03412;0,02849;0,00000;0,00000
;0,89700;0,14176;0,03144;0,00000;0,00000
;0,89750;0,14432;0,03476;0,00000;0,00000
;0,89800;0,11101;0,03852;0,00000;0,00000
;0,89850;0,08089;0,04273;0,00000;0,00000
;0,89900;0,14176;0,04731;0,00000;0,00000
;0,89950;0,15457;0,05222;0,00000;0,00000
;0,90000;0,22313;0,05747;0,00000;0,00000
;0,90050;0,17059;0,06319;0,00000;0,00000
;0,90100;0,25965;0,06946;0,00000;0,00000
;0,90150;0,27951;0,07640;0,00000;0,00000
;0,90200;0,36408;0,08418;0,00000;0,00000
;0,90250;0,35767;0,09304;0,00000;0,00000
;0,90300;0,45698;0,10324;0,00000;0,00000
;0,90350;0,40444;0,11498;0,00000;0,00000
;0,90400;0,53899;0,12844;0,00000;0,00000
;0,90450;0,50375;0,14376;0,00000;0,00000
;0,90500;0,59409;0,16106;0,00000;0,00000
;0,90550;0,62036;0,18041;0,00000;0,00000
;0,90600;0,70557;0,20190;0,00000;0,00000
;0,90650;0,64535;0,22557;0,00000;0,00000
;0,90700;0,74017;0,25138;0,00000;0,00000
;0,90750;0,71134;0,27918;0,00000;0,00000
;0,90800;0,72287;0,30876;0,00000;0,00000
;0,90850;0,67994;0,33979;0,00000;0,00000
;0,90900;0,75555;0,37185;0,00000;0,00000
;0,90950;0,75170;0,40452;0,00000;0,00000
;0,91000;0,78310;0,43746;0,00000;0,00000
;0,91050;0,79847;0,47036;0,00000;0,00000
;0,91100;0,88304;0,50299;0,00000;0,00000
;0,91150;0,93878;0,53522;0,00000;0,00000
;0,91200;1,01246;0,56712;0,00000;0,00000
;0,91250;1,03745;0,59881;0,00000;0,00000
;0,91300;1,19570;0,63052;0,00000;0,00000
;0,91350;1,25336;0,66258;0,00000;0,00000
;0,91400;1,35075;0,69546;0,00000;0,00000
;0,91450;1,39432;0,72959;0,00000;0,00000
;0,91500;1,49939;0,76541;0,00000;0,00000
;0,91550;1,50580;0,80326;0,00000;0,00000
;0,91600;1,57307;0,84335;0,00000;0,00000
;0,91650;1,50900;0,88576;0,00000;0,00000
;0,91700;1,62561;0,93033;0,00000;0,00000
;0,91750;1,56666;0,97678;0,00000;0,00000
;0,91800;1,54808;1,02474;0,00000;0,00000
;0,91850;1,49683;1,07362;0,00000;0,00000
;0,91900;1,48273;1,12268;0,00000;0,00000
;0,91950;1,48594;1,17113;0,00000;0,00000
;0,92000;1,57243;1,21824;0,00000;0,00000
;0,92050;1,51797;1,26347;0,00000;0,00000
;0,92100;1,58204;1,30642;0,00000;0,00000
;0,92150;1,69352;1,34683;0,00000;0,00000
;0,92200;1,75247;1,38472;0,00000;0,00000
;0,92250;1,76208;1,42031;0,00000;0,00000
;0,92300;1,88701;1,45393;0,00000;0,00000
;0,92350;1,92097;1,48597;0,00000;0,00000
;0,92400;2,01835;1,51696;0,00000;0,00000
;0,92450;2,02925;1,54740;0,00000;0,00000
;0,92500;2,10677;1,57779;0,00000;0,00000
;0,92550;2,10805;1,60854;0,00000;0,00000
;0,92600;2,12343;1,63993;0,00000;0,00000
;0,92650;2,12215;1,67210;0,00000;0,00000
;0,92700;2,13496;1,70503;0,00000;0,00000
;0,92750;2,11638;1,73858;0,00000;0,00000
;0,92800;2,17468;1,77252;0,00000;0,00000
;0,92850;2,15162;1,80662;0,00000;0,00000
;0,92900;2,19454;1,84063;0,00000;0,00000
;0,92950;2,23811;1,87431;0,00000;0,00000
;0,93000;2,32909;1,90755;0,00000;0,00000
;0,93050;2,37138;1,94037;0,00000;0,00000
;0,93100;2,45339;1,97291;0,00000;0,00000
;0,93150;2,42519;2,00536;0,00000;0,00000
;0,93200;2,47901;2,03785;0,00000;0,00000
;0,93250;2,47837;2,07045;0,00000;0,00000
;0,93300;2,47453;2,10313;0,00000;0,00000
;0,93350;2,49567;2,13580;0,00000;0,00000
;0,93400;2,47837;2,16829;0,00000;0,00000
;0,93450;2,50592;2,20039;0,00000;0,00000
;0,93500;2,49887;2,23187;0,00000;0,00000
;0,93550;2,46043;2,26251;0,00000;0,00000
;0,93600;2,52322;2,29203;0,00000;0,00000
;0,93650;2,59178;2,32024;0,00000;0,00000
;0,93700;2,58024;2,34711;0,00000;0,00000
;0,93750;2,58921;2,37268;0,00000;0,00000
;0,93800;2,70838;2,39702;0,00000;0,00000
;0,93850;2,72376;2,42031;0,00000;0,00000
;0,93900;2,84421;2,44288;0,00000;0,00000
;0,93950;2,86984;2,46514;0,00000;0,00000
;0,94000;2,93967;2,48756;0,00000;0,00000
;0,94050;2,98260;2,51058;0,00000;0,00000
;0,94100;3,06525;2,53460;0,00000;0,00000
;0,94150;2,99798;2,55997;0,00000;0,00000
;0,94200;3,11330;2,58688;0,00000;0,00000
;0,94250;3,06397;2,61538;0,00000;0,00000
;0,94300;3,04154;2,64540;0,00000;0,00000
;0,94350;3,16456;2,67675;0,00000;0,00000
;0,94400;3,13765;2,70920;0,00000;0,00000
;0,94450;3,17481;2,74258;0,00000;0,00000
;0,94500;3,20556;2,77669;0,00000;0,00000
;0,94550;3,14534;2,81126;0,00000;0,00000
;0,94600;3,12163;2,84598;0,00000;0,00000
;0,94650;3,13701;2,88036;0,00000;0,00000
;0,94700;3,16007;2,91396;0,00000;0,00000
;0,94750;3,21645;2,94642;0,00000;0,00000
;0,94800;3,19211;2,97750;0,00000;0,00000
;0,94850;3,30038;3,00711;0,00000;0,00000
;0,94900;3,31640;3,03523;0,00000;0,00000
;0,94950;3,44326;3,06205;0,00000;0,00000
;0,95000;3,50092;3,08791;0,00000;0,00000
;0,95050;3,55218;3,11326;0,00000;0,00000
;0,95100;3,53552;3,13855;0,00000;0,00000
;0,95150;3,60087;3,16412;0,00000;0,00000
;0,95200;3,68608;3,19026;0,00000;0,00000
;0,95250;3,69697;3,21723;0,00000;0,00000
;0,95300;3,71619;3,24526;0,00000;0,00000
;0,95350;3,80781;3,27450;0,00000;0,00000
;0,95400;3,77193;3,30503;0,00000;0,00000
;0,95450;3,88406;3,33689;0,00000;0,00000
;0,95500;3,80269;3,37004;0,00000;0,00000
;0,95550;3,84882;3,40433;0,00000;0,00000
;0,95600;3,83857;3,43950;0,00000;0,00000
;0,95650;3,87637;3,47522;0,00000;0,00000
;0,95700;3,97439;3,51121;0,00000;0,00000
;0,95750;4,05704;3,54733;0,00000;0,00000
;0,95800;4,04039;3,58359;0,00000;0,00000
;0,95850;4,12560;3,62002;0,00000;0,00000
;0,95900;4,11663;3,65665;0,00000;0,00000
;0,95950;4,17493;3,69347;0,00000;0,00000
;0,96000;4,16340;3,73044;0,00000;0,00000
;0,96050;4,16020;3,76744;0,00000;0,00000
;0,96100;4,16084;3,80429;0,00000;0,00000
;0,96150;4,30884;3,84077;0,00000;0,00000
;0,96200;4,22106;3,87678;0,00000;0,00000
;0,96250;4,29218;3,91224;0,00000;0,00000
;0,96300;4,30243;3,94705;0,00000;0,00000
;0,96350;4,32293;3,98111;0,00000;0,00000
;0,96400;4,36201;4,01436;0,00000;0,00000
;0,96450;4,42929;4,04677;0,00000;0,00000
;0,96500;4,47093;4,07841;0,00000;0,00000
;0,96550;4,54589;4,10946;0,00000;0,00000
;0,96600;4,61188;4,14014;0,00000;0,00000
;0,96650;4,66891;4,17076;0,00000;0,00000
;0,96700;4,60035;4,20160;0,00000;0,00000
;0,96750;4,72401;4,23282;0,00000;0,00000
;0,96800;4,59971;4,26446;0,00000;0,00000
;0,96850;4,76629;4,29645;0,00000;0,00000
;0,96900;4,68813;4,32870;0,00000;0,00000
;0,96950;4,75668;4,36113;0,00000;0,00000
;0,97000;4,73362;4,39359;0,00000;0,00000
;0,97050;4,88162;4,42596;0,00000;0,00000
;0,97100;4,82972;4,45820;0,00000;0,00000
;0,97150;4,88098;4,49032;0,00000;0,00000
;0,97200;4,90596;4,52230;0,00000;0,00000
;0,97250;5,00207;4,55413;0,00000;0,00000
;0,97300;5,02770;4,58589;0,00000;0,00000
;0,97350;5,15583;4,61775;0,00000;0,00000
;0,97400;5,15968;4,64995;0,00000;0,00000
;0,97450;5,28654;4,68279;0,00000;0,00000
;0,97500;5,25194;4,71654;0,00000;0,00000
;0,97550;5,36214;4,75142;0,00000;0,00000
;0,97600;5,35125;4,78756;0,00000;0,00000
;0,97650;5,36662;4,82502;0,00000;0,00000
;0,97700;5,34484;4,86369;0,00000;0,00000
;0,97750;5,42941;4,90333;0,00000;0,00000
;0,97800;5,37495;4,94367;0,00000;0,00000
;0,97850;5,39481;4,98439;0,00000;0,00000
;0,97900;5,37367;5,02507;0,00000;0,00000
;0,97950;5,46529;5,06529;0,00000;0,00000
;0,98000;5,38328;5,10471;0,00000;0,00000
;0,98050;5,54089;5,14301;0,00000;0,00000
;0,98100;5,50501;5,18004;0,00000;0,00000
;0,98150;5,58382;5,21573;0,00000;0,00000
;0,98200;5,56652;5,25010;0,00000;0,00000
;0,98250;5,67031;5,28320;0,00000;0,00000
;0,98300;5,64148;5,31514;0,00000;0,00000
;0,98350;5,81703;5,34610;0,00000;0,00000
;0,98400;5,78756;5,37636;0,00000;0,00000
;0,98450;5,88494;5,40627;0,00000;0,00000
;0,98500;5,92339;5,43616;0,00000;0,00000
;0,98550;5,99258;5,46637;0,00000;0,00000
;0,98600;5,93748;5,49719;0,00000;0,00000
;0,98650;5,93428;5,52872;0,00000;0,00000
;0,98700;5,94389;5,56088;0,00000;0,00000
;0,98750;5,96952;5,59346;0,00000;0,00000
;0,98800;5,90609;5,62621;0,00000;0,00000
;0,98850;5,95094;5,65878;0,00000;0,00000
;0,98900;5,95350;5,69083;0,00000;0,00000
;0,98950;6,03935;5,72209;0,00000;0,00000
;0,99000;6,03871;5,75241;0,00000;0,00000
;0,99050;6,16493;5,78178;0,00000;0,00000
;0,99100;6,17262;5,81033;0,00000;0,00000
;0,99150;6,31549;5,83833;0,00000;0,00000
;0,99200;6,31485;5,86613;0,00000;0,00000
;0,99250;6,36162;5,89411;0,00000;0,00000
;0,99300;6,41224;5,92259;0,00000;0,00000
;0,99350;6,58458;5,95188;0,00000;0,00000
;0,99400;6,52884;5,98233;0,00000;0,00000
;0,99450;6,54102;6,01425;0,00000;0,00000
;0,99500;6,57753;6,04772;0,00000;0,00000
;0,99550;6,65121;6,08268;0,00000;0,00000
;0,99600;6,56024;6,11903;0,00000;0,00000
;0,99650;6,58266;6,15652;0,00000;0,00000
;0,99700;6,55575;6,19472;0,00000;0,00000
;0,99750;6,56600;6,23313;0,00000;0,00000
;0,99800;6,56344;6,27124;0,00000;0,00000
;0,99850;6,61662;6,30857;0,00000;0,00000
;0,99900;6,60765;6,34474;0,00000;0,00000
;0,99950;6,60765;6,37948;0,00000;0,00000
;1,00000;6,65314;6,41253;0,00000;0,00000
;1,00050;6,69799;6,44375;0,00000;0,00000
;1,00100;6,86200;6,47319;0,00000;0,00000
;1,00150;6,82676;6,50112;0,00000;0,00000
;1,00200;6,87097;6,52790;0,00000;0,00000
;1,00250;6,92479;6,55386;0,00000;0,00000
;1,00300;6,99142;6,57933;0,00000;0,00000
;1,00350;7,02858;6,60465;0,00000;0,00000
;1,00400;6,98117;6,63014;0,00000;0,00000
;1,00450;7,00360;6,65596;0,00000;0,00000
;1,00500;7,00552;6,68211;0,00000;0,00000
;1,00550;6,98950;6,70849;0,00000;0,00000
;1,00600;6,95298;6,73493;0,00000;0,00000
;1,00650;7,01577;6,76114;0,00000;0,00000
;1,00700;6,99719;6,78687;0,00000;0,00000
;1,00750;7,08817;6,81196;0,00000;0,00000
;1,00800;7,08753;6,83632;0,00000;0,00000
;1,00850;7,16505;6,86001;0,00000;0,00000
;1,00900;7,19837;6,88313;0,00000;0,00000
;1,00950;7,27077;6,90589;0,00000;0,00000
;1,01000;7,30921;6,92857;0,00000;0,00000
;1,01050;7,37392;6,95146;0,00000;0,00000
;1,01100;7,49245;6,97490;0,00000;0,00000
;1,01150;7,48476;6,99930;0,00000;0,00000
;1,01200;7,54306;7,02500;0,00000;0,00000
;1,01250;7,54947;7,05225;0,00000;0,00000
;1,01300;7,51871;7,08113;0,00000;0,00000
;1,01350;7,44632;7,11150;0,00000;0,00000
;1,01400;7,37071;7,14294;0,00000;0,00000
;1,01450;7,42966;7,17482;0,00000;0,00000
;1,01500;7,44183;7,20652;0,00000;0,00000
;1,01550;7,45593;7,23753;0,00000;0,00000
;1,01600;7,47451;7,26750;0,00000;0,00000
;1,01650;7,52320;7,29615;0,00000;0,00000
;1,01700;7,56869;7,32337;0,00000;0,00000
;1,01750;7,60393;7,34916;0,00000;0,00000
;1,01800;7,67889;7,37367;0,00000;0,00000
;1,01850;7,66479;7,39712;0,00000;0,00000
;1,01900;7,71797;7,41974;0,00000;0,00000
;1,01950;7,71220;7,44176;0,00000;0,00000
;1,02000;7,68914;7,46330;0,00000;0,00000
;1,02050;7,66095;7,48442;0,00000;0,00000
;1,02100;7,60136;7,50498;0,00000;0,00000
;1,02150;7,70452;7,52477;0,00000;0,00000
;1,02200;7,66800;7,54364;0,00000;0,00000
;1,02250;7,67633;7,56149;0,00000;0,00000
;1,02300;7,72181;7,57829;0,00000;0,00000
;1,02350;7,73527;7,59403;0,00000;0,00000
;1,02400;7,77820;7,60881;0,00000;0,00000
;1,02450;7,78332;7,62278;0,00000;0,00000
;1,02500;7,85188;7,63612;0,00000;0,00000
;1,02550;7,91082;7,64909;0,00000;0,00000
;1,02600;7,94862;7,66202;0,00000;0,00000
;1,02650;8,03383;7,67530;0,00000;0,00000
;1,02700;8,01461;7,68932;0,00000;0,00000
;1,02750;8,02807;7,70441;0,00000;0,00000
;1,02800;8,08765;7,72074;0,00000;0,00000
;1,02850;8,10047;7,73844;0,00000;0,00000
;1,02900;8,15557;7,75761;0,00000;0,00000
;1,02950;8,07612;7,77826;0,00000;0,00000
;1,03000;8,12353;7,80028;0,00000;0,00000
;1,03050;8,10944;7,82342;0,00000;0,00000
;1,03100;8,10559;7,84740;0,00000;0,00000
;1,03150;8,01910;7,87186;0,00000;0,00000
;1,03200;8,00180;7,89629;0,00000;0,00000
;1,03250;8,07484;7,92016;0,00000;0,00000
;1,03300;8,01461;7,94303;0,00000;0,00000
;1,03350;7,97681;7,96452;0,00000;0,00000
;1,03400;8,05241;7,98430;0,00000;0,00000
;1,03450;8,11648;8,00217;0,00000;0,00000
;1,03500;8,20746;8,01819;0,00000;0,00000
;1,03550;8,15300;8,03264;0,00000;0,00000
;1,03600;8,29972;8,04588;0,00000;0,00000
;1,03650;8,29780;8,05831;0,00000;0,00000
;1,03700;8,30933;8,07040;0,00000;0,00000
;1,03750;8,27409;8,08250;0,00000;0,00000
;1,03800;8,35738;8,09485;0,00000;0,00000
;1,03850;8,16966;8,10755;0,00000;0,00000
;1,03900;8,19593;8,12049;0,00000;0,00000
;1,03950;8,09085;8,13331;0,00000;0,00000
;1,04000;7,96976;8,14550;0,00000;0,00000
;1,04050;7,97809;8,15640;0,00000;0,00000
;1,04100;8,04921;8,16539;0,00000;0,00000
;1,04150;8,07548;8,17211;0,00000;0,00000
;1,04200;8,16005;8,17654;0,00000;0,00000
;1,04250;8,27409;8,17897;0,00000;0,00000
;1,04300;8,36699;8,17996;0,00000;0,00000
;1,04350;8,40544;8,18031;0,00000;0,00000
;1,04400;8,53806;8,18086;0,00000;0,00000
;1,04450;8,59700;8,18253;0,00000;0,00000
;1,04500;8,71105;8,18621;0,00000;0,00000
;1,04550;8,62135;8,19272;0,00000;0,00000
;1,04600;8,60213;8,20254;0,00000;0,00000
;1,04650;8,48296;8,21574;0,00000;0,00000
;1,04700;8,38878;8,23192;0,00000;0,00000
;1,04750;8,23117;8,25029;0,00000;0,00000
;1,04800;8,17350;8,26972;0,00000;0,00000
;1,04850;8,03063;8,28891;0,00000;0,00000
;1,04900;8,07484;8,30658;0,00000;0,00000
;1,04950;8,11520;8,32164;0,00000;0,00000
;1,05000;8,14147;8,33342;0,00000;0,00000
;1,05050;8,24334;8,34167;0,00000;0,00000
;1,05100;8,29716;8,34652;0,00000;0,00000
;1,05150;8,42786;8,34845;0,00000;0,00000
;1,05200;8,57842;8,34825;0,00000;0,00000
;1,05250;8,49770;8,34694;0,00000;0,00000
;1,05300;8,47783;8,34544;0,00000;0,00000
;1,05350;8,43170;8,34434;0,00000;0,00000
;1,05400;8,40608;8,34395;0,00000;0,00000
;1,05450;8,18504;8,34427;0,00000;0,00000
;1,05500;8,18952;8,34494;0,00000;0,00000
;1,05550;8,10751;8,34538;0,00000;0,00000
;1,05600;8,16325;8,34499;0,00000;0,00000
;1,05650;8,12225;8,34334;0,00000;0,00000
;1,05700;8,21963;8,34018;0,00000;0,00000
;1,05750;8,19977;8,33549;0,00000;0,00000
;1,05800;8,23821;8,32943;0,00000;0,00000
;1,05850;8,25231;8,32226;0,00000;0,00000
;1,05900;8,36251;8,31435;0,00000;0,00000
;1,05950;8,40031;8,30620;0,00000;0,00000
;1,06000;8,51820;8,29847;0,00000;0,00000
;1,06050;8,41184;8,29183;0,00000;0,00000
;1,06100;8,42722;8,28680;0,00000;0,00000
;1,06150;8,32535;8,28358;0,00000;0,00000
;1,06200;8,29716;8,28211;0,00000;0,00000
;1,06250;8,13506;8,28205;0,00000;0,00000
;1,06300;8,18568;8,28284;0,00000;0,00000
;1,06350;8,10495;8,28384;0,00000;0,00000
;1,06400;8,13763;8,28448;0,00000;0,00000
;1,06450;8,07163;8,28429;0,00000;0,00000
;1,06500;8,03576;8,28289;0,00000;0,00000
;1,06550;7,99859;8,27990;0,00000;0,00000
;1,06600;8,05305;8,27503;0,00000;0,00000
;1,06650;7,94606;8,26814;0,00000;0,00000
;1,06700;8,03127;8,25916;0,00000;0,00000
;1,06750;8,01077;8,24816;0,00000;0,00000
;1,06800;8,03896;8,23535;0,00000;0,00000
;1,06850;7,97233;8,22101;0,00000;0,00000
;1,06900;8,00372;8,20544;0,00000;0,00000
;1,06950;7,90698;8,18885;0,00000;0,00000
;1,07000;7,89801;8,17140;0,00000;0,00000
;1,07050;7,78717;8,15314;0,00000;0,00000
;1,07100;7,83201;8,13401;0,00000;0,00000
;1,07150;7,77756;8,11396;0,00000;0,00000
;1,07200;7,77371;8,09301;0,00000;0,00000
;1,07250;7,65518;8,07117;0,00000;0,00000
;1,07300;7,64173;8,04838;0,00000;0,00000
;1,07350;7,53665;8,02449;0,00000;0,00000
;1,07400;7,57317;7,99934;0,00000;0,00000
;1,07450;7,53025;7,97283;0,00000;0,00000
;1,07500;7,56100;7,94502;0,00000;0,00000
;1,07550;7,55139;7,91606;0,00000;0,00000
;1,07600;7,63852;7,88626;0,00000;0,00000
;1,07650;7,62443;7,85610;0,00000;0,00000
;1,07700;7,64814;7,82611;0,00000;0,00000
;1,07750;7,67120;7,79687;0,00000;0,00000
;1,07800;7,72117;7,76890;0,00000;0,00000
;1,07850;7,60841;7,74271;0,00000;0,00000
;1,07900;7,60905;7,71859;0,00000;0,00000
;1,07950;7,40659;7,69658;0,00000;0,00000
;1,08000;7,30536;7,67631;0,00000;0,00000
;1,08050;7,12405;7,65710;0,00000;0,00000
;1,08100;6,99142;7,63794;0,00000;0,00000
;1,08150;6,89724;7,61771;0,00000;0,00000
;1,08200;6,91967;7,59534;0,00000;0,00000
;1,08250;6,79665;7,57001;0,00000;0,00000
;1,08300;6,86521;7,54120;0,00000;0,00000
;1,08350;6,89404;7,50872;0,00000;0,00000
;1,08400;6,98117;7,47279;0,00000;0,00000
;1,08450;6,89596;7,43397;0,00000;0,00000
;1,08500;6,89468;7,39294;0,00000;0,00000
;1,08550;6,91070;7,35034;0,00000;0,00000
;1,08600;6,90557;7,30683;0,00000;0,00000
;1,08650;6,78128;7,26305;0,00000;0,00000
;1,08700;6,80883;7,21946;0,00000;0,00000
;1,08750;6,64032;7,17635;0,00000;0,00000
;1,08800;6,52628;7,13378;0,00000;0,00000
;1,08850;6,35457;7,09151;0,00000;0,00000
;1,08900;6,28153;7,04901;0,00000;0,00000
;1,08950;6,13353;7,00565;0,00000;0,00000
;1,09000;6,13353;6,96080;0,00000;0,00000
;1,09050;5,98746;6,91393;0,00000;0,00000
;1,09100;6,03807;6,86467;0,00000;0,00000
;1,09150;6,14186;6,81293;0,00000;0,00000
;1,09200;6,15083;6,75906;0,00000;0,00000
;1,09250;6,13482;6,70373;0,00000;0,00000
;1,09300;6,22003;6,64775;0,00000;0,00000
;1,09350;6,10534;6,59197;0,00000;0,00000
;1,09400;6,11431;6,53713;0,00000;0,00000
;1,09450;6,03871;6,48381;0,00000;0,00000
;1,09500;5,90545;6,43234;0,00000;0,00000
;1,09550;5,86252;6,38281;0,00000;0,00000
;1,09600;5,75040;6,33505;0,00000;0,00000
;1,09650;5,59471;6,28872;0,00000;0,00000
;1,09700;5,49540;6,24326;0,00000;0,00000
;1,09750;5,38392;6,19799;0,00000;0,00000
;1,09800;5,42685;6,15222;0,00000;0,00000
;1,09850;5,31152;6,10546;0,00000;0,00000
;1,09900;5,23977;6,05739;0,00000;0,00000
;1,09950;5,22311;6,00774;0,00000;0,00000
;1,10000;5,21286;5,95640;0,00000;0,00000
;1,10050;5,14238;5,90343;0,00000;0,00000
;1,10100;5,19235;5,84903;0,00000;0,00000
;1,10150;5,15647;5,79354;0,00000;0,00000
;1,10200;5,14558;5,73743;0,00000;0,00000
;1,10250;5,08664;5,68118;0,00000;0,00000
;1,10300;5,01104;5,62521;0,00000;0,00000
;1,10350;4,96555;5,56980;0,00000;0,00000
;1,10400;4,86240;5,51511;0,00000;0,00000
;1,10450;4,85791;5,46118;0,00000;0,00000
;1,10500;4,80858;5,40802;0,00000;0,00000
;1,10550;4,71568;5,35563;0,00000;0,00000
;1,10600;4,61957;5,30393;0,00000;0,00000
;1,10650;4,58241;5,25276;0,00000;0,00000
;1,10700;4,49272;5,20187;0,00000;0,00000
;1,10750;4,39725;5,15102;0,00000;0,00000
;1,10800;4,42224;5,09997;0,00000;0,00000
;1,10850;4,32806;5,04854;0,00000;0,00000
;1,10900;4,31076;4,99667;0,00000;0,00000
;1,10950;4,30884;4,94437;0,00000;0,00000
;1,11000;4,30307;4,89177;0,00000;0,00000
;1,11050;4,29794;4,83915;0,00000;0,00000
;1,11100;4,29730;4,78684;0,00000;0,00000
;1,11150;4,25566;4,73526;0,00000;0,00000
;1,11200;4,22234;4,68475;0,00000;0,00000
;1,11250;4,24028;4,63563;0,00000;0,00000
;1,11300;4,17557;4,58816;0,00000;0,00000
;1,11350;4,05768;4,54249;0,00000;0,00000
;1,11400;3,91865;4,49856;0,00000;0,00000
;1,11450;3,80333;4,45598;0,00000;0,00000
;1,11500;3,79180;4,41418;0,00000;0,00000
;1,11550;3,68416;4,37261;0,00000;0,00000
;1,11600;3,60087;4,33075;0,00000;0,00000
;1,11650;3,61112;4,28813;0,00000;0,00000
;1,11700;3,58998;4,24445;0,00000;0,00000
;1,11750;3,60535;4,19963;0,00000;0,00000
;1,11800;3,57909;4,15378;0,00000;0,00000
;1,11850;3,62714;4,10720;0,00000;0,00000
;1,11900;3,65661;4,06032;0,00000;0,00000
;1,11950;3,63290;4,01370;0,00000;0,00000
;1,12000;3,60728;3,96792;0,00000;0,00000
;1,12050;3,55346;3,92344;0,00000;0,00000
;1,12100;3,48747;3,88055;0,00000;0,00000
;1,12150;3,46312;3,83940;0,00000;0,00000
;1,12200;3,32729;3,79993;0,00000;0,00000
;1,12250;3,29141;3,76195;0,00000;0,00000
;1,12300;3,22222;3,72512;0,00000;0,00000
;1,12350;3,15366;3,68905;0,00000;0,00000
;1,12400;3,08255;3,65333;0,00000;0,00000
;1,12450;3,07550;3,61757;0,00000;0,00000
;1,12500;3,00374;3,58144;0,00000;0,00000
;1,12550;2,97811;3,54469;0,00000;0,00000
;1,12600;2,96210;3,50716;0,00000;0,00000
;1,12650;2,92942;3,46879;0,00000;0,00000
;1,12700;2,96978;3,42966;0,00000;0,00000
;1,12750;3,00054;3,38999;0,00000;0,00000
;1,12800;2,91597;3,35013;0,00000;0,00000
;1,12850;2,93327;3,31045;0,00000;0,00000
;1,12900;2,86856;3,27123;0,00000;0,00000
;1,12950;2,87048;3,23271;0,00000;0,00000
;1,13000;2,86023;3,19507;0,00000;0,00000
;1,13050;2,82178;3,15850;0,00000;0,00000
;1,13100;2,71543;3,12309;0,00000;0,00000
;1,13150;2,77950;3,08884;0,00000;0,00000
;1,13200;2,62573;3,05566;0,00000;0,00000
;1,13250;2,64367;3,02342;0,00000;0,00000
;1,13300;2,54116;2,99191;0,00000;0,00000
;1,13350;2,57448;2,96088;0,00000;0,00000
;1,13400;2,48478;2,93013;0,00000;0,00000
;1,13450;2,44442;2,89947;0,00000;0,00000
;1,13500;2,37842;2,86869;0,00000;0,00000
;1,13550;2,39572;2,83756;0,00000;0,00000
;1,13600;2,30090;2,80594;0,00000;0,00000
;1,13650;2,28616;2,77370;0,00000;0,00000
;1,13700;2,30282;2,74077;0,00000;0,00000
;1,13750;2,31948;2,70721;0,00000;0,00000
;1,13800;2,27143;2,67319;0,00000;0,00000
;1,13850;2,31435;2,63899;0,00000;0,00000
;1,13900;2,25221;2,60487;0,00000;0,00000
;1,13950;2,23619;2,57112;0,00000;0,00000
;1,14000;2,20480;2,53792;0,00000;0,00000
;1,14050;2,23683;2,50545;0,00000;0,00000
;1,14100;2,21120;2,47387;0,00000;0,00000
;1,14150;2,16443;2,44337;0,00000;0,00000
;1,14200;2,06448;2,41402;0,00000;0,00000
;1,14250;2,14906;2,38575;0,00000;0,00000
;1,14300;2,03565;2,35849;0,00000;0,00000
;1,14350;2,07025;2,33216;0,00000;0,00000
;1,14400;2,02860;2,30669;0,00000;0,00000
;1,14450;2,00426;2,28200;0,00000;0,00000
;1,14500;1,97415;2,25800;0,00000;0,00000
;1,14550;1,98247;2,23460;0,00000;0,00000
;1,14600;1,91456;2,21172;0,00000;0,00000
;1,14650;1,91584;2,18927;0,00000;0,00000
;1,14700;1,87228;2,16714;0,00000;0,00000
;1,14750;1,90303;2,14525;0,00000;0,00000
;1,14800;1,78578;2,12354;0,00000;0,00000
;1,14850;1,79539;2,10190;0,00000;0,00000
;1,14900;1,77105;2,08020;0,00000;0,00000
;1,14950;1,78578;2,05834;0,00000;0,00000
;1,15000;1,70762;2,03630;0,00000;0,00000
;1,15050;1,76784;2,01409;0,00000;0,00000
;1,15100;1,61664;1,99170;0,00000;0,00000
;1,15150;1,70313;1,96910;0,00000;0,00000
;1,15200;1,59293;1,94625;0,00000;0,00000
;1,15250;1,67302;1,92316;0,00000;0,00000
;1,15300;1,55962;1,89986;0,00000;0,00000
;1,15350;1,62369;1,87640;0,00000;0,00000
;1,15400;1,53335;1,85285;0,00000;0,00000
;1,15450;1,58268;1,82926;0,00000;0,00000
;1,15500;1,52053;1,80571;0,00000;0,00000
;1,15550;1,54040;1,78229;0,00000;0,00000
;1,15600;1,46864;1,75908;0,00000;0,00000
;1,15650;1,48530;1,73611;0,00000;0,00000
;1,15700;1,45775;1,71340;0,00000;0,00000
;1,15750;1,46479;1,69101;0,00000;0,00000
;1,15800;1,43981;1,66898;0,00000;0,00000
;1,15850;1,40905;1,64739;0,00000;0,00000
;1,15900;1,35075;1,62623;0,00000;0,00000
;1,15950;1,41802;1,60547;0,00000;0,00000
;1,16000;1,36997;1,58511;0,00000;0,00000
;1,16050;1,37830;1,56521;0,00000;0,00000
;1,16100;1,24504;1,54579;0,00000;0,00000
;1,16150;1,31423;1,52675;0,00000;0,00000
;1,16200;1,29437;1,50798;0,00000;0,00000
;1,16250;1,27387;1,48946;0,00000;0,00000
;1,16300;1,14381;1,47115;0,00000;0,00000
;1,16350;1,23158;1,45290;0,00000;0,00000
;1,16400;1,16687;1,43459;0,00000;0,00000
;1,16450;1,18545;1,41616;0,00000;0,00000
;1,16500;1,09319;1,39758;0,00000;0,00000
;1,16550;1,20147;1,37883;0,00000;0,00000
;1,16600;1,11177;1,35994;0,00000;0,00000
;1,16650;1,16367;1,34103;0,00000;0,00000
;1,16700;1,04450;1,32216;0,00000;0,00000
;1,16750;1,07269;1,30337;0,00000;0,00000
;1,16800;1,09191;1,28464;0,00000;0,00000
;1,16850;1,11049;1,26604;0,00000;0,00000
;1,16900;1,01631;1,24769;0,00000;0,00000
;1,16950;1,04258;1,22965;0,00000;0,00000
;1,17000;0,95544;1,21192;0,00000;0,00000
;1,17050;1,03168;1,19445;0,00000;0,00000
;1,17100;0,98812;1,17722;0,00000;0,00000
;1,17150;1,04129;1,16030;0,00000;0,00000
;1,17200;0,97530;1,14380;0,00000;0,00000
;1,17250;0,95288;1,12780;0,00000;0,00000
;1,17300;0,95608;1,11230;0,00000;0,00000
;1,17350;0,92469;1,09726;0,00000;0,00000
;1,17400;0,86510;1,08262;0,00000;0,00000
;1,17450;0,88240;1,06826;0,00000;0,00000
;1,17500;0,89650;1,05408;0,00000;0,00000
;1,17550;0,87471;1,04003;0,00000;0,00000
;1,17600;0,81385;1,02611;0,00000;0,00000
;1,17650;0,86639;1,01228;0,00000;0,00000
;1,17700;0,80616;0,99849;0,00000;0,00000
;1,17750;0,83371;0,98476;0,00000;0,00000
;1,17800;0,78694;0,97107;0,00000;0,00000
;1,17850;0,78374;0,95742;0,00000;0,00000
;1,17900;0,79078;0,94381;0,00000;0,00000
;1,17950;0,81257;0,93027;0,00000;0,00000
;1,18000;0,76772;0,91689;0,00000;0,00000
;1,18050;0,77413;0,90372;0,00000;0,00000
;1,18100;0,69788;0,89080;0,00000;0,00000
;1,18150;0,70877;0,87808;0,00000;0,00000
;1,18200;0,71518;0,86546;0,00000;0,00000
;1,18250;0,67546;0,85290;0,00000;0,00000
;1,18300;0,68122;0,84037;0,00000;0,00000
;1,18350;0,69980;0,82785;0,00000;0,00000
;1,18400;0,67610;0,81539;0,00000;0,00000
;1,18450;0,74337;0,80306;0,00000;0,00000
;1,18500;0,66200;0,79101;0,00000;0,00000
;1,18550;0,62100;0,77930;0,00000;0,00000
;1,18600;0,64342;0,76790;0,00000;0,00000
;1,18650;0,60819;0,75675;0,00000;0,00000
;1,18700;0,59089;0,74577;0,00000;0,00000
;1,18750;0,56462;0,73489;0,00000;0,00000
;1,18800;0,54091;0,72399;0,00000;0,00000
;1,18850;0,52297;0,71296;0,00000;0,00000
;1,18900;0,53643;0,70168;0,00000;0,00000
;1,18950;0,56398;0,69014;0,00000;0,00000
;1,19000;0,54732;0,67840;0,00000;0,00000
;1,19050;0,48453;0,66653;0,00000;0,00000
;1,19100;0,50888;0,65457;0,00000;0,00000
;1,19150;0,51977;0,64254;0,00000;0,00000
;1,19200;0,53386;0,63052;0,00000;0,00000
;1,19250;0,45826;0,61860;0,00000;0,00000
;1,19300;0,47812;0,60685;0,00000;0,00000
;1,19350;0,53066;0,59527;0,00000;0,00000
;1,19400;0,48389;0,58398;0,00000;0,00000
;1,19450;0,46211;0,57306;0,00000;0,00000
;1,19500;0,39996;0,56251;0,00000;0,00000
;1,19550;0,40444;0,55225;0,00000;0,00000
;1,19600;0,44481;0,54214;0,00000;0,00000
;1,19650;0,37818;0,53215;0,00000;0,00000
;1,19700;0,42367;0,52224;0,00000;0,00000
;1,19750;0,35960;0,51239;0,00000;0,00000
;1,19800;0,40124;0,50259;0,00000;0,00000
;1,19850;0,39996;0,49283;0,00000;0,00000
;1,19900;0,41406;0,48319;0,00000;0,00000
;1,19950;0,37113;0,47375;0,00000;0,00000
;1,20000;0,37049;0,46457;0,00000;0,00000
;1,20050;0,39355;0,45567;0,00000;0,00000
;1,20100;0,36536;0,44707;0,00000;0,00000
;1,20150;0,30193;0,43878;0,00000;0,00000
;1,20200;0,30193;0,43072;0,00000;0,00000
;1,20250;0,29425;0,42274;0,00000;0,00000
;1,20300;0,33269;0,41476;0,00000;0,00000
;1,20350;0,28912;0,40674;0,00000;0,00000
;1,20400;0,29104;0,39868;0,00000;0,00000
;1,20450;0,28079;0,39058;0,00000;0,00000
;1,20500;0,33076;0,38245;0,00000;0,00000
;1,20550;0,24619;0,37433;0,00000;0,00000
;1,20600;0,28463;0,36628;0,00000;0,00000
;1,20650;0,30065;0,35829;0,00000;0,00000
;1,20700;0,31283;0,35045;0,00000;0,00000
;1,20750;0,30001;0,34289;0,00000;0,00000
;1,20800;0,27438;0,33569;0,00000;0,00000
;1,20850;0,23722;0,32887;0,00000;0,00000
;1,20900;0,31090;0,32242;0,00000;0,00000
;1,20950;0,23594;0,31632;0,00000;0,00000
;1,21000;0,30770;0,31057;0,00000;0,00000
;1,21050;0,18533;0,30518;0,00000;0,00000
;1,21100;0,21224;0,30004;0,00000;0,00000
;1,21150;0,19558;0,29500;0,00000;0,00000
;1,21200;0,20903;0,28994;0,00000;0,00000
;1,21250;0,19302;0,28477;0,00000;0,00000
;1,21300;0,19878;0,27945;0,00000;0,00000
;1,21350;0,16547;0,27395;0,00000;0,00000
;1,21400;0,23338;0,26826;0,00000;0,00000
;1,21450;0,15714;0,26243;0,00000;0,00000
;1,21500;0,18148;0,25647;0,00000;0,00000
;1,21550;0,16226;0,25041;0,00000;0,00000
;1,21600;0,21224;0,24426;0,00000;0,00000
;1,21650;0,12510;0,23809;0,00000;0,00000
;1,21700;0,19045;0,23192;0,00000;0,00000
;1,21750;0,17315;0,22578;0,00000;0,00000
;1,21800;0,15586;0,21974;0,00000;0,00000
;1,21850;0,10140;0,21382;0,00000;0,00000
;1,21900;0,15778;0,20796;0,00000;0,00000
;1,21950;0,10908;0,20214;0,00000;0,00000
;1,22000;0,22633;0,19638;0,00000;0,00000
;1,22050;0,08986;0,19076;0,00000;0,00000
;1,22100;0,18020;0,18535;0,00000;0,00000
;1,22150;0,14689;0,18020;0,00000;0,00000
;1,22200;0,15842;0,17535;0,00000;0,00000
;1,22250;0,10011;0,17083;0,00000;0,00000
;1,22300;0,13663;0,16661;0,00000;0,00000
;1,22350;0,09819;0,16263;0,00000;0,00000
;1,22400;0,18212;0,15886;0,00000;0,00000
;1,22450;0,11229;0,15531;0,00000;0,00000
;1,22500;0,12831;0,15201;0,00000;0,00000
;1,22550;0,11934;0,14896;0,00000;0,00000
;1,22600;0,14240;0,14613;0,00000;0,00000
;1,22650;0,04886;0,14348;0,00000;0,00000
;1,22700;0,11485;0,14094;0,00000;0,00000
;1,22750;0,07513;0,13840;0,00000;0,00000
;1,22800;0,16290;0,13583;0,00000;0,00000
;1,22850;0,07897;0,13328;0,00000;0,00000
;1,22900;0,11549;0,13077;0,00000;0,00000
;1,22950;0,02387;0,12828;0,00000;0,00000
;1,23000;0,06936;0,12572;0,00000;0,00000
;1,23050;0,02131;0,12296;0,00000;0,00000
;1,23100;0,06680;0,11992;0,00000;0,00000
;1,23150;0,01939;0,11653;0,00000;0,00000
;1,23200;0,08218;0,11280;0,00000;0,00000
;1,23250;0,02323;0,10875;0,00000;0,00000
;1,23300;0,05527;0,10444;0,00000;0,00000
;1,23350;-0,03699;0,09988;0,00000;0,00000
;1,23400;0,03220;0,09504;0,00000;0,00000
;1,23450;0,05527;0,08991;0,00000;0,00000
;1,23500;0,07641;0,08460;0,00000;0,00000
;1,23550;0,02259;0,07929;0,00000;0,00000
;1,23600;0,05847;0,07410;0,00000;0,00000
;1,23650;0,05783;0,06912;0,00000;0,00000
;1,23700;0,05014;0,06444;0,00000;0,00000
;1,23750;0,05270;0,06013;0,00000;0,00000
;1,23800;0,08282;0,05626;0,00000;0,00000
;1,23850;-0,02098;0,05286;0,00000;0,00000
;1,23900;0,03092;0,04987;0,00000;0,00000
;1,23950;0,01490;0,04720;0,00000;0,00000
;1,24000;0,08346;0,04480;0,00000;0,00000
;1,24050;0,08153;0,04270;0,00000;0,00000
;1,24100;-0,00688;0,04098;0,00000;0,00000
;1,24150;0,01426;0,03961;0,00000;0,00000
;1,24200;0,02708;0,03847;0,00000;0,00000
;1,24250;0,02579;0,03747;0,00000;0,00000
;1,24300;0,06680;0,03659;0,00000;0,00000
;1,24350;0,01234;0,03585;0,00000;0,00000
;1,24400;0,01426;0,03524;0,00000;0,00000
;1,24450;0,00721;0,03468;0,00000;0,00000
;1,24500;0,06808;0,03414;0,00000;0,00000
;1,24550;-0,01713;0,03361;0,00000;0,00000
;1,24600;0,02259;0,03308;0,00000;0,00000
;1,24650;0,03092;0,03249;0,00000;0,00000
;1,24700;0,04886;0,03187;0,00000;0,00000
;1,24750;-0,03635;0,03124;0,00000;0,00000
;1,24800;0,03797;0,03056;0,00000;0,00000
;1,24850;0,04694;0,02982;0,00000;0,00000
;1,24900;0,00145;0,02905;0,00000;0,00000
;1,24950;0,03412;0,02829;0,00000;0,00000
;1,25000;0,04373;0,02755;0,00000;0,00000
;1,25050;0,02964;0,02688;0,00000;0,00000
;1,25100;-0,00688;0,02630;0,00000;0,00000
;1,25150;0,01234;0,02577;0,00000;0,00000
;1,25200;0,05270;0,02525;0,00000;0,00000
;1,25250;-0,03443;0,02475;0,00000;0,00000
;1,25300;0,01490;0,02423;0,00000;0,00000
;1,25350;0,00337;0,02363;0,00000;0,00000
;1,25400;0,00593;0,02294;0,00000;0,00000
;1,25450;-0,05173;0,02212;0,00000;0,00000
;1,25500;0,03348;0,02113;0,00000;0,00000
;1,25550;0,00401;0,01997;0,00000;0,00000
;1,25600;-0,00624;0,01868;0,00000;0,00000
;1,25650;-0,00880;0,01730;0,00000;0,00000
;1,25700;-0,00560;0,01582;0,00000;0,00000
;1,25750;-0,00880;0,01427;0,00000;0,00000
;1,25800;0,01875;0,01266;0,00000;0,00000
;1,25850;-0,06326;0,01102;0,00000;0,00000
;1,25900;-0,04340;0,00930;0,00000;0,00000
;1,25950;-0,04789;0,00742;0,00000;0,00000
;1,26000;-0,06070;0,00531;0,00000;0,00000
;1,26050;-0,00240;0,00295;0,00000;0,00000
;1,26100;-0,04084;0,00037;0,00000;0,00000
;1,26150;-0,07992;-0,00238;0,00000;0,00000
;1,26200;-0,01393;-0,00529;0,00000;0,00000
;1,26250;-0,01521;-0,00831;0,00000;0,00000
;1,26300;0,00529;-0,01135;0,00000;0,00000
;1,26350;-0,02418;-0,01425;0,00000;0,00000
;1,26400;-0,02226;-0,01693;0,00000;0,00000
;1,26450;-0,01329;-0,01935;0,00000;0,00000
;1,26500;0,01042;-0,02146;0,00000;0,00000
;1,26550;-0,02802;-0,02322;0,00000;0,00000
;1,26600;-0,01969;-0,02460;0,00000;0,00000
;1,26650;0,05527;-0,02560;0,00000;0,00000
;1,26700;0,05270;-0,02615;0,00000;0,00000
;1,26750;-0,01008;-0,02613;0,00000;0,00000
;1,26800;-0,01201;-0,02554;0,00000;0,00000
;1,26850;-0,01905;-0,02448;0,00000;0,00000
;1,26900;-0,02226;-0,02310;0,00000;0,00000
;1,26950;-0,02546;-0,02153;0,00000;0,00000
;1,27000;-0,00111;-0,01988;0,00000;0,00000
;1,27050;-0,02482;-0,01822;0,00000;0,00000
;1,27100;-0,04084;-0,01663;0,00000;0,00000
;1,27150;-0,05301;-0,01520;0,00000;0,00000
;1,27200;0,02003;-0,01402;0,00000;0,00000
;1,27250;-0,05750;-0,01309;0,00000;0,00000
;1,27300;-0,01329;-0,01242;0,00000;0,00000
;1,27350;-0,04917;-0,01204;0,00000;0,00000
;1,27400;-0,01329;-0,01193;0,00000;0,00000
;1,27450;-0,08441;-0,01212;0,00000;0,00000
;1,27500;-0,05301;-0,01263;0,00000;0,00000
;1,27550;-0,05686;-0,01352;0,00000;0,00000
;1,27600;-0,04148;-0,01480;0,00000;0,00000
;1,27650;-0,06006;-0,01643;0,00000;0,00000
;1,27700;-0,04724;-0,01836;0,00000;0,00000
;1,27750;-0,01905;-0,02054;0,00000;0,00000
;1,27800;-0,09850;-0,02288;0,00000;0,00000
;1,27850;-0,03699;-0,02535;0,00000;0,00000
;1,27900;-0,05173;-0,02794;0,00000;0,00000
;1,27950;-0,00496;-0,03057;0,00000;0,00000
;1,28000;0,01875;-0,03309;0,00000;0,00000
;1,28050;-0,03507;-0,03534;0,00000;0,00000
;1,28100;-0,02482;-0,03722;0,00000;0,00000
;1,28150;-0,01265;-0,03869;0,00000;0,00000
;1,28200;-0,02098;-0,03976;0,00000;0,00000
;1,28250;0,00721;-0,04040;0,00000;0,00000
;1,28300;-0,06903;-0,04062;0,00000;0,00000
;1,28350;-0,00880;-0,04047;0,00000;0,00000
;1,28400;-0,01969;-0,04004;0,00000;0,00000
;1,28450;-0,01329;-0,03935;0,00000;0,00000
;1,28500;-0,06903;-0,03844;0,00000;0,00000
;1,28550;-0,02995;-0,03740;0,00000;0,00000
;1,28600;-0,04084;-0,03633;0,00000;0,00000
;1,28650;-0,04148;-0,03530;0,00000;0,00000
;1,28700;-0,09273;-0,03438;0,00000;0,00000
;1,28750;-0,02098;-0,03364;0,00000;0,00000
;1,28800;-0,05493;-0,03315;0,00000;0,00000
;1,28850;0,00273;-0,03288;0,00000;0,00000
;1,28900;-0,07031;-0,03277;0,00000;0,00000
;1,28950;-0,04340;-0,03280;0,00000;0,00000
;1,29000;-0,02866;-0,03297;0,00000;0,00000
;1,29050;0,01939;-0,03324;0,00000;0,00000
;1,29100;0,00273;-0,03350;0,00000;0,00000
;1,29150;0,07961;-0,03357;0,00000;0,00000
;1,29200;-0,00176;-0,03328;0,00000;0,00000
;1,29250;0,00465;-0,03252;0,00000;0,00000
;1,29300;-0,06903;-0,03134;0,00000;0,00000
;1,29350;-0,02098;-0,02989;0,00000;0,00000
;1,29400;-0,06262;-0,02833;0,00000;0,00000
;1,29450;-0,00496;-0,02680;0,00000;0,00000
;1,29500;-0,06582;-0,02538;0,00000;0,00000
;1,29550;-0,00047;-0,02413;0,00000;0,00000
;1,29600;-0,06326;-0,02309;0,00000;0,00000
;1,29650;-0,06903;-0,02230;0,00000;0,00000
;1,29700;-0,08376;-0,02186;0,00000;0,00000
;1,29750;-0,06262;-0,02185;0,00000;0,00000
;1,29800;-0,02546;-0,02231;0,00000;0,00000
;1,29850;0,00657;-0,02316;0,00000;0,00000
;1,29900;-0,03507;-0,02426;0,00000;0,00000
;1,29950;-0,02546;-0,02545;0,00000;0,00000
;1,30000;-0,04276;-0,02669;0,00000;0,00000
;1,30050;0,02003;-0,02790;0,00000;0,00000
;1,30100;0,02836;-0,02898;0,00000;0,00000
;1,30150;0,05142;-0,02976;0,00000;0,00000
;1,30200;-0,02418;-0,03009;0,00000;0,00000
;1,30250;-0,01457;-0,02994;0,00000;0,00000
;1,30300;0,00785;-0,02937;0,00000;0,00000
;1,30350;0,03284;-0,02842;0,00000;0,00000
;1,30400;-0,01457;-0,02710;0,00000;0,00000
;1,30450;-0,04084;-0,02546;0,00000;0,00000
;1,30500;-0,04276;-0,02365;0,00000;0,00000
;1,30550;-0,00111;-0,02182;0,00000;0,00000
;1,30600;-0,04532;-0,02006;0,00000;0,00000
;1,30650;-0,01008;-0,01845;0,00000;0,00000
;1,30700;-0,06518;-0,01703;0,00000;0,00000
;1,30750;-0,01969;-0,01589;0,00000;0,00000
;1,30800;-0,02290;-0,01506;0,00000;0,00000
;1,30850;0,03797;-0,01450;0,00000;0,00000
;1,30900;0,01618;-0,01410;0,00000;0,00000
;1,30950;0,01170;-0,01373;0,00000;0,00000
;1,31000;-0,02738;-0,01329;0,00000;0,00000
;1,31050;0,02708;-0,01280;0,00000;0,00000
;1,31100;0,03733;-0,01221;0,00000;0,00000
;1,31150;0,01682;-0,01147;0,00000;0,00000
;1,31200;-0,03315;-0,01054;0,00000;0,00000
;1,31250;0,05334;-0,00945;0,00000;0,00000
;1,31300;0,01875;-0,00823;0,00000;0,00000
;1,31350;0,04950;-0,00683;0,00000;0,00000
;1,31400;0,03156;-0,00521;0,00000;0,00000
;1,31450;0,10076;-0,00334;0,00000;0,00000
;1,31500;0,00978;-0,00115;0,00000;0,00000
;1,31550;0,00273;0,00133;0,00000;0,00000
;1,31600;0,00209;0,00399;0,00000;0,00000
;1,31650;0,00273;0,00666;0,00000;0,00000
;1,31700;-0,00111;0,00921;0,00000;0,00000
;1,31750;-0,02418;0,01154;0,00000;0,00000
;1,31800;-0,02034;0,01354;0,00000;0,00000
;1,31850;0,04309;0,01512;0,00000;0,00000
;1,31900;-0,03379;0,01629;0,00000;0,00000
;1,31950;0,02515;0,01708;0,00000;0,00000
;1,32000;-0,00432;0,01750;0,00000;0,00000
;1,32050;-0,01649;0,01758;0,00000;0,00000
;1,32100;-0,02931;0,01733;0,00000;0,00000
;1,32150;0,05527;0,01674;0,00000;0,00000
;1,32200;-0,00111;0,01591;0,00000;0,00000
;1,32250;0,00209;0,01494;0,00000;0,00000
;1,32300;-0,00880;0,01387;0,00000;0,00000
;1,32350;0,06039;0,01274;0,00000;0,00000
;1,32400;0,01170;0,01165;0,00000;0,00000
;1,32450;0,00465;0,01068;0,00000;0,00000
;1,32500;-0,01393;0,00984;0,00000;0,00000
;1,32550;0,03861;0,00910;0,00000;0,00000
;1,32600;0,04437;0,00849;0,00000;0,00000
;1,32650;0,00785;0,00807;0,00000;0,00000
;1,32700;0,01939;0,00787;0,00000;0,00000
;1,32750;0,02195;0,00788;0,00000;0,00000
;1,32800;-0,00752;0,00806;0,00000;0,00000
;1,32850;0,05975;0,00838;0,00000;0,00000
;1,32900;0,01106;0,00885;0,00000;0,00000
;1,32950;0,02451;0,00946;0,00000;0,00000
;1,33000;-0,03635;0,01019;0,00000;0,00000
;1,33050;-0,01457;0,01091;0,00000;0,00000
;1,33100;-0,00880;0,01152;0,00000;0,00000
;1,33150;-0,00240;0,01192;0,00000;0,00000
;1,33200;-0,00432;0,01210;0,00000;0,00000
;1,33250;-0,00240;0,01206;0,00000;0,00000
;1,33300;-0,03187;0,01179;0,00000;0,00000
;1,33350;-0,00176;0,01128;0,00000;0,00000
;1,33400;0,01042;0,01055;0,00000;0,00000
;1,33450;0,00785;0,00964;0,00000;0,00000
;1,33500;-0,02610;0,00863;0,00000;0,00000
;1,33550;0,04630;0,00755;0,00000;0,00000
;1,33600;-0,00111;0,00646;0,00000;0,00000
;1,33650;-0,02226;0,00544;0,00000;0,00000
;1,33700;-0,04084;0,00445;0,00000;0,00000
;1,33750;0,04245;0,00346;0,00000;0,00000
;1,33800;-0,00688;0,00247;0,00000;0,00000
;1,33850;0,03028;0,00157;0,00000;0,00000
;1,33900;0,00273;0,00081;0,00000;0,00000
;1,33950;-0,00880;0,00021;0,00000;0,00000
;1,34000;-0,06070;-0,00026;0,00000;0,00000
;1,34050;0,02323;-0,00070;0,00000;0,00000
;1,34100;-0,03956;-0,00116;0,00000;0,00000
;1,34150;0,03476;-0,00165;0,00000;0,00000
;1,34200;-0,09402;-0,00217;0,00000;0,00000
;1,34250;-0,00496;-0,00276;0,00000;0,00000
;1,34300;-0,00240;-0,00350;0,00000;0,00000
;1,34350;-0,02546;-0,00436;0,00000;0,00000
;1,34400;-0,06070;-0,00531;0,00000;0,00000
;1,34450;0,03605;-0,00638;0,00000;0,00000
;1,34500;-0,03251;-0,00752;0,00000;0,00000
;1,34550;-0,02802;-0,00866;0,00000;0,00000
;1,34600;-0,05301;-0,00983;0,00000;0,00000
;1,34650;-0,00944;-0,01104;0,00000;0,00000
;1,34700;0,03220;-0,01229;0,00000;0,00000
;1,34750;0,01554;-0,01344;0,00000;0,00000
;1,34800;-0,04789;-0,01441;0,00000;0,00000
;1,34850;-0,04020;-0,01520;0,00000;0,00000
;1,34900;-0,05942;-0,01590;0,00000;0,00000
;1,34950;-0,02290;-0,01661;0,00000;0,00000
;1,35000;-0,03059;-0,01737;0,00000;0,00000
;1,35050;0,02900;-0,01816;0,00000;0,00000
;1,35100;-0,07736;-0,01893;0,00000;0,00000
;1,35150;0,06808;-0,01963;0,00000;0,00000
;1,35200;-0,03699;-0,02019;0,00000;0,00000
;1,35250;-0,02290;-0,02058;0,00000;0,00000
;1,35300;-0,05878;-0,02082;0,00000;0,00000
;1,35350;-0,02162;-0,02100;0,00000;0,00000
;1,35400;-0,03507;-0,02119;0,00000;0,00000
;1,35450;-0,04148;-0,02141;0,00000;0,00000
;1,35500;-0,03187;-0,02170;0,00000;0,00000
;1,35550;-0,06134;-0,02208;0,00000;0,00000
;1,35600;-0,03635;-0,02259;0,00000;0,00000
;1,35650;-0,06070;-0,02326;0,00000;0,00000
;1,35700;-0,03507;-0,02410;0,00000;0,00000
;1,35750;-0,09017;-0,02513;0,00000;0,00000
;1,35800;-0,03699;-0,02636;0,00000;0,00000
;1,35850;-0,00880;-0,02779;0,00000;0,00000
;1,35900;-0,04660;-0,02931;0,00000;0,00000
;1,35950;-0,01777;-0,03084;0,00000;0,00000
;1,36000;-0,04404;-0,03232;0,00000;0,00000
;1,36050;-0,05878;-0,03370;0,00000;0,00000
;1,36100;-0,01201;-0,03500;0,00000;0,00000
;1,36150;-0,04660;-0,03618;0,00000;0,00000
;1,36200;-0,01008;-0,03721;0,00000;0,00000
;1,36250;-0,07223;-0,03808;0,00000;0,00000
;1,36300;-0,05686;-0,03881;0,00000;0,00000
;1,36350;-0,02610;-0,03945;0,00000;0,00000
;1,36400;-0,05173;-0,04004;0,00000;0,00000
;1,36450;-0,06326;-0,04056;0,00000;0,00000
;1,36500;-0,02482;-0,04105;0,00000;0,00000
;1,36550;-0,01841;-0,04150;0,00000;0,00000
;1,36600;-0,00111;-0,04185;0,00000;0,00000
;1,36650;-0,03123;-0,04201;0,00000;0,00000
;1,36700;-0,01137;-0,04194;0,00000;0,00000
;1,36750;-0,02034;-0,04164;0,00000;0,00000
;1,36800;-0,00240;-0,04108;0,00000;0,00000
;1,36850;0,00273;-0,04026;0,00000;0,00000
;1,36900;-0,02290;-0,03917;0,00000;0,00000
;1,36950;-0,04468;-0,03783;0,00000;0,00000
;1,37000;-0,03315;-0,03634;0,00000;0,00000
;1,37050;-0,03699;-0,03480;0,00000;0,00000
;1,37100;-0,03571;-0,03329;0,00000;0,00000
;1,37150;-0,06518;-0,03189;0,00000;0,00000
;1,37200;-0,02546;-0,03067;0,00000;0,00000
;1,37250;-0,04981;-0,02968;0,00000;0,00000
;1,37300;0,00657;-0,02891;0,00000;0,00000
;1,37350;-0,01905;-0,02832;0,00000;0,00000
;1,37400;-0,03123;-0,02783;0,00000;0,00000
;1,37450;-0,02290;-0,02741;0,00000;0,00000
;1,37500;0,02067;-0,02704;0,00000;0,00000
;1,37550;-0,03892;-0,02666;0,00000;0,00000
;1,37600;0,00209;-0,02623;0,00000;0,00000
;1,37650;-0,05429;-0,02576;0,00000;0,00000
;1,37700;0,00593;-0,02527;0,00000;0,00000
;1,37750;-0,05878;-0,02478;0,00000;0,00000
;1,37800;0,01234;-0,02431;0,00000;0,00000
;1,37850;-0,06582;-0,02389;0,00000;0,00000
;1,37900;-0,04340;-0,02354;0,00000;0,00000
;1,37950;-0,02290;-0,02332;0,00000;0,00000
;1,38000;0,01618;-0,02323;0,00000;0,00000
;1,38050;-0,00752;-0,02319;0,00000;0,00000
;1,38100;-0,01393;-0,02312;0,00000;0,00000
;1,38150;-0,05045;-0,02299;0,00000;0,00000
;1,38200;0,00657;-0,02283;0,00000;0,00000
;1,38250;-0,05750;-0,02266;0,00000;0,00000
;1,38300;-0,01969;-0,02251;0,00000;0,00000
;1,38350;-0,02482;-0,02240;0,00000;0,00000
;1,38400;0,00081;-0,02234;0,00000;0,00000
;1,38450;-0,04596;-0,02230;0,00000;0,00000
;1,38500;0,00145;-0,02227;0,00000;0,00000
;1,38550;-0,03251;-0,02223;0,00000;0,00000
;1,38600;0,04502;-0,02216;0,00000;0,00000
;1,38650;-0,02418;-0,02199;0,00000;0,00000
;1,38700;0,02387;-0,02166;0,00000;0,00000
;1,38750;-0,04853;-0,02115;0,00000;0,00000
;1,38800;0,02964;-0,02050;0,00000;0,00000
;1,38850;0,00273;-0,01970;0,00000;0,00000
;1,38900;-0,00560;-0,01875;0,00000;0,00000
;1,38950;-0,01649;-0,01767;0,00000;0,00000
;1,39000;0,03028;-0,01648;0,00000;0,00000
;1,39050;-0,05429;-0,01522;0,00000;0,00000
;1,39100;0,05142;-0,01393;0,00000;0,00000
;1,39150;-0,05429;-0,01263;0,00000;0,00000
;1,39200;0,06103;-0,01133;0,00000;0,00000
;1,39250;-0,01585;-0,01003;0,00000;0,00000
;1,39300;-0,01073;-0,00872;0,00000;0,00000
;1,39350;-0,02098;-0,00744;0,00000;0,00000
;1,39400;0,03412;-0,00624;0,00000;0,00000
;1,39450;-0,07159;-0,00515;0,00000;0,00000
;1,39500;-0,02354;-0,00422;0,00000;0,00000
;1,39550;0,00209;-0,00355;0,00000;0,00000
;1,39600;0,03540;-0,00312;0,00000;0,00000
;1,39650;-0,08312;-0,00287;0,00000;0,00000
;1,39700;0,00017;-0,00282;0,00000;0,00000
;1,39750;-0,03187;-0,00299;0,00000;0,00000
;1,39800;0,01554;-0,00339;0,00000;0,00000
;1,39850;-0,01329;-0,00395;0,00000;0,00000
;1,39900;0,00209;-0,00460;0,00000;0,00000
;1,39950;-0,06390;-0,00531;0,00000;0,00000
;1,40000;0,02003;-0,00609;0,00000;0,00000
;1,40050;-0,03507;-0,00693;0,00000;0,00000
;1,40100;0,09819;-0,00778;0,00000;0,00000
;1,40150;-0,01521;-0,00848;0,00000;0,00000
;1,40200;0,06295;-0,00890;0,00000;0,00000
;1,40250;0,01554;-0,00897;0,00000;0,00000
;1,40300;0,00721;-0,00865;0,00000;0,00000
;1,40350;-0,02098;-0,00799;0,00000;0,00000
;1,40400;-0,00624;-0,00709;0,00000;0,00000
;1,40450;-0,00816;-0,00606;0,00000;0,00000
;1,40500;0,01618;-0,00498;0,00000;0,00000
;1,40550;0,00273;-0,00388;0,00000;0,00000
;1,40600;0,02964;-0,00277;0,00000;0,00000
;1,40650;-0,00816;-0,00164;0,00000;0,00000
;1,40700;0,02836;-0,00050;0,00000;0,00000
;1,40750;-0,01969;0,00064;0,00000;0,00000
;1,40800;0,02579;0,00174;0,00000;0,00000
;1,40850;-0,04404;0,00276;0,00000;0,00000
;1,40900;0,04181;0,00367;0,00000;0,00000
;1,40950;-0,04340;0,00443;0,00000;0,00000
;1,41000;-0,00624;0,00502;0,00000;0,00000
;1,41050;0,02644;0,00540;0,00000;0,00000
;1,41100;0,01875;0,00562;0,00000;0,00000
;1,41150;0,00401;0,00574;0,00000;0,00000
;1,41200;0,03156;0,00582;0,00000;0,00000
;1,41250;-0,04212;0,00589;0,00000;0,00000
;1,41300;0,04502;0,00593;0,00000;0,00000
;1,41350;-0,01265;0,00594;0,00000;0,00000
;1,41400;0,04181;0,00595;0,00000;0,00000
;1,41450;-0,02226;0,00598;0,00000;0,00000
;1,41500;0,02708;0,00604;0,00000;0,00000
;1,41550;-0,00560;0,00611;0,00000;0,00000
;1,41600;0,00529;0,00620;0,00000;0,00000
;1,41650;0,00145;0,00628;0,00000;0,00000
;1,41700;-0,00176;0,00634;0,00000;0,00000
;1,41750;-0,03763;0,00634;0,00000;0,00000
;1,41800;-0,00304;0,00624;0,00000;0,00000
;1,41850;-0,04532;0,00596;0,00000;0,00000
;1,41900;0,02323;0,00549;0,00000;0,00000
;1,41950;-0,03956;0,00483;0,00000;0,00000
;1,42000;0,01298;0,00401;0,00000;0,00000
;1,42050;-0,00624;0,00306;0,00000;0,00000
;1,42100;-0,06198;0,00202;0,00000;0,00000
;1,42150;-0,02354;0,00086;0,00000;0,00000
;1,42200;-0,00496;-0,00046;0,00000;0,00000
;1,42250;-0,01008;-0,00191;0,00000;0,00000
;1,42300;0,04117;-0,00340;0,00000;0,00000
;1,42350;-0,01265;-0,00481;0,00000;0,00000
;1,42400;0,00401;-0,00606;0,00000;0,00000
;1,42450;-0,01073;-0,00711;0,00000;0,00000
;1,42500;0,00785;-0,00797;0,00000;0,00000
;1,42550;-0,06775;-0,00866;0,00000;0,00000
;1,42600;-0,00752;-0,00925;0,00000;0,00000
;1,42650;-0,01585;-0,00980;0,00000;0,00000
;1,42700;0,01939;-0,01033;0,00000;0,00000
;1,42750;-0,04724;-0,01079;0,00000;0,00000
;1,42800;-0,01649;-0,01121;0,00000;0,00000
;1,42850;-0,01969;-0,01162;0,00000;0,00000
;1,42900;0,04502;-0,01201;0,00000;0,00000
;1,42950;0,02964;-0,01229;0,00000;0,00000
;1,43000;0,00529;-0,01236;0,00000;0,00000
;1,43050;-0,08248;-0,01220;0,00000;0,00000
;1,43100;0,01811;-0,01191;0,00000;0,00000
;1,43150;0,01234;-0,01157;0,00000;0,00000
;1,43200;0,00401;-0,01118;0,00000;0,00000
;1,43250;-0,03379;-0,01069;0,00000;0,00000
;1,43300;0,00209;-0,01017;0,00000;0,00000
;1,43350;-0,03123;-0,00965;0,00000;0,00000
;1,43400;-0,04789;-0,00919;0,00000;0,00000
;1,43450;-0,01969;-0,00888;0,00000;0,00000
;1,43500;-0,00111;-0,00875;0,00000;0,00000
;1,43550;-0,03507;-0,00879;0,00000;0,00000
;1,43600;-0,02162;-0,00898;0,00000;0,00000
;1,43650;-0,03187;-0,00934;0,00000;0,00000
;1,43700;-0,00624;-0,00985;0,00000;0,00000
;1,43750;-0,03059;-0,01049;0,00000;0,00000
;1,43800;-0,00560;-0,01123;0,00000;0,00000
;1,43850;-0,04917;-0,01204;0,00000;0,00000
;1,43900;0,00401;-0,01290;0,00000;0,00000
;1,43950;-0,04660;-0,01381;0,00000;0,00000
;1,44000;-0,02995;-0,01475;0,00000;0,00000
;1,44050;-0,01201;-0,01573;0,00000;0,00000
;1,44100;-0,06006;-0,01674;0,00000;0,00000
;1,44150;-0,05429;-0,01780;0,00000;0,00000
;1,44200;-0,07287;-0,01898;0,00000;0,00000
;1,44250;-0,07031;-0,02033;0,00000;0,00000
;1,44300;-0,03507;-0,02192;0,00000;0,00000
;1,44350;-0,02162;-0,02371;0,00000;0,00000
;1,44400;-0,00816;-0,02559;0,00000;0,00000
;1,44450;-0,02995;-0,02745;0,00000;0,00000
;1,44500;-0,02995;-0,02919;0,00000;0,00000
;1,44550;-0,06198;-0,03078;0,00000;0,00000
;1,44600;-0,06198;-0,03225;0,00000;0,00000
;1,44650;-0,03443;-0,03364;0,00000;0,00000
;1,44700;-0,01393;-0,03496;0,00000;0,00000
;1,44750;-0,04148;-0,03617;0,00000;0,00000
;1,44800;-0,08953;-0,03723;0,00000;0,00000
;1,44850;-0,03251;-0,03822;0,00000;0,00000
;1,44900;-0,03635;-0,03916;0,00000;0,00000
;1,44950;-0,03059;-0,04003;0,00000;0,00000
;1,45000;-0,01777;-0,04080;0,00000;0,00000
;1,45050;-0,05429;-0,04141;0,00000;0,00000
;1,45100;-0,04660;-0,04187;0,00000;0,00000
;1,45150;-0,04084;-0,04222;0,00000;0,00000
;1,45200;-0,03828;-0,04247;0,00000;0,00000
;1,45250;0,00465;-0,04262;0,00000;0,00000
;1,45300;-0,04853;-0,04263;0,00000;0,00000
;1,45350;-0,02674;-0,04247;0,00000;0,00000
;1,45400;-0,04404;-0,04216;0,00000;0,00000
;1,45450;-0,01521;-0,04174;0,00000;0,00000
;1,45500;-0,04148;-0,04121;0,00000;0,00000
;1,45550;-0,00816;-0,04057;0,00000;0,00000
;1,45600;-0,08056;-0,03986;0,00000;0,00000
;1,45650;-0,02482;-0,03912;0,00000;0,00000
;1,45700;-0,02610;-0,03841;0,00000;0,00000
;1,45750;0,02836;-0,03771;0,00000;0,00000
;1,45800;-0,05557;-0,03694;0,00000;0,00000
;1,45850;-0,01457;-0,03609;0,00000;0,00000
;1,45900;-0,04468;-0,03518;0,00000;0,00000
;1,45950;0,01362;-0,03425;0,00000;0,00000
;1,46000;-0,04660;-0,03328;0,00000;0,00000
;1,46050;-0,04148;-0,03230;0,00000;0,00000
;1,46100;-0,01008;-0,03134;0,00000;0,00000
;1,46150;0,03284;-0,03041;0,00000;0,00000
;1,46200;0,00017;-0,02942;0,00000;0,00000
;1,46250;0,01811;-0,02829;0,00000;0,00000
;1,46300;-0,07415;-0,02700;0,00000;0,00000
;1,46350;-0,01585;-0,02563;0,00000;0,00000
;1,46400;-0,05878;-0,02431;0,00000;0,00000
;1,46450;-0,00688;-0,02311;0,00000;0,00000
;1,46500;-0,07992;-0,02211;0,00000;0,00000
;1,46550;0,01362;-0,02134;0,00000;0,00000
;1,46600;-0,04596;-0,02081;0,00000;0,00000
;1,46650;-0,02354;-0,02048;0,00000;0,00000
;1,46700;-0,07223;-0,02036;0,00000;0,00000
;1,46750;0,00465;-0,02046;0,00000;0,00000
;1,46800;-0,01649;-0,02076;0,00000;0,00000
;1,46850;0,03348;-0,02115;0,00000;0,00000
;1,46900;-0,03059;-0,02151;0,00000;0,00000
;1,46950;-0,03315;-0,02178;0,00000;0,00000
;1,47000;-0,09722;-0,02201;0,00000;0,00000
;1,47050;0,01426;-0,02229;0,00000;0,00000
;1,47100;0,00017;-0,02264;0,00000;0,00000
;1,47150;0,00209;-0,02297;0,00000;0,00000
;1,47200;0,00593;-0,02320;0,00000;0,00000
;1,47250;-0,00624;-0,02324;0,00000;0,00000
;1,47300;-0,03379;-0,02309;0,00000;0,00000
;1,47350;0,03733;-0,02277;0,00000;0,00000
;1,47400;-0,04981;-0,02226;0,00000;0,00000
;1,47450;0,00529;-0,02160;0,00000;0,00000
;1,47500;-0,03828;-0,02084;0,00000;0,00000
;1,47550;0,03412;-0,02002;0,00000;0,00000
;1,47600;-0,00944;-0,01912;0,00000;0,00000
;1,47650;0,01426;-0,01811;0,00000;0,00000
;1,47700;-0,04853;-0,01702;0,00000;0,00000
;1,47750;0,01170;-0,01588;0,00000;0,00000
;1,47800;0,00401;-0,01475;0,00000;0,00000
;1,47850;0,05847;-0,01360;0,00000;0,00000
;1,47900;-0,01137;-0,01235;0,00000;0,00000
;1,47950;-0,00560;-0,01098;0,00000;0,00000
;1,48000;-0,05429;-0,00956;0,00000;0,00000
;1,48050;0,02259;-0,00821;0,00000;0,00000
;1,48100;0,01939;-0,00696;0,00000;0,00000
;1,48150;0,00401;-0,00579;0,00000;0,00000
;1,48200;-0,03571;-0,00467;0,00000;0,00000
;1,48250;-0,00624;-0,00367;0,00000;0,00000
;1,48300;-0,01329;-0,00282;0,00000;0,00000
;1,48350;0,01747;-0,00215;0,00000;0,00000
;1,48400;0,00145;-0,00163;0,00000;0,00000
;1,48450;0,04758;-0,00119;0,00000;0,00000
;1,48500;-0,01073;-0,00076;0,00000;0,00000
;1,48550;-0,00496;-0,00031;0,00000;0,00000
;1,48600;0,00273;0,00014;0,00000;0,00000
;1,48650;0,04758;0,00059;0,00000;0,00000
;1,48700;-0,00176;0,00107;0,00000;0,00000
;1,48750;0,02900;0,00162;0,00000;0,00000
;1,48800;-0,01201;0,00224;0,00000;0,00000
;1,48850;0,03028;0,00293;0,00000;0,00000
;1,48900;0,02259;0,00365;0,00000;0,00000
;1,48950;0,04053;0,00445;0,00000;0,00000
;1,49000;0,00017;0,00535;0,00000;0,00000
;1,49050;0,02772;0,00633;0,00000;0,00000
;1,49100;0,01747;0,00737;0,00000;0,00000
;1,49150;0,03476;0,00846;0,00000;0,00000
;1,49200;-0,02802;0,00958;0,00000;0,00000
;1,49250;0,01875;0,01067;0,00000;0,00000
;1,49300;-0,01713;0,01165;0,00000;0,00000
;1,49350;0,03220;0,01247;0,00000;0,00000
;1,49400;-0,04660;0,01312;0,00000;0,00000
;1,49450;0,01426;0,01354;0,00000;0,00000
;1,49500;-0,01329;0,01371;0,00000;0,00000
;1,49550;0,02836;0,01363;0,00000;0,00000
;1,49600;0,03412;0,01337;0,00000;0,00000
;1,49650;0,03733;0,01303;0,00000;0,00000
;1,49700;-0,01777;0,01270;0,00000;0,00000
;1,49750;0,06616;0,01241;0,00000;0,00000
;1,49800;0,00017;0,01219;0,00000;0,00000
;1,49850;0,03220;0,01209;0,00000;0,00000
;1,49900;-0,01649;0,01210;0,00000;0,00000
;1,49950;0,02195;0,01217;0,00000;0,00000
;1,50000;-0,06518;0,01224;0,00000;0,00000
;1,50050;-0,00752;0,01220;0,00000;0,00000
;1,50100;-0,02354;0,01196;0,00000;0,00000
;1,50150;-0,02738;0,01145;0,00000;0,00000
;1,50200;0,00081;0,01067;0,00000;0,00000
;1,50250;0,00337;0,00964;0,00000;0,00000
;1,50300;-0,01265;0,00843;0,00000;0,00000
;1,50350;-0,00816;0,00710;0,00000;0,00000
;1,50400;-0,03828;0,00566;0,00000;0,00000
;1,50450;0,00529;0,00413;0,00000;0,00000
;1,50500;-0,03635;0,00251;0,00000;0,00000
;1,50550;0,01875;0,00085;0,00000;0,00000
;1,50600;0,02067;-0,00079;0,00000;0,00000
;1,50650;-0,00688;-0,00232;0,00000;0,00000
;1,50700;-0,04660;-0,00370;0,00000;0,00000
;1,50750;0,02131;-0,00493;0,00000;0,00000
;1,50800;-0,01457;-0,00605;0,00000;0,00000
;1,50850;-0,01521;-0,00702;0,00000;0,00000
;1,50900;-0,02674;-0,00787;0,00000;0,00000
;1,50950;-0,06198;-0,00865;0,00000;0,00000
;1,51000;-0,02738;-0,00945;0,00000;0,00000
;1,51050;0,01234;-0,01031;0,00000;0,00000
;1,51100;-0,04724;-0,01123;0,00000;0,00000
;1,51150;-0,02610;-0,01216;0,00000;0,00000
;1,51200;0,00081;-0,01312;0,00000;0,00000
;1,51250;0,00657;-0,01406;0,00000;0,00000
;1,51300;-0,04853;-0,01493;0,00000;0,00000
;1,51350;-0,03956;-0,01572;0,00000;0,00000
;1,51400;-0,05173;-0,01651;0,00000;0,00000
;1,51450;0,00145;-0,01734;0,00000;0,00000
;1,51500;-0,02418;-0,01820;0,00000;0,00000
;1,51550;0,03605;-0,01902;0,00000;0,00000
;1,51600;-0,00304;-0,01969;0,00000;0,00000
;1,51650;-0,02610;-0,02015;0,00000;0,00000
;1,51700;0,00529;-0,02039;0,00000;0,00000
;1,51750;-0,00304;-0,02041;0,00000;0,00000
;1,51800;-0,03379;-0,02023;0,00000;0,00000
;1,51850;-0,02610;-0,01990;0,00000;0,00000
;1,51900;-0,03571;-0,01949;0,00000;0,00000
;1,51950;-0,02738;-0,01909;0,00000;0,00000
;1,52000;-0,09273;-0,01877;0,00000;0,00000
;1,52050;-0,00688;-0,01862;0,00000;0,00000
;1,52100;-0,11964;-0,01874;0,00000;0,00000
;1,52150;-0,05109;-0,01919;0,00000;0,00000
;1,52200;-0,02931;-0,02004;0,00000;0,00000
;1,52250;-0,05942;-0,02125;0,00000;0,00000
;1,52300;-0,01841;-0,02275;0,00000;0,00000
;1,52350;-0,08825;-0,02446;0,00000;0,00000
;1,52400;-0,05557;-0,02636;0,00000;0,00000
;1,52450;-0,03507;-0,02843;0,00000;0,00000
;1,52500;-0,03507;-0,03062;0,00000;0,00000
;1,52550;-0,03187;-0,03282;0,00000;0,00000
;1,52600;-0,02738;-0,03495;0,00000;0,00000
;1,52650;0,00657;-0,03690;0,00000;0,00000
;1,52700;-0,01329;-0,03857;0,00000;0,00000
;1,52750;-0,07159;-0,03988;0,00000;0,00000
;1,52800;-0,04981;-0,04087;0,00000;0,00000
;1,52850;-0,12349;-0,04166;0,00000;0,00000
;1,52900;-0,01201;-0,04238;0,00000;0,00000
;1,52950;-0,03763;-0,04309;0,00000;0,00000
;1,53000;-0,06647;-0,04376;0,00000;0,00000
;1,53050;-0,07672;-0,04439;0,00000;0,00000
;1,53100;-0,06134;-0,04504;0,00000;0,00000
;1,53150;-0,06262;-0,04575;0,00000;0,00000
;1,53200;-0,09145;-0,04656;0,00000;0,00000
;1,53250;-0,07031;-0,04749;0,00000;0,00000
;1,53300;-0,02162;-0,04855;0,00000;0,00000
;1,53350;-0,06647;-0,04969;0,00000;0,00000
;1,53400;-0,02162;-0,05082;0,00000;0,00000
;1,53450;-0,03571;-0,05185;0,00000;0,00000
;1,53500;-0,02034;-0,05272;0,00000;0,00000
;1,53550;-0,02546;-0,05334;0,00000;0,00000
;1,53600;-0,02546;-0,05365;0,00000;0,00000
;1,53650;-0,02802;-0,05364;0,00000;0,00000
;1,53700;-0,01008;-0,05330;0,00000;0,00000
;1,53750;-0,02226;-0,05261;0,00000;0,00000
;1,53800;-0,05557;-0,05161;0,00000;0,00000
;1,53850;-0,06454;-0,05036;0,00000;0,00000
;1,53900;0,00593;-0,04898;0,00000;0,00000
;1,53950;-0,04468;-0,04751;0,00000;0,00000
;1,54000;0,02259;-0,04595;0,00000;0,00000
;1,54050;-0,09530;-0,04429;0,00000;0,00000
;1,54100;-0,06006;-0,04261;0,00000;0,00000
;1,54150;-0,04981;-0,04105;0,00000;0,00000
;1,54200;-0,04276;-0,03970;0,00000;0,00000
;1,54250;0,00145;-0,03857;0,00000;0,00000
;1,54300;-0,01265;-0,03759;0,00000;0,00000
;1,54350;-0,03763;-0,03668;0,00000;0,00000
;1,54400;0,02067;-0,03579;0,00000;0,00000
;1,54450;-0,04724;-0,03489;0,00000;0,00000
;1,54500;-0,01649;-0,03394;0,00000;0,00000
;1,54550;-0,07287;-0,03299;0,00000;0,00000
;1,54600;-0,02866;-0,03212;0,00000;0,00000
;1,54650;-0,07800;-0,03139;0,00000;0,00000
;1,54700;0,00337;-0,03085;0,00000;0,00000
;1,54750;-0,04981;-0,03050;0,00000;0,00000
;1,54800;0,00529;-0,03029;0,00000;0,00000
;1,54850;-0,02610;-0,03015;0,00000;0,00000
;1,54900;-0,01265;-0,03002;0,00000;0,00000
;1,54950;-0,07095;-0,02988;0,00000;0,00000
;1,55000;-0,00111;-0,02976;0,00000;0,00000
;1,55050;-0,01649;-0,02965;0,00000;0,00000
;1,55100;-0,01585;-0,02952;0,00000;0,00000
;1,55150;-0,08505;-0,02935;0,00000;0,00000
;1,55200;-0,00240;-0,02921;0,00000;0,00000
;1,55250;-0,04981;-0,02912;0,00000;0,00000
;1,55300;0,01811;-0,02907;0,00000;0,00000
;1,55350;-0,05493;-0,02903;0,00000;0,00000
;1,55400;0,01811;-0,02895;0,00000;0,00000
;1,55450;-0,02738;-0,02879;0,00000;0,00000
;1,55500;0,02067;-0,02853;0,00000;0,00000
;1,55550;0,01362;-0,02809;0,00000;0,00000
;1,55600;0,02515;-0,02741;0,00000;0,00000
;1,55650;-0,01841;-0,02643;0,00000;0,00000
;1,55700;0,01618;-0,02518;0,00000;0,00000
;1,55750;-0,01777;-0,02368;0,00000;0,00000
;1,55800;-0,01841;-0,02201;0,00000;0,00000
;1,55850;-0,02610;-0,02026;0,00000;0,00000
;1,55900;0,05591;-0,01849;0,00000;0,00000
;1,55950;-0,04148;-0,01670;0,00000;0,00000
;1,56000;0,03861;-0,01490;0,00000;0,00000
;1,56050;-0,05301;-0,01311;0,00000;0,00000
;1,56100;0,02708;-0,01138;0,00000;0,00000
;1,56150;-0,02546;-0,00976;0,00000;0,00000
;1,56200;-0,00432;-0,00827;0,00000;0,00000
;1,56250;0,00529;-0,00693;0,00000;0,00000
;1,56300;0,03733;-0,00574;0,00000;0,00000
;1,56350;-0,01329;-0,00462;0,00000;0,00000
;1,56400;0,05591;-0,00354;0,00000;0,00000
;1,56450;-0,01649;-0,00246;0,00000;0,00000
;1,56500;0,04822;-0,00134;0,00000;0,00000
;1,56550;-0,03443;-0,00020;0,00000;0,00000
;1,56600;-0,00688;0,00093;0,00000;0,00000
;1,56650;-0,02738;0,00195;0,00000;0,00000
;1,56700;0,02131;0,00281;0,00000;0,00000
;1,56750;0,03605;0,00349;0,00000;0,00000
;1,56800;-0,02802;0,00407;0,00000;0,00000
;1,56850;-0,05045;0,00452;0,00000;0,00000
;1,56900;0,01298;0,00478;0,00000;0,00000
;1,56950;-0,02931;0,00479;0,00000;0,00000
;1,57000;0,05783;0,00459;0,00000;0,00000
;1,57050;-0,05237;0,00425;0,00000;0,00000
;1,57100;0,03989;0,00382;0,00000;0,00000
;1,57150;0,05078;0,00335;0,00000;0,00000
;1,57200;0,05078;0,00298;0,00000;0,00000
;1,57250;-0,01201;0,00283;0,00000;0,00000
;1,57300;0,05847;0,00292;0,00000;0,00000
;1,57350;0,01682;0,00326;0,00000;0,00000
;1,57400;0,03284;0,00387;0,00000;0,00000
;1,57450;-0,01265;0,00471;0,00000;0,00000
;1,57500;0,07321;0,00574;0,00000;0,00000
;1,57550;-0,00880;0,00693;0,00000;0,00000
;1,57600;0,00017;0,00823;0,00000;0,00000
;1,57650;0,01490;0,00957;0,00000;0,00000
;1,57700;0,02900;0,01088;0,00000;0,00000
;1,57750;-0,05109;0,01210;0,00000;0,00000
;1,57800;0,02515;0,01317;0,00000;0,00000
;1,57850;-0,01393;0,01400;0,00000;0,00000
;1,57900;-0,00624;0,01458;0,00000;0,00000
;1,57950;0,00978;0,01488;0,00000;0,00000
;1,58000;0,01426;0,01493;0,00000;0,00000
;1,58050;-0,01393;0,01476;0,00000;0,00000
;1,58100;0,04117;0,01441;0,00000;0,00000
;1,58150;0,02067;0,01395;0,00000;0,00000
;1,58200;0,04053;0,01346;0,00000;0,00000
;1,58250;-0,01137;0,01302;0,00000;0,00000
;1,58300;0,03284;0,01265;0,00000;0,00000
;1,58350;0,01554;0,01234;0,00000;0,00000
;1,58400;-0,00624;0,01212;0,00000;0,00000
;1,58450;-0,04020;0,01193;0,00000;0,00000
;1,58500;0,03925;0,01170;0,00000;0,00000
;1,58550;-0,02866;0,01139;0,00000;0,00000
;1,58600;0,03540;0,01101;0,00000;0,00000
;1,58650;-0,01008;0,01057;0,00000;0,00000
;1,58700;-0,00944;0,01010;0,00000;0,00000
;1,58750;-0,01457;0,00957;0,00000;0,00000
;1,58800;0,08666;0,00899;0,00000;0,00000
;1,58850;0,00145;0,00845;0,00000;0,00000
;1,58900;0,00657;0,00804;0,00000;0,00000
;1,58950;0,00017;0,00777;0,00000;0,00000
;1,59000;-0,02738;0,00757;0,00000;0,00000
;1,59050;-0,01073;0,00738;0,00000;0,00000
;1,59100;0,03540;0,00715;0,00000;0,00000
;1,59150;-0,04404;0,00686;0,00000;0,00000
;1,59200;0,02259;0,00653;0,00000;0,00000
;1,59250;0,01875;0,00614;0,00000;0,00000
;1,59300;-0,03699;0,00573;0,00000;0,00000
;1,59350;-0,02802;0,00528;0,00000;0,00000
;1,59400;-0,00432;0,00472;0,00000;0,00000
;1,59450;-0,04596;0,00402;0,00000;0,00000
;1,59500;-0,02931;0,00313;0,00000;0,00000
;1,59550;-0,00304;0,00205;0,00000;0,00000
;1,59600;0,01362;0,00080;0,00000;0,00000
;1,59650;-0,06006;-0,00055;0,00000;0,00000
;1,59700;-0,01521;-0,00197;0,00000;0,00000
;1,59750;0,00914;-0,00347;0,00000;0,00000
;1,59800;0,01298;-0,00498;0,00000;0,00000
;1,59850;-0,01329;-0,00641;0,00000;0,00000
;1,59900;-0,00944;-0,00769;0,00000;0,00000
;1,59950;-0,04340;-0,00884;0,00000;0,00000
;1,60000;-0,04660;-0,00990;0,00000;0,00000
;1,60050;0,03605;-0,01092;0,00000;0,00000
;1,60100;-0,00880;-0,01187;0,00000;0,00000
;1,60150;-0,06775;-0,01270;0,00000;0,00000
;1,60200;0,02708;-0,01344;0,00000;0,00000
;1,60250;-0,02162;-0,01410;0,00000;0,00000
;1,60300;-0,02866;-0,01466;0,00000;0,00000
;1,60350;-0,05878;-0,01516;0,00000;0,00000
;1,60400;0,00337;-0,01566;0,00000;0,00000
;1,60450;-0,03443;-0,01617;0,00000;0,00000
;1,60500;-0,00944;-0,01669;0,00000;0,00000
;1,60550;-0,01841;-0,01721;0,00000;0,00000
;1,60600;-0,03571;-0,01770;0,00000;0,00000
;1,60650;-0,06839;-0,01819;0,00000;0,00000
;1,60700;-0,01329;-0,01876;0,00000;0,00000
;1,60750;-0,07992;-0,01943;0,00000;0,00000
;1,60800;-0,03828;-0,02026;0,00000;0,00000
;1,60850;-0,03251;-0,02127;0,00000;0,00000
;1,60900;-0,02098;-0,02242;0,00000;0,00000
;1,60950;-0,03635;-0,02365;0,00000;0,00000
;1,61000;-0,05365;-0,02493;0,00000;0,00000
;1,61050;-0,08184;-0,02625;0,00000;0,00000
;1,61100;-0,03315;-0,02767;0,00000;0,00000
;1,61150;-0,06582;-0,02920;0,00000;0,00000
;1,61200;-0,02738;-0,03082;0,00000;0,00000
;1,61250;-0,01649;-0,03247;0,00000;0,00000
;1,61300;-0,09145;-0,03410;0,00000;0,00000
;1,61350;-0,02610;-0,03568;0,00000;0,00000
;1,61400;-0,04917;-0,03722;0,00000;0,00000
;1,61450;-0,04724;-0,03870;0,00000;0,00000
;1,61500;-0,10363;-0,04011;0,00000;0,00000
;1,61550;-0,00752;-0,04150;0,00000;0,00000
;1,61600;-0,03251;-0,04285;0,00000;0,00000
;1,61650;-0,09145;-0,04410;0,00000;0,00000
;1,61700;-0,03828;-0,04526;0,00000;0,00000
;1,61750;-0,02418;-0,04634;0,00000;0,00000
;1,61800;-0,06198;-0,04730;0,00000;0,00000
;1,61850;-0,02226;-0,04812;0,00000;0,00000
;1,61900;-0,07736;-0,04878;0,00000;0,00000
;1,61950;-0,08825;-0,04932;0,00000;0,00000
;1,62000;-0,01841;-0,04982;0,00000;0,00000
;1,62050;-0,03571;-0,05028;0,00000;0,00000
;1,62100;-0,04981;-0,05065;0,00000;0,00000
;1,62150;-0,07223;-0,05091;0,00000;0,00000
;1,62200;-0,03251;-0,05110;0,00000;0,00000
;1,62250;-0,03763;-0,05122;0,00000;0,00000
;1,62300;-0,08441;-0,05127;0,00000;0,00000
;1,62350;-0,05429;-0,05129;0,00000;0,00000
;1,62400;-0,07736;-0,05133;0,00000;0,00000
;1,62450;0,01875;-0,05140;0,00000;0,00000
;1,62500;-0,06839;-0,05145;0,00000;0,00000
;1,62550;0,01106;-0,05140;0,00000;0,00000
;1,62600;-0,04596;-0,05119;0,00000;0,00000
;1,62650;-0,01969;-0,05078;0,00000;0,00000
;1,62700;-0,05109;-0,05017;0,00000;0,00000
;1,62750;0,02451;-0,04938;0,00000;0,00000
;1,62800;-0,06903;-0,04838;0,00000;0,00000
;1,62850;-0,00624;-0,04719;0,00000;0,00000
;1,62900;-0,06070;-0,04587;0,00000;0,00000
;1,62950;-0,04596;-0,04448;0,00000;0,00000
;1,63000;-0,06198;-0,04311;0,00000;0,00000
;1,63050;-0,02034;-0,04183;0,00000;0,00000
;1,63100;-0,10427;-0,04070;0,00000;0,00000
;1,63150;-0,00111;-0,03978;0,00000;0,00000
;1,63200;-0,03379;-0,03906;0,00000;0,00000
;1,63250;-0,04532;-0,03849;0,00000;0,00000
;1,63300;-0,02418;-0,03804;0,00000;0,00000
;1,63350;-0,01201;-0,03768;0,00000;0,00000
;1,63400;-0,04853;-0,03735;0,00000;0,00000
;1,63450;0,03540;-0,03700;0,00000;0,00000
;1,63500;-0,01201;-0,03656;0,00000;0,00000
;1,63550;-0,01329;-0,03595;0,00000;0,00000
;1,63600;-0,03379;-0,03514;0,00000;0,00000
;1,63650;0,04437;-0,03415;0,00000;0,00000
;1,63700;-0,02162;-0,03296;0,00000;0,00000
;1,63750;0,00978;-0,03154;0,00000;0,00000
;1,63800;-0,02995;-0,02992;0,00000;0,00000
;1,63850;-0,02482;-0,02816;0,00000;0,00000
;1,63900;-0,02418;-0,02635;0,00000;0,00000
;1,63950;0,01811;-0,02455;0,00000;0,00000
;1,64000;-0,02931;-0,02279;0,00000;0,00000
;1,64050;-0,01457;-0,02107;0,00000;0,00000
;1,64100;-0,02738;-0,01946;0,00000;0,00000
;1,64150;0,02579;-0,01796;0,00000;0,00000
;1,64200;-0,06711;-0,01660;0,00000;0,00000
;1,64250;0,00914;-0,01538;0,00000;0,00000
;1,64300;0,02708;-0,01433;0,00000;0,00000
;1,64350;0,05078;-0,01335;0,00000;0,00000
;1,64400;-0,01457;-0,01232;0,00000;0,00000
;1,64450;0,01426;-0,01120;0,00000;0,00000
;1,64500;0,00017;-0,01000;0,00000;0,00000
;1,64550;-0,02098;-0,00874;0,00000;0,00000
;1,64600;-0,01585;-0,00751;0,00000;0,00000
;1,64650;0,03925;-0,00633;0,00000;0,00000
;1,64700;0,03156;-0,00520;0,00000;0,00000
;1,64750;-0,01521;-0,00405;0,00000;0,00000
;1,64800;0,01747;-0,00288;0,00000;0,00000
;1,64850;0,03028;-0,00170;0,00000;0,00000
;1,64900;0,01618;-0,00049;0,00000;0,00000
;1,64950;0,06744;0,00077;0,00000;0,00000
;1,65000;0,01042;0,00215;0,00000;0,00000
;1,65050;-0,00560;0,00366;0,00000;0,00000
;1,65100;-0,00560;0,00520;0,00000;0,00000
;1,65150;0,08474;0,00673;0,00000;0,00000
;1,65200;-0,02738;0,00825;0,00000;0,00000
;1,65250;0,04437;0,00975;0,00000;0,00000
;1,65300;0,02451;0,01122;0,00000;0,00000
;1,65350;0,03733;0,01265;0,00000;0,00000
;1,65400;0,03797;0,01407;0,00000;0,00000
;1,65450;0,02067;0,01549;0,00000;0,00000
;1,65500;-0,02418;0,01688;0,00000;0,00000
;1,65550;0,02259;0,01815;0,00000;0,00000
;1,65600;-0,03507;0,01922;0,00000;0,00000
;1,65650;0,00401;0,02001;0,00000;0,00000
;1,65700;-0,02802;0,02046;0,00000;0,00000
;1,65750;0,01298;0,02052;0,00000;0,00000
;1,65800;0,01939;0,02024;0,00000;0,00000
;1,65850;0,05142;0,01968;0,00000;0,00000
;1,65900;-0,03892;0,01897;0,00000;0,00000
;1,65950;0,04437;0,01815;0,00000;0,00000
;1,66000;-0,01649;0,01724;0,00000;0,00000
;1,66050;0,02323;0,01628;0,00000;0,00000
;1,66100;0,02323;0,01531;0,00000;0,00000
;1,66150;0,05142;0,01438;0,00000;0,00000
;1,66200;0,01042;0,01358;0,00000;0,00000
;1,66250;0,03220;0,01297;0,00000;0,00000
;1,66300;-0,03379;0,01253;0,00000;0,00000
;1,66350;0,01426;0,01221;0,00000;0,00000
;1,66400;-0,00816;0,01192;0,00000;0,00000
;1,66450;0,04053;0,01165;0,00000;0,00000
;1,66500;-0,04532;0,01139;0,00000;0,00000
;1,66550;0,04181;0,01112;0,00000;0,00000
;1,66600;-0,01713;0,01081;0,00000;0,00000
;1,66650;0,02131;0,01048;0,00000;0,00000
;1,66700;-0,02226;0,01013;0,00000;0,00000
;1,66750;0,06808;0,00975;0,00000;0,00000
;1,66800;-0,04084;0,00940;0,00000;0,00000
;1,66850;0,02195;0,00907;0,00000;0,00000
;1,66900;0,02451;0,00877;0,00000;0,00000
;1,66950;0,03348;0,00851;0,00000;0,00000
;1,67000;0,02067;0,00837;0,00000;0,00000
;1,67050;0,04437;0,00839;0,00000;0,00000
;1,67100;-0,00816;0,00858;0,00000;0,00000
;1,67150;0,02323;0,00892;0,00000;0,00000
;1,67200;-0,03828;0,00936;0,00000;0,00000
;1,67250;0,01298;0,00980;0,00000;0,00000
;1,67300;-0,02674;0,01016;0,00000;0,00000
;1,67350;0,01362;0,01038;0,00000;0,00000
;1,67400;0,01362;0,01045;0,00000;0,00000
;1,67450;0,02772;0,01041;0,00000;0,00000
;1,67500;-0,02738;0,01030;0,00000;0,00000
;1,67550;0,02964;0,01013;0,00000;0,00000
;1,67600;-0,04148;0,00988;0,00000;0,00000
;1,67650;0,02964;0,00955;0,00000;0,00000
;1,67700;-0,02290;0,00912;0,00000;0,00000
;1,67750;0,01618;0,00860;0,00000;0,00000
;1,67800;-0,05878;0,00799;0,00000;0,00000
;1,67850;-0,03635;0,00723;0,00000;0,00000
;1,67900;-0,00368;0,00626;0,00000;0,00000
;1,67950;0,01234;0,00509;0,00000;0,00000
;1,68000;-0,01969;0,00378;0,00000;0,00000
;1,68050;0,02067;0,00241;0,00000;0,00000
;1,68100;-0,00560;0,00106;0,00000;0,00000
;1,68150;0,05014;-0,00021;0,00000;0,00000
;1,68200;-0,02098;-0,00131;0,00000;0,00000
;1,68250;-0,02546;-0,00220;0,00000;0,00000
;1,68300;0,00017;-0,00295;0,00000;0,00000
;1,68350;0,00337;-0,00358;0,00000;0,00000
;1,68400;-0,01008;-0,00410;0,00000;0,00000
;1,68450;-0,00432;-0,00452;0,00000;0,00000
;1,68500;-0,00047;-0,00484;0,00000;0,00000
;1,68550;-0,02802;-0,00510;0,00000;0,00000
;1,68600;-0,05493;-0,00533;0,00000;0,00000
;1,68650;0,03156;-0,00561;0,00000;0,00000
;1,68700;-0,03956;-0,00595;0,00000;0,00000
;1,68750;-0,03828;-0,00635;0,00000;0,00000
;1,68800;-0,03892;-0,00686;0,00000;0,00000
;1,68850;-0,02866;-0,00753;0,00000;0,00000
;1,68900;-0,02610;-0,00837;0,00000;0,00000
;1,68950;-0,00368;-0,00937;0,00000;0,00000
;1,69000;-0,00688;-0,01046;0,00000;0,00000
;1,69050;-0,02418;-0,01156;0,00000;0,00000
;1,69100;-0,02098;-0,01266;0,00000;0,00000
;1,69150;-0,01073;-0,01371;0,00000;0,00000
;1,69200;-0,09145;-0,01474;0,00000;0,00000
;1,69250;-0,05557;-0,01581;0,00000;0,00000
;1,69300;-0,03315;-0,01703;0,00000;0,00000
;1,69350;0,03540;-0,01838;0,00000;0,00000
;1,69400;-0,00176;-0,01972;0,00000;0,00000
;1,69450;-0,07864;-0,02096;0,00000;0,00000
;1,69500;-0,03315;-0,02209;0,00000;0,00000
;1,69550;-0,07159;-0,02319;0,00000;0,00000
;1,69600;-0,04724;-0,02433;0,00000;0,00000
;1,69650;-0,04468;-0,02556;0,00000;0,00000
;1,69700;0,00209;-0,02686;0,00000;0,00000
;1,69750;-0,08441;-0,02818;0,00000;0,00000
;1,69800;-0,05429;-0,02950;0,00000;0,00000
;1,69850;-0,06518;-0,03088;0,00000;0,00000
;1,69900;-0,01073;-0,03233;0,00000;0,00000
;1,69950;-0,02162;-0,03379;0,00000;0,00000
;1,70000;0,01042;-0,03515;0,00000;0,00000
;1,70050;-0,05045;-0,03630;0,00000;0,00000
;1,70100;-0,02034;-0,03720;0,00000;0,00000
;1,70150;-0,07287;-0,03787;0,00000;0,00000
;1,70200;-0,05750;-0,03838;0,00000;0,00000
;1,70250;-0,03507;-0,03881;0,00000;0,00000
;1,70300;-0,06326;-0,03921;0,00000;0,00000
;1,70350;-0,05365;-0,03961;0,00000;0,00000
;1,70400;-0,05301;-0,04004;0,00000;0,00000
;1,70450;-0,08184;-0,04054;0,00000;0,00000
;1,70500;-0,02482;-0,04113;0,00000;0,00000
;1,70550;-0,01457;-0,04180;0,00000;0,00000
;1,70600;-0,01265;-0,04243;0,00000;0,00000
;1,70650;-0,08376;-0,04296;0,00000;0,00000
;1,70700;-0,03571;-0,04339;0,00000;0,00000
;1,70750;-0,02034;-0,04374;0,00000;0,00000
;1,70800;-0,03187;-0,04400;0,00000;0,00000
;1,70850;-0,03059;-0,04412;0,00000;0,00000
;1,70900;-0,05301;-0,04411;0,00000;0,00000
;1,70950;-0,05493;-0,04398;0,00000;0,00000
;1,71000;0,00850;-0,04378;0,00000;0,00000
;1,71050;-0,09081;-0,04350;0,00000;0,00000
;1,71100;0,02708;-0,04315;0,00000;0,00000
;1,71150;-0,05878;-0,04271;0,00000;0,00000
;1,71200;0,01554;-0,04216;0,00000;0,00000
;1,71250;-0,03699;-0,04147;0,00000;0,00000
;1,71300;-0,03828;-0,04062;0,00000;0,00000
;1,71350;-0,04917;-0,03968;0,00000;0,00000
;1,71400;-0,04212;-0,03871;0,00000;0,00000
;1,71450;-0,05493;-0,03779;0,00000;0,00000
;1,71500;0,04373;-0,03694;0,00000;0,00000
;1,71550;-0,07351;-0,03611;0,00000;0,00000
;1,71600;0,00465;-0,03526;0,00000;0,00000
;1,71650;-0,05493;-0,03442;0,00000;0,00000
;1,71700;-0,03828;-0,03360;0,00000;0,00000
;1,71750;-0,01777;-0,03285;0,00000;0,00000
;1,71800;0,04181;-0,03215;0,00000;0,00000
;1,71850;-0,01008;-0,03138;0,00000;0,00000
;1,71900;-0,01393;-0,03047;0,00000;0,00000
;1,71950;-0,04789;-0,02943;0,00000;0,00000
;1,72000;-0,02226;-0,02833;0,00000;0,00000
;1,72050;0,01554;-0,02721;0,00000;0,00000
;1,72100;-0,02931;-0,02609;0,00000;0,00000
;1,72150;-0,02226;-0,02495;0,00000;0,00000
;1,72200;0,05655;-0,02380;0,00000;0,00000
;1,72250;-0,03763;-0,02259;0,00000;0,00000
;1,72300;0,00593;-0,02130;0,00000;0,00000
;1,72350;-0,05557;-0,01996;0,00000;0,00000
;1,72400;0,00593;-0,01866;0,00000;0,00000
;1,72450;-0,00176;-0,01744;0,00000;0,00000
;1,72500;0,01554;-0,01627;0,00000;0,00000
;1,72550;-0,01585;-0,01513;0,00000;0,00000
;1,72600;-0,00624;-0,01400;0,00000;0,00000
;1,72650;-0,00624;-0,01291;0,00000;0,00000
;1,72700;0,01170;-0,01186;0,00000;0,00000
;1,72750;-0,01777;-0,01085;0,00000;0,00000
;1,72800;-0,00624;-0,00988;0,00000;0,00000
;1,72850;-0,05429;-0,00901;0,00000;0,00000
;1,72900;0,01362;-0,00828;0,00000;0,00000
;1,72950;-0,05173;-0,00773;0,00000;0,00000
;1,73000;0,01234;-0,00738;0,00000;0,00000
;1,73050;-0,05557;-0,00723;0,00000;0,00000
;1,73100;0,02067;-0,00728;0,00000;0,00000
;1,73150;0,01042;-0,00747;0,00000;0,00000
;1,73200;0,03156;-0,00772;0,00000;0,00000
;1,73250;-0,03187;-0,00791;0,00000;0,00000
;1,73300;0,08858;-0,00800;0,00000;0,00000
;1,73350;0,00721;-0,00788;0,00000;0,00000
;1,73400;0,00273;-0,00749;0,00000;0,00000
;1,73450;-0,01649;-0,00686;0,00000;0,00000
;1,73500;0,05591;-0,00603;0,00000;0,00000
;1,73550;-0,07159;-0,00505;0,00000;0,00000
;1,73600;0,03669;-0,00401;0,00000;0,00000
;1,73650;-0,03187;-0,00297;0,00000;0,00000
;1,73700;-0,00240;-0,00200;0,00000;0,00000
;1,73750;-0,03059;-0,00115;0,00000;0,00000
;1,73800;0,06808;-0,00044;0,00000;0,00000
;1,73850;-0,01137;0,00017;0,00000;0,00000
;1,73900;0,03605;0,00077;0,00000;0,00000
;1,73950;0,01298;0,00139;0,00000;0,00000
;1,74000;0,03669;0,00206;0,00000;0,00000
;1,74050;0,07641;0,00286;0,00000;0,00000
;1,74100;-0,01457;0,00384;0,00000;0,00000
;1,74150;0,00657;0,00500;0,00000;0,00000
;1,74200;0,04053;0,00626;0,00000;0,00000
;1,74250;-0,02995;0,00757;0,00000;0,00000
;1,74300;0,03861;0,00886;0,00000;0,00000
;1,74350;0,00850;0,01009;0,00000;0,00000
;1,74400;0,00401;0,01125;0,00000;0,00000
;1,74450;-0,06006;0,01226;0,00000;0,00000
;1,74500;0,04758;0,01305;0,00000;0,00000
;1,74550;-0,01585;0,01357;0,00000;0,00000
;1,74600;0,01042;0,01386;0,00000;0,00000
;1,74650;-0,05365;0,01390;0,00000;0,00000
;1,74700;0,03733;0,01368;0,00000;0,00000
;1,74750;-0,04789;0,01318;0,00000;0,00000
;1,74800;0,05847;0,01245;0,00000;0,00000
;1,74850;0,01682;0,01158;0,00000;0,00000
;1,74900;-0,00944;0,01067;0,00000;0,00000
;1,74950;-0,02226;0,00975;0,00000;0,00000
;1,75000;0,00914;0,00881;0,00000;0,00000
;1,75050;0,01042;0,00785;0,00000;0,00000
;1,75100;0,03028;0,00690;0,00000;0,00000
;1,75150;-0,04468;0,00602;0,00000;0,00000
;1,75200;0,03092;0,00521;0,00000;0,00000
;1,75250;-0,01969;0,00445;0,00000;0,00000
;1,75300;-0,00304;0,00373;0,00000;0,00000
;1,75350;-0,05109;0,00303;0,00000;0,00000
;1,75400;-0,00560;0,00228;0,00000;0,00000
;1,75450;-0,06006;0,00141;0,00000;0,00000
;1,75500;0,02387;0,00041;0,00000;0,00000
;1,75550;-0,01777;-0,00072;0,00000;0,00000
;1,75600;0,01042;-0,00190;0,00000;0,00000
;1,75650;-0,04020;-0,00308;0,00000;0,00000
;1,75700;-0,00944;-0,00424;0,00000;0,00000
;1,75750;0,02900;-0,00539;0,00000;0,00000
;1,75800;0,01554;-0,00644;0,00000;0,00000
;1,75850;-0,00496;-0,00731;0,00000;0,00000
;1,75900;-0,02610;-0,00797;0,00000;0,00000
;1,75950;-0,04981;-0,00847;0,00000;0,00000
;1,76000;-0,03763;-0,00893;0,00000;0,00000
;1,76050;-0,02546;-0,00944;0,00000;0,00000
;1,76100;0,03156;-0,01002;0,00000;0,00000
;1,76150;-0,06006;-0,01062;0,00000;0,00000
;1,76200;0,03540;-0,01121;0,00000;0,00000
;1,76250;-0,02931;-0,01177;0,00000;0,00000
;1,76300;-0,01265;-0,01226;0,00000;0,00000
;1,76350;-0,06134;-0,01270;0,00000;0,00000
;1,76400;-0,01329;-0,01316;0,00000;0,00000
;1,76450;-0,00304;-0,01367;0,00000;0,00000
;1,76500;0,00978;-0,01418;0,00000;0,00000
;1,76550;-0,02610;-0,01465;0,00000;0,00000
;1,76600;0,02323;-0,01502;0,00000;0,00000
;1,76650;-0,03059;-0,01528;0,00000;0,00000
;1,76700;-0,00368;-0,01540;0,00000;0,00000
;1,76750;-0,01713;-0,01541;0,00000;0,00000
;1,76800;-0,01137;-0,01534;0,00000;0,00000
;1,76850;-0,02610;-0,01520;0,00000;0,00000
;1,76900;0,02067;-0,01501;0,00000;0,00000
;1,76950;-0,05878;-0,01478;0,00000;0,00000
;1,77000;-0,04084;-0,01456;0,00000;0,00000
;1,77050;-0,03187;-0,01444;0,00000;0,00000
;1,77100;-0,05942;-0,01447;0,00000;0,00000
;1,77150;-0,00496;-0,01472;0,00000;0,00000
;1,77200;0,00145;-0,01514;0,00000;0,00000
;1,77250;0,00721;-0,01566;0,00000;0,00000
;1,77300;0,04117;-0,01615;0,00000;0,00000
;1,77350;-0,03571;-0,01649;0,00000;0,00000
;1,77400;0,00273;-0,01665;0,00000;0,00000
;1,77450;-0,00047;-0,01664;0,00000;0,00000
;1,77500;-0,02482;-0,01647;0,00000;0,00000
;1,77550;-0,01969;-0,01617;0,00000;0,00000
;1,77600;-0,00624;-0,01580;0,00000;0,00000
;1,77650;-0,03956;-0,01540;0,00000;0,00000
;1,77700;0,01618;-0,01499;0,00000;0,00000
;1,77750;-0,05173;-0,01461;0,00000;0,00000
;1,77800;-0,02738;-0,01428;0,00000;0,00000
;1,77850;-0,04148;-0,01406;0,00000;0,00000
;1,77900;-0,02226;-0,01401;0,00000;0,00000
;1,77950;-0,01585;-0,01413;0,00000;0,00000
;1,78000;-0,02162;-0,01439;0,00000;0,00000
;1,78050;-0,05237;-0,01478;0,00000;0,00000
;1,78100;-0,03379;-0,01532;0,00000;0,00000
;1,78150;-0,01585;-0,01600;0,00000;0,00000
;1,78200;-0,05109;-0,01682;0,00000;0,00000
;1,78250;0,02003;-0,01775;0,00000;0,00000
;1,78300;-0,03059;-0,01870;0,00000;0,00000
;1,78350;-0,00304;-0,01961;0,00000;0,00000
;1,78400;-0,05237;-0,02045;0,00000;0,00000
;1,78450;-0,04981;-0,02123;0,00000;0,00000
;1,78500;-0,07672;-0,02203;0,00000;0,00000
;1,78550;-0,05878;-0,02294;0,00000;0,00000
;1,78600;-0,03635;-0,02403;0,00000;0,00000
;1,78650;-0,04789;-0,02528;0,00000;0,00000
;1,78700;-0,07608;-0,02669;0,00000;0,00000
;1,78750;-0,00432;-0,02824;0,00000;0,00000
;1,78800;-0,00880;-0,02985;0,00000;0,00000
;1,78850;-0,00944;-0,03140;0,00000;0,00000
;1,78900;-0,06006;-0,03279;0,00000;0,00000
;1,78950;-0,09466;-0,03401;0,00000;0,00000
;1,79000;-0,06262;-0,03519;0,00000;0,00000
;1,79050;0,03989;-0,03636;0,00000;0,00000
;1,79100;-0,06454;-0,03746;0,00000;0,00000
;1,79150;-0,04020;-0,03842;0,00000;0,00000
;1,79200;-0,05557;-0,03923;0,00000;0,00000
;1,79250;0,00721;-0,03992;0,00000;0,00000
;1,79300;-0,05493;-0,04046;0,00000;0,00000
;1,79350;0,00273;-0,04082;0,00000;0,00000
;1,79400;-0,03956;-0,04097;0,00000;0,00000
;1,79450;-0,01008;-0,04090;0,00000;0,00000
;1,79500;-0,08953;-0,04063;0,00000;0,00000
;1,79550;-0,00752;-0,04024;0,00000;0,00000
;1,79600;-0,04084;-0,03978;0,00000;0,00000
;1,79650;-0,00880;-0,03927;0,00000;0,00000
;1,79700;-0,02162;-0,03867;0,00000;0,00000
;1,79750;0,02772;-0,03795;0,00000;0,00000
;1,79800;-0,03443;-0,03706;0,00000;0,00000
;1,79850;0,00401;-0,03597;0,00000;0,00000
;1,79900;-0,05301;-0,03471;0,00000;0,00000
;1,79950;-0,00624;-0,03334;0,00000;0,00000
;1,80000;-0,03635;-0,03191;0,00000;0,00000
;1,80050;-0,00624;-0,03048;0,00000;0,00000
;1,80100;-0,04917;-0,02908;0,00000;0,00000
;1,80150;-0,02418;-0,02776;0,00000;0,00000
;1,80200;0,01042;-0,02654;0,00000;0,00000
;1,80250;-0,01393;-0,02540;0,00000;0,00000
;1,80300;-0,04532;-0,02431;0,00000;0,00000
;1,80350;-0,03123;-0,02332;0,00000;0,00000
;1,80400;-0,01841;-0,02245;0,00000;0,00000
;1,80450;0,01362;-0,02173;0,00000;0,00000
;1,80500;-0,03187;-0,02108;0,00000;0,00000
;1,80550;0,02131;-0,02048;0,00000;0,00000
;1,80600;-0,03379;-0,01989;0,00000;0,00000
;1,80650;-0,01265;-0,01930;0,00000;0,00000
;1,80700;-0,03507;-0,01872;0,00000;0,00000
;1,80750;0,04950;-0,01818;0,00000;0,00000
;1,80800;-0,05045;-0,01763;0,00000;0,00000
;1,80850;-0,00688;-0,01706;0,00000;0,00000
;1,80900;-0,05237;-0,01650;0,00000;0,00000
;1,80950;-0,01457;-0,01603;0,00000;0,00000
;1,81000;0,01426;-0,01567;0,00000;0,00000
;1,81050;-0,00624;-0,01538;0,00000;0,00000
;1,81100;-0,01777;-0,01510;0,00000;0,00000
;1,81150;0,02644;-0,01480;0,00000;0,00000
;1,81200;-0,02546;-0,01445;0,00000;0,00000
;1,81250;0,02387;-0,01404;0,00000;0,00000
;1,81300;0,02836;-0,01352;0,00000;0,00000
;1,81350;-0,00560;-0,01284;0,00000;0,00000
;1,81400;-0,01265;-0,01201;0,00000;0,00000
;1,81450;0,05206;-0,01105;0,00000;0,00000
;1,81500;0,02067;-0,00993;0,00000;0,00000
;1,81550;0,03284;-0,00862;0,00000;0,00000
;1,81600;0,01170;-0,00709;0,00000;0,00000
;1,81650;0,03092;-0,00538;0,00000;0,00000
;1,81700;-0,01969;-0,00351;0,00000;0,00000
;1,81750;0,03284;-0,00157;0,00000;0,00000
;1,81800;-0,03187;0,00038;0,00000;0,00000
;1,81850;0,04053;0,00225;0,00000;0,00000
;1,81900;0,05655;0,00403;0,00000;0,00000
;1,81950;0,02515;0,00578;0,00000;0,00000
;1,82000;-0,02162;0,00753;0,00000;0,00000
;1,82050;0,02900;0,00921;0,00000;0,00000
;1,82100;-0,00560;0,01078;0,00000;0,00000
;1,82150;0,08986;0,01221;0,00000;0,00000
;1,82200;-0,03315;0,01355;0,00000;0,00000
;1,82250;0,04502;0,01481;0,00000;0,00000
;1,82300;-0,01265;0,01595;0,00000;0,00000
;1,82350;0,05142;0,01697;0,00000;0,00000
;1,82400;0,00401;0,01785;0,00000;0,00000
;1,82450;0,07257;0,01865;0,00000;0,00000
;1,82500;-0,03059;0,01938;0,00000;0,00000
;1,82550;0,06424;0,02006;0,00000;0,00000
;1,82600;-0,01265;0,02067;0,00000;0,00000
;1,82650;0,03028;0,02120;0,00000;0,00000
;1,82700;0,03028;0,02164;0,00000;0,00000
;1,82750;0,01170;0,02201;0,00000;0,00000
;1,82800;-0,03187;0,02227;0,00000;0,00000
;1,82850;0,04886;0,02240;0,00000;0,00000
;1,82900;0,00337;0,02236;0,00000;0,00000
;1,82950;0,00657;0,02219;0,00000;0,00000
;1,83000;0,03861;0,02190;0,00000;0,00000
;1,83050;0,02708;0,02154;0,00000;0,00000
;1,83100;0,03476;0,02116;0,00000;0,00000
;1,83150;0,02579;0,02082;0,00000;0,00000
;1,83200;-0,02354;0,02053;0,00000;0,00000
;1,83250;0,03348;0,02025;0,00000;0,00000
;1,83300;-0,00816;0,01994;0,00000;0,00000
;1,83350;0,03669;0,01960;0,00000;0,00000
;1,83400;0,02387;0,01924;0,00000;0,00000
;1,83450;0,02323;0,01889;0,00000;0,00000
;1,83500;0,00465;0,01859;0,00000;0,00000
;1,83550;0,04822;0,01833;0,00000;0,00000
;1,83600;-0,03763;0,01811;0,00000;0,00000
;1,83650;0,01554;0,01790;0,00000;0,00000
;1,83700;-0,01841;0,01762;0,00000;0,00000
;1,83750;-0,01137;0,01722;0,00000;0,00000
;1,83800;-0,02034;0,01665;0,00000;0,00000
;1,83850;-0,04532;0,01586;0,00000;0,00000
;1,83900;0,01234;0,01481;0,00000;0,00000
;1,83950;0,05142;0,01353;0,00000;0,00000
;1,84000;0,01106;0,01216;0,00000;0,00000
;1,84050;-0,01329;0,01081;0,00000;0,00000
;1,84100;-0,01201;0,00952;0,00000;0,00000
;1,84150;0,04309;0,00827;0,00000;0,00000
;1,84200;-0,00432;0,00711;0,00000;0,00000
;1,84250;0,01939;0,00609;0,00000;0,00000
;1,84300;-0,03892;0,00522;0,00000;0,00000
;1,84350;-0,02482;0,00443;0,00000;0,00000
;1,84400;-0,01457;0,00365;0,00000;0,00000
;1,84450;-0,02738;0,00281;0,00000;0,00000
;1,84500;-0,04468;0,00188;0,00000;0,00000
;1,84550;-0,00111;0,00081;0,00000;0,00000
;1,84600;-0,01265;-0,00039;0,00000;0,00000
;1,84650;-0,00944;-0,00168;0,00000;0,00000
;1,84700;0,00081;-0,00300;0,00000;0,00000
;1,84750;0,03605;-0,00428;0,00000;0,00000
;1,84800;-0,05814;-0,00545;0,00000;0,00000
;1,84850;0,00145;-0,00650;0,00000;0,00000
;1,84900;0,01042;-0,00744;0,00000;0,00000
;1,84950;-0,02098;-0,00827;0,00000;0,00000
;1,85000;0,01747;-0,00895;0,00000;0,00000
;1,85050;-0,04084;-0,00949;0,00000;0,00000
;1,85100;-0,05750;-0,00993;0,00000;0,00000
;1,85150;-0,01073;-0,01037;0,00000;0,00000
;1,85200;-0,00496;-0,01086;0,00000;0,00000
;1,85250;-0,03828;-0,01139;0,00000;0,00000
;1,85300;-0,05109;-0,01197;0,00000;0,00000
;1,85350;-0,03379;-0,01265;0,00000;0,00000
;1,85400;0,00721;-0,01345;0,00000;0,00000
;1,85450;0,01490;-0,01432;0,00000;0,00000
;1,85500;-0,03187;-0,01514;0,00000;0,00000
;1,85550;-0,01073;-0,01588;0,00000;0,00000
;1,85600;-0,01585;-0,01651;0,00000;0,00000
;1,85650;-0,01329;-0,01706;0,00000;0,00000
;1,85700;0,00529;-0,01748;0,00000;0,00000
;1,85750;0,00850;-0,01777;0,00000;0,00000
;1,85800;-0,04468;-0,01789;0,00000;0,00000
;1,85850;0,00657;-0,01785;0,00000;0,00000
;1,85900;-0,06070;-0,01772;0,00000;0,00000
;1,85950;-0,01457;-0,01756;0,00000;0,00000
;1,86000;-0,04917;-0,01744;0,00000;0,00000
;1,86050;-0,04404;-0,01741;0,00000;0,00000
;1,86100;-0,05365;-0,01754;0,00000;0,00000
;1,86150;-0,06903;-0,01790;0,00000;0,00000
;1,86200;-0,07223;-0,01854;0,00000;0,00000
;1,86250;-0,01713;-0,01952;0,00000;0,00000
;1,86300;-0,03763;-0,02079;0,00000;0,00000
;1,86350;-0,06262;-0,02227;0,00000;0,00000
;1,86400;-0,03443;-0,02393;0,00000;0,00000
;1,86450;-0,02098;-0,02571;0,00000;0,00000
;1,86500;-0,07351;-0,02755;0,00000;0,00000
;1,86550;-0,02226;-0,02940;0,00000;0,00000
;1,86600;-0,00944;-0,03123;0,00000;0,00000
;1,86650;-0,06198;-0,03295;0,00000;0,00000
;1,86700;-0,01265;-0,03452;0,00000;0,00000
;1,86750;-0,06198;-0,03593;0,00000;0,00000
;1,86800;-0,03315;-0,03717;0,00000;0,00000
;1,86850;-0,03635;-0,03825;0,00000;0,00000
;1,86900;-0,04981;-0,03919;0,00000;0,00000
;1,86950;0,00337;-0,03996;0,00000;0,00000
;1,87000;0,06167;-0,04050;0,00000;0,00000
;1,87050;-0,07992;-0,04068;0,00000;0,00000
;1,87100;-0,01649;-0,04049;0,00000;0,00000
;1,87150;-0,06390;-0,04003;0,00000;0,00000
;1,87200;-0,03379;-0,03939;0,00000;0,00000
;1,87250;-0,07608;-0,03868;0,00000;0,00000
;1,87300;-0,03507;-0,03800;0,00000;0,00000
;1,87350;-0,04276;-0,03742;0,00000;0,00000
;1,87400;0,01747;-0,03692;0,00000;0,00000
;1,87450;-0,01137;-0,03643;0,00000;0,00000
;1,87500;-0,00560;-0,03587;0,00000;0,00000
;1,87550;0,03861;-0,03515;0,00000;0,00000
;1,87600;-0,04148;-0,03420;0,00000;0,00000
;1,87650;-0,02354;-0,03303;0,00000;0,00000
;1,87700;-0,02802;-0,03172;0,00000;0,00000
;1,87750;-0,08441;-0,03036;0,00000;0,00000
;1,87800;-0,06967;-0,02911;0,00000;0,00000
;1,87850;-0,10683;-0,02813;0,00000;0,00000
;1,87900;-0,02226;-0,02757;0,00000;0,00000
;1,87950;-0,02866;-0,02744;0,00000;0,00000
;1,88000;0,04758;-0,02763;0,00000;0,00000
;1,88050;-0,07864;-0,02797;0,00000;0,00000
;1,88100;0,01298;-0,02836;0,00000;0,00000
;1,88150;-0,05237;-0,02876;0,00000;0,00000
;1,88200;0,00529;-0,02914;0,00000;0,00000
;1,88250;-0,05365;-0,02946;0,00000;0,00000
;1,88300;0,00850;-0,02971;0,00000;0,00000
;1,88350;-0,04276;-0,02987;0,00000;0,00000
;1,88400;0,02067;-0,02991;0,00000;0,00000
;1,88450;0,03412;-0,02978;0,00000;0,00000
;1,88500;0,00978;-0,02937;0,00000;0,00000
;1,88550;-0,02610;-0,02862;0,00000;0,00000
;1,88600;0,03284;-0,02756;0,00000;0,00000
;1,88650;-0,02610;-0,02621;0,00000;0,00000
;1,88700;-0,03059;-0,02464;0,00000;0,00000
;1,88750;-0,03956;-0,02296;0,00000;0,00000
;1,88800;-0,03507;-0,02131;0,00000;0,00000
;1,88850;-0,04789;-0,01980;0,00000;0,00000
;1,88900;0,03605;-0,01850;0,00000;0,00000
;1,88950;0,00785;-0,01736;0,00000;0,00000
;1,89000;0,00145;-0,01629;0,00000;0,00000
;1,89050;-0,03443;-0,01526;0,00000;0,00000
;1,89100;0,01747;-0,01427;0,00000;0,00000
;1,89150;-0,02482;-0,01333;0,00000;0,00000
;1,89200;0,02644;-0,01245;0,00000;0,00000
;1,89250;-0,04020;-0,01160;0,00000;0,00000
;1,89300;0,07513;-0,01077;0,00000;0,00000
;1,89350;0,00401;-0,00989;0,00000;0,00000
;1,89400;0,01747;-0,00889;0,00000;0,00000
;1,89450;-0,03892;-0,00778;0,00000;0,00000
;1,89500;0,03284;-0,00661;0,00000;0,00000
;1,89550;-0,00432;-0,00543;0,00000;0,00000
;1,89600;0,01426;-0,00424;0,00000;0,00000
;1,89650;0,00978;-0,00306;0,00000;0,00000
;1,89700;0,03348;-0,00187;0,00000;0,00000
;1,89750;-0,05109;-0,00068;0,00000;0,00000
;1,89800;0,03797;0,00046;0,00000;0,00000
;1,89850;-0,04596;0,00150;0,00000;0,00000
;1,89900;0,05142;0,00240;0,00000;0,00000
;1,89950;-0,01137;0,00318;0,00000;0,00000
;1,90000;-0,00688;0,00385;0,00000;0,00000
;1,90050;0,03861;0,00442;0,00000;0,00000
;1,90100;0,05655;0,00494;0,00000;0,00000
;1,90150;-0,00624;0,00549;0,00000;0,00000
;1,90200;0,05206;0,00613;0,00000;0,00000
;1,90250;0,00017;0,00687;0,00000;0,00000
;1,90300;0,01618;0,00769;0,00000;0,00000
;1,90350;-0,02866;0,00855;0,00000;0,00000
;1,90400;0,01554;0,00936;0,00000;0,00000
;1,90450;-0,02098;0,01006;0,00000;0,00000
;1,90500;0,03476;0,01060;0,00000;0,00000
;1,90550;-0,02738;0,01099;0,00000;0,00000
;1,90600;0,08025;0,01125;0,00000;0,00000
;1,90650;0,00465;0,01144;0,00000;0,00000
;1,90700;0,06103;0,01167;0,00000;0,00000
;1,90750;-0,03059;0,01197;0,00000;0,00000
;1,90800;0,02900;0,01232;0,00000;0,00000
;1,90850;-0,02802;0,01267;0,00000;0,00000
;1,90900;0,06295;0,01298;0,00000;0,00000
;1,90950;-0,04276;0,01324;0,00000;0,00000
;1,91000;0,07385;0,01345;0,00000;0,00000
;1,91050;0,02323;0,01364;0,00000;0,00000
;1,91100;-0,00496;0,01388;0,00000;0,00000
;1,91150;-0,00560;0,01414;0,00000;0,00000
;1,91200;0,05270;0,01438;0,00000;0,00000
;1,91250;0,01939;0,01461;0,00000;0,00000
;1,91300;0,03605;0,01487;0,00000;0,00000
;1,91350;-0,00432;0,01520;0,00000;0,00000
;1,91400;0,07321;0,01558;0,00000;0,00000
;1,91450;-0,00240;0,01603;0,00000;0,00000
;1,91500;0,02131;0,01656;0,00000;0,00000
;1,91550;0,01490;0,01713;0,00000;0,00000
;1,91600;0,05847;0,01772;0,00000;0,00000
;1,91650;-0,00368;0,01834;0,00000;0,00000
;1,91700;0,09627;0,01901;0,00000;0,00000
;1,91750;-0,01137;0,01976;0,00000;0,00000
;1,91800;0,00914;0,02058;0,00000;0,00000
;1,91850;-0,02995;0,02137;0,00000;0,00000
;1,91900;0,04181;0,02203;0,00000;0,00000
;1,91950;0,00145;0,02251;0,00000;0,00000
;1,92000;0,10973;0,02285;0,00000;0,00000
;1,92050;-0,01521;0,02315;0,00000;0,00000
;1,92100;0,09691;0,02349;0,00000;0,00000
;1,92150;-0,00432;0,02391;0,00000;0,00000
;1,92200;0,13599;0,02447;0,00000;0,00000
;1,92250;0,02259;0,02522;0,00000;0,00000
;1,92300;0,04502;0,02623;0,00000;0,00000
;1,92350;0,02579;0,02745;0,00000;0,00000
;1,92400;0,09627;0,02881;0,00000;0,00000
;1,92450;0,09243;0,03033;0,00000;0,00000
;1,92500;0,04886;0,03209;0,00000;0,00000
;1,92550;0,03028;0,03405;0,00000;0,00000
;1,92600;0,10076;0,03616;0,00000;0,00000
;1,92650;0,06744;0,03839;0,00000;0,00000
;1,92700;0,06488;0,04072;0,00000;0,00000
;1,92750;0,02515;0,04312;0,00000;0,00000
;1,92800;0,02708;0,04548;0,00000;0,00000
;1,92850;0,03284;0,04768;0,00000;0,00000
;1,92900;0,05719;0,04961;0,00000;0,00000
;1,92950;-0,00624;0,05122;0,00000;0,00000
;1,93000;0,05334;0,05247;0,00000;0,00000
;1,93050;-0,00944;0,05330;0,00000;0,00000
;1,93100;0,06103;0,05370;0,00000;0,00000
;1,93150;0,03092;0,05368;0,00000;0,00000
;1,93200;0,07449;0,05333;0,00000;0,00000
;1,93250;0,10076;0,05276;0,00000;0,00000
;1,93300;0,08602;0,05215;0,00000;0,00000
;1,93350;0,05591;0,05166;0,00000;0,00000
;1,93400;0,09947;0,05135;0,00000;0,00000
;1,93450;0,09243;0,05129;0,00000;0,00000
;1,93500;0,06424;0,05153;0,00000;0,00000
;1,93550;0,09307;0,05209;0,00000;0,00000
;1,93600;0,08794;0,05295;0,00000;0,00000
;1,93650;0,05206;0,05410;0,00000;0,00000
;1,93700;0,08410;0,05548;0,00000;0,00000
;1,93750;-0,00240;0,05699;0,00000;0,00000
;1,93800;0,02644;0,05849;0,00000;0,00000
;1,93850;0,06103;0,05980;0,00000;0,00000
;1,93900;0,04437;0,06086;0,00000;0,00000
;1,93950;0,02644;0,06164;0,00000;0,00000
;1,94000;0,00914;0,06209;0,00000;0,00000
;1,94050;0,01554;0,06216;0,00000;0,00000
;1,94100;0,03733;0,06178;0,00000;0,00000
;1,94150;0,04950;0,06098;0,00000;0,00000
;1,94200;0,07128;0,05985;0,00000;0,00000
;1,94250;0,05398;0,05851;0,00000;0,00000
;1,94300;0,09179;0,05710;0,00000;0,00000
;1,94350;0,07641;0,05574;0,00000;0,00000
;1,94400;0,13663;0,05458;0,00000;0,00000
;1,94450;0,12702;0,05379;0,00000;0,00000
;1,94500;0,07577;0,05351;0,00000;0,00000
;1,94550;0,11549;0,05380;0,00000;0,00000
;1,94600;0,06808;0,05463;0,00000;0,00000
;1,94650;0,12959;0,05596;0,00000;0,00000
;1,94700;0,15906;0,05777;0,00000;0,00000
;1,94750;0,07128;0,06009;0,00000;0,00000
;1,94800;0,10076;0,06286;0,00000;0,00000
;1,94850;0,10652;0,06598;0,00000;0,00000
;1,94900;0,14560;0,06934;0,00000;0,00000
;1,94950;0,14817;0,07293;0,00000;0,00000
;1,95000;0,19366;0,07680;0,00000;0,00000
;1,95050;0,08410;0,08098;0,00000;0,00000
;1,95100;0,21672;0,08544;0,00000;0,00000
;1,95150;0,20647;0,09019;0,00000;0,00000
;1,95200;0,16547;0,09528;0,00000;0,00000
;1,95250;0,17764;0,10073;0,00000;0,00000
;1,95300;0,21416;0,10649;0,00000;0,00000
;1,95350;0,21160;0,11253;0,00000;0,00000
;1,95400;0,20583;0,11885;0,00000;0,00000
;1,95450;0,22185;0,12542;0,00000;0,00000
;1,95500;0,22313;0,13221;0,00000;0,00000
;1,95550;0,21480;0,13916;0,00000;0,00000
;1,95600;0,19494;0,14622;0,00000;0,00000
;1,95650;0,22633;0,15327;0,00000;0,00000
;1,95700;0,17508;0,16022;0,00000;0,00000
;1,95750;0,22569;0,16694;0,00000;0,00000
;1,95800;0,24107;0,17337;0,00000;0,00000
;1,95850;0,23146;0,17949;0,00000;0,00000
;1,95900;0,27695;0,18535;0,00000;0,00000
;1,95950;0,26541;0,19100;0,00000;0,00000
;1,96000;0,23915;0,19651;0,00000;0,00000
;1,96050;0,29809;0,20191;0,00000;0,00000
;1,96100;0,28015;0,20723;0,00000;0,00000
;1,96150;0,34102;0,21255;0,00000;0,00000
;1,96200;0,31859;0,21798;0,00000;0,00000
;1,96250;0,37689;0,22365;0,00000;0,00000
;1,96300;0,30129;0,22964;0,00000;0,00000
;1,96350;0,34358;0,23598;0,00000;0,00000
;1,96400;0,39227;0,24267;0,00000;0,00000
;1,96450;0,41726;0,24975;0,00000;0,00000
;1,96500;0,36793;0,25729;0,00000;0,00000
;1,96550;0,35383;0,26531;0,00000;0,00000
;1,96600;0,38330;0,27369;0,00000;0,00000
;1,96650;0,39227;0,28233;0,00000;0,00000
;1,96700;0,37689;0,29114;0,00000;0,00000
;1,96750;0,44289;0,30005;0,00000;0,00000
;1,96800;0,39419;0,30901;0,00000;0,00000
;1,96850;0,44737;0,31802;0,00000;0,00000
;1,96900;0,43071;0,32705;0,00000;0,00000
;1,96950;0,43968;0,33608;0,00000;0,00000
;1,97000;0,43520;0,34508;0,00000;0,00000
;1,97050;0,47300;0,35400;0,00000;0,00000
;1,97100;0,46147;0,36285;0,00000;0,00000
;1,97150;0,51593;0,37163;0,00000;0,00000
;1,97200;0,48517;0,38039;0,00000;0,00000
;1,97250;0,57103;0,38919;0,00000;0,00000
;1,97300;0,54219;0,39812;0,00000;0,00000
;1,97350;0,60242;0,40731;0,00000;0,00000
;1,97400;0,55885;0,41685;0,00000;0,00000
;1,97450;0,64727;0,42682;0,00000;0,00000
;1,97500;0,54283;0,43726;0,00000;0,00000
;1,97550;0,64535;0,44815;0,00000;0,00000
;1,97600;0,63125;0,45944;0,00000;0,00000
;1,97650;0,67290;0,47115;0,00000;0,00000
;1,97700;0,62805;0,48327;0,00000;0,00000
;1,97750;0,65688;0,49576;0,00000;0,00000
;1,97800;0,59281;0,50847;0,00000;0,00000
;1,97850;0,70685;0,52127;0,00000;0,00000
;1,97900;0,59922;0,53402;0,00000;0,00000
;1,97950;0,66585;0,54658;0,00000;0,00000
;1,98000;0,63189;0,55882;0,00000;0,00000
;1,98050;0,70045;0,57062;0,00000;0,00000
;1,98100;0,65111;0,58194;0,00000;0,00000
;1,98150;0,68507;0,59274;0,00000;0,00000
;1,98200;0,69980;0,60301;0,00000;0,00000
;1,98250;0,80168;0,61278;0,00000;0,00000
;1,98300;0,71774;0,62223;0,00000;0,00000
;1,98350;0,79399;0,63150;0,00000;0,00000
;1,98400;0,76451;0,64069;0,00000;0,00000
;1,98450;0,82282;0,64991;0,00000;0,00000
;1,98500;0,75426;0,65925;0,00000;0,00000
;1,98550;0,83435;0,66872;0,00000;0,00000
;1,98600;0,80808;0,67834;0,00000;0,00000
;1,98650;0,90611;0,68817;0,00000;0,00000
;1,98700;0,83691;0,69829;0,00000;0,00000
;1,98750;0,85613;0,70876;0,00000;0,00000
;1,98800;0,82602;0,71953;0,00000;0,00000
;1,98850;0,87536;0,73050;0,00000;0,00000
;1,98900;0,80552;0,74156;0,00000;0,00000
;1,98950;0,89009;0,75257;0,00000;0,00000
;1,99000;0,89650;0,76345;0,00000;0,00000
;1,99050;0,88432;0,77419;0,00000;0,00000
;1,99100;0,86639;0,78476;0,00000;0,00000
;1,99150;0,89137;0,79510;0,00000;0,00000
;1,99200;0,92597;0,80514;0,00000;0,00000
;1,99250;0,94968;0,81491;0,00000;0,00000
;1,99300;0,89586;0,82446;0,00000;0,00000
;1,99350;0,97915;0,83380;0,00000;0,00000
;1,99400;0,98235;0,84298;0,00000;0,00000
;1,99450;1,02656;0,85212;0,00000;0,00000
;1,99500;0,93622;0,86133;0,00000;0,00000
;1,99550;1,00798;0,87061;0,00000;0,00000
;1,99600;1,00862;0,87996;0,00000;0,00000
;1,99650;1,07141;0,88939;0,00000;0,00000
;1,99700;0,98427;0,89897;0,00000;0,00000
;1,99750;1,01631;0,90868;0,00000;0,00000
;1,99800;0,94007;0,91841;0,00000;0,00000
;1,99850;1,05026;0,92798;0,00000;0,00000
;1,99900;1,00798;0,93728;0,00000;0,00000
;1,99950;1,01887;0,94628;0,00000;0,00000
;2,00000;1,05859;0,95494;0,00000;0,00000
;2,00050;1,05155;0,96329;0,00000;0,00000
;2,00100;1,07397;0,97135;0,00000;0,00000
;2,00150;1,11497;0,97921;0,00000;0,00000
;2,00200;1,12394;0,98698;0,00000;0,00000
;2,00250;1,20339;0,99482;0,00000;0,00000
;2,00300;1,13740;1,00293;0,00000;0,00000
;2,00350;1,18225;1,01145;0,00000;0,00000
;2,00400;1,12587;1,02042;0,00000;0,00000
;2,00450;1,16943;1,02980;0,00000;0,00000
;2,00500;1,07846;1,03948;0,00000;0,00000
;2,00550;1,16559;1,04927;0,00000;0,00000
;2,00600;1,20980;1,05906;0,00000;0,00000
;2,00650;1,19634;1,06882;0,00000;0,00000
;2,00700;1,17136;1,07859;0,00000;0,00000
;2,00750;1,21877;1,08835;0,00000;0,00000
;2,00800;1,17200;1,09805;0,00000;0,00000
;2,00850;1,26746;1,10765;0,00000;0,00000
;2,00900;1,22966;1,11716;0,00000;0,00000
;2,00950;1,25336;1,12664;0,00000;0,00000
;2,01000;1,22966;1,13609;0,00000;0,00000
;2,01050;1,30782;1,14551;0,00000;0,00000
;2,01100;1,22261;1,15492;0,00000;0,00000
;2,01150;1,28091;1,16428;0,00000;0,00000
;2,01200;1,28988;1,17357;0,00000;0,00000
;2,01250;1,28540;1,18277;0,00000;0,00000
;2,01300;1,24632;1,19186;0,00000;0,00000
;2,01350;1,29053;1,20077;0,00000;0,00000
;2,01400;1,32833;1,20944;0,00000;0,00000
;2,01450;1,32897;1,21790;0,00000;0,00000
;2,01500;1,27451;1,22619;0,00000;0,00000
;2,01550;1,32961;1,23429;0,00000;0,00000
;2,01600;1,28732;1,24217;0,00000;0,00000
;2,01650;1,31295;1,24975;0,00000;0,00000
;2,01700;1,35459;1,25703;0,00000;0,00000
;2,01750;1,34883;1,26403;0,00000;0,00000
;2,01800;1,37382;1,27082;0,00000;0,00000
;2,01850;1,38791;1,27749;0,00000;0,00000
;2,01900;1,42059;1,28416;0,00000;0,00000
;2,01950;1,39304;1,29093;0,00000;0,00000
;2,02000;1,36613;1,29787;0,00000;0,00000
;2,02050;1,44621;1,30496;0,00000;0,00000
;2,02100;1,40585;1,31220;0,00000;0,00000
;2,02150;1,40777;1,31961;0,00000;0,00000
;2,02200;1,35075;1,32713;0,00000;0,00000
;2,02250;1,43276;1,33462;0,00000;0,00000
;2,02300;1,39752;1,34199;0,00000;0,00000
;2,02350;1,43340;1,34919;0,00000;0,00000
;2,02400;1,45390;1,35623;0,00000;0,00000
;2,02450;1,45582;1,36313;0,00000;0,00000
;2,02500;1,47440;1,36996;0,00000;0,00000
;2,02550;1,49939;1,37679;0,00000;0,00000
;2,02600;1,48273;1,38368;0,00000;0,00000
;2,02650;1,45006;1,39069;0,00000;0,00000
;2,02700;1,53143;1,39778;0,00000;0,00000
;2,02750;1,53207;1,40496;0,00000;0,00000
;2,02800;1,53783;1,41232;0,00000;0,00000
;2,02850;1,57051;1,41992;0,00000;0,00000
;2,02900;1,54040;1,42783;0,00000;0,00000
;2,02950;1,54808;1,43605;0,00000;0,00000
;2,03000;1,55962;1,44455;0,00000;0,00000
;2,03050;1,63009;1,45328;0,00000;0,00000
;2,03100;1,52438;1,46227;0,00000;0,00000
;2,03150;1,60767;1,47146;0,00000;0,00000
;2,03200;1,55962;1,48076;0,00000;0,00000
;2,03250;1,56923;1,49008;0,00000;0,00000
;2,03300;1,56730;1,49929;0,00000;0,00000
;2,03350;1,56923;1,50829;0,00000;0,00000
;2,03400;1,63842;1,51699;0,00000;0,00000
;2,03450;1,58012;1,52538;0,00000;0,00000
;2,03500;1,63842;1,53348;0,00000;0,00000
;2,03550;1,58781;1,54130;0,00000;0,00000
;2,03600;1,64867;1,54882;0,00000;0,00000
;2,03650;1,57499;1,55606;0,00000;0,00000
;2,03700;1,66853;1,56298;0,00000;0,00000
;2,03750;1,75375;1,56967;0,00000;0,00000
;2,03800;1,72428;1,57632;0,00000;0,00000
;2,03850;1,73581;1,58318;0,00000;0,00000
;2,03900;1,71210;1,59042;0,00000;0,00000
;2,03950;1,69032;1,59807;0,00000;0,00000
;2,04000;1,76208;1,60609;0,00000;0,00000
;2,04050;1,76336;1,61447;0,00000;0,00000
;2,04100;1,75247;1,62322;0,00000;0,00000
;2,04150;1,76079;1,63234;0,00000;0,00000
;2,04200;1,76079;1,64178;0,00000;0,00000
;2,04250;1,79795;1,65148;0,00000;0,00000
;2,04300;1,77361;1,66139;0,00000;0,00000
;2,04350;1,75695;1,67144;0,00000;0,00000
;2,04400;1,80116;1,68152;0,00000;0,00000
;2,04450;1,76400;1,69154;0,00000;0,00000
;2,04500;1,79027;1,70140;0,00000;0,00000
;2,04550;1,78130;1,71101;0,00000;0,00000
;2,04600;1,84152;1,72030;0,00000;0,00000
;2,04650;1,81974;1,72928;0,00000;0,00000
;2,04700;1,90303;1,73802;0,00000;0,00000
;2,04750;1,85498;1,74663;0,00000;0,00000
;2,04800;1,92353;1,75522;0,00000;0,00000
;2,04850;1,91969;1,76392;0,00000;0,00000
;2,04900;1,89598;1,77284;0,00000;0,00000
;2,04950;1,87484;1,78198;0,00000;0,00000
;2,05000;1,87356;1,79128;0,00000;0,00000
;2,05050;1,91200;1,80062;0,00000;0,00000
;2,05100;1,90751;1,80990;0,00000;0,00000
;2,05150;1,92417;1,81910;0,00000;0,00000
;2,05200;1,95941;1,82819;0,00000;0,00000
;2,05250;1,97671;1,83722;0,00000;0,00000
;2,05300;1,96902;1,84626;0,00000;0,00000
;2,05350;1,95493;1,85534;0,00000;0,00000
;2,05400;2,03245;1,86447;0,00000;0,00000
;2,05450;1,97543;1,87368;0,00000;0,00000
;2,05500;2,04654;1,88301;0,00000;0,00000
;2,05550;1,96838;1,89246;0,00000;0,00000
;2,05600;2,04142;1,90200;0,00000;0,00000
;2,05650;1,98760;1,91157;0,00000;0,00000
;2,05700;2,06192;1,92112;0,00000;0,00000
;2,05750;2,05487;1,93062;0,00000;0,00000
;2,05800;2,06448;1,94011;0,00000;0,00000
;2,05850;2,04526;1,94959;0,00000;0,00000
;2,05900;2,04142;1,95903;0,00000;0,00000
;2,05950;2,01451;1,96833;0,00000;0,00000
;2,06000;2,11510;1,97739;0,00000;0,00000
;2,06050;2,06833;1,98619;0,00000;0,00000
;2,06100;2,14393;1,99479;0,00000;0,00000
;2,06150;2,15674;2,00329;0,00000;0,00000
;2,06200;2,19583;2,01183;0,00000;0,00000
;2,06250;2,17725;2,02061;0,00000;0,00000
;2,06300;2,18942;2,02973;0,00000;0,00000
;2,06350;2,13304;2,03923;0,00000;0,00000
;2,06400;2,21441;2,04906;0,00000;0,00000
;2,06450;2,18942;2,05916;0,00000;0,00000
;2,06500;2,23235;2,06950;0,00000;0,00000
;2,06550;2,13624;2,08004;0,00000;0,00000
;2,06600;2,26694;2,09068;0,00000;0,00000
;2,06650;2,19198;2,10134;0,00000;0,00000
;2,06700;2,32589;2,11201;0,00000;0,00000
;2,06750;2,20480;2,12272;0,00000;0,00000
;2,06800;2,24388;2,13347;0,00000;0,00000
;2,06850;2,25477;2,14415;0,00000;0,00000
;2,06900;2,24324;2,15469;0,00000;0,00000
;2,06950;2,25797;2,16501;0,00000;0,00000
;2,07000;2,31564;2,17507;0,00000;0,00000
;2,07050;2,22338;2,18484;0,00000;0,00000
;2,07100;2,31051;2,19432;0,00000;0,00000
;2,07150;2,25990;2,20344;0,00000;0,00000
;2,07200;2,33998;2,21221;0,00000;0,00000
;2,07250;2,35023;2,22068;0,00000;0,00000
;2,07300;2,35728;2,22898;0,00000;0,00000
;2,07350;2,28616;2,23718;0,00000;0,00000
;2,07400;2,33806;2,24529;0,00000;0,00000
;2,07450;2,34062;2,25326;0,00000;0,00000
;2,07500;2,31628;2,26104;0,00000;0,00000
;2,07550;2,34767;2,26862;0,00000;0,00000
;2,07600;2,41751;2,27599;0,00000;0,00000
;2,07650;2,39124;2,28324;0,00000;0,00000
;2,07700;2,44954;2,29050;0,00000;0,00000
;2,07750;2,33614;2,29787;0,00000;0,00000
;2,07800;2,41751;2,30536;0,00000;0,00000
;2,07850;2,37330;2,31288;0,00000;0,00000
;2,07900;2,45787;2,32040;0,00000;0,00000
;2,07950;2,41174;2,32794;0,00000;0,00000
;2,08000;2,50144;2,33553;0,00000;0,00000
;2,08050;2,46812;2,34327;0,00000;0,00000
;2,08100;2,51297;2,35125;0,00000;0,00000
;2,08150;2,49311;2,35955;0,00000;0,00000
;2,08200;2,47773;2,36821;0,00000;0,00000
;2,08250;2,48414;2,37717;0,00000;0,00000
;2,08300;2,53155;2,38636;0,00000;0,00000
;2,08350;2,43737;2,39571;0,00000;0,00000
;2,08400;2,51489;2,40510;0,00000;0,00000
;2,08450;2,45146;2,41439;0,00000;0,00000
;2,08500;2,53027;2,42345;0,00000;0,00000
;2,08550;2,49631;2,43223;0,00000;0,00000
;2,08600;2,52771;2,44068;0,00000;0,00000
;2,08650;2,52066;2,44881;0,00000;0,00000
;2,08700;2,54372;2,45661;0,00000;0,00000
;2,08750;2,54629;2,46411;0,00000;0,00000
;2,08800;2,62509;2,47138;0,00000;0,00000
;2,08850;2,56871;2,47855;0,00000;0,00000
;2,08900;2,56807;2,48571;0,00000;0,00000
;2,08950;2,61228;2,49289;0,00000;0,00000
;2,09000;2,60459;2,50011;0,00000;0,00000
;2,09050;2,64687;2,50743;0,00000;0,00000
;2,09100;2,66738;2,51493;0,00000;0,00000
;2,09150;2,63919;2,52270;0,00000;0,00000
;2,09200;2,67827;2,53080;0,00000;0,00000
;2,09250;2,61100;2,53921;0,00000;0,00000
;2,09300;2,67699;2,54788;0,00000;0,00000
;2,09350;2,62765;2,55670;0,00000;0,00000
;2,09400;2,68275;2,56560;0,00000;0,00000
;2,09450;2,63983;2,57449;0,00000;0,00000
;2,09500;2,70838;2,58330;0,00000;0,00000
;2,09550;2,62701;2,59200;0,00000;0,00000
;2,09600;2,63470;2,60047;0,00000;0,00000
;2,09650;2,55269;2,60854;0,00000;0,00000
;2,09700;2,65584;2,61598;0,00000;0,00000
;2,09750;2,66289;2,62265;0,00000;0,00000
;2,09800;2,65520;2,62857;0,00000;0,00000
;2,09850;2,64495;2,63379;0,00000;0,00000
;2,09900;2,66994;2,63835;0,00000;0,00000
;2,09950;2,67314;2,64233;0,00000;0,00000
;2,10000;2,73721;2,64582;0,00000;0,00000
;2,10050;2,73017;2,64901;0,00000;0,00000
;2,10100;2,75515;2,65212;0,00000;0,00000
;2,10150;2,82243;2,65537;0,00000;0,00000
;2,10200;2,76733;2,65901;0,00000;0,00000
;2,10250;2,75195;2,66320;0,00000;0,00000
;2,10300;2,78526;2,66798;0,00000;0,00000
;2,10350;2,72696;2,67332;0,00000;0,00000
;2,10400;2,71030;2,67910;0,00000;0,00000
;2,10450;2,71927;2,68512;0,00000;0,00000
;2,10500;2,74106;2,69120;0,00000;0,00000
;2,10550;2,71991;2,69718;0,00000;0,00000
;2,10600;2,72888;2,70296;0,00000;0,00000
;2,10650;2,72055;2,70843;0,00000;0,00000
;2,10700;2,74490;2,71352;0,00000;0,00000
;2,10750;2,75515;2,71818;0,00000;0,00000
;2,10800;2,81922;2,72248;0,00000;0,00000
;2,10850;2,87176;2,72656;0,00000;0,00000
;2,10900;2,87368;2,73069;0,00000;0,00000
;2,10950;2,87432;2,73513;0,00000;0,00000
;2,11000;2,85766;2,74009;0,00000;0,00000
;2,11050;2,92878;2,74566;0,00000;0,00000
;2,11100;2,86984;2,75194;0,00000;0,00000
;2,11150;2,88073;2,75893;0,00000;0,00000
;2,11200;2,84933;2,76657;0,00000;0,00000
;2,11250;2,82307;2,77467;0,00000;0,00000
;2,11300;2,81986;2,78300;0,00000;0,00000
;2,11350;2,81794;2,79131;0,00000;0,00000
;2,11400;2,76604;2,79932;0,00000;0,00000
;2,11450;2,73913;2,80676;0,00000;0,00000
;2,11500;2,79808;2,81335;0,00000;0,00000
;2,11550;2,82563;2,81891;0,00000;0,00000
;2,11600;2,76092;2,82344;0,00000;0,00000
;2,11650;2,77758;2,82691;0,00000;0,00000
;2,11700;2,81602;2,82932;0,00000;0,00000
;2,11750;2,88714;2,83077;0,00000;0,00000
;2,11800;2,93519;2,83154;0,00000;0,00000
;2,11850;2,97171;2,83203;0,00000;0,00000
;2,11900;2,88906;2,83265;0,00000;0,00000
;2,11950;2,93903;2,83366;0,00000;0,00000
;2,12000;2,94352;2,83523;0,00000;0,00000
;2,12050;2,96914;2,83748;0,00000;0,00000
;2,12100;2,91340;2,84051;0,00000;0,00000
;2,12150;2,97299;2,84433;0,00000;0,00000
;2,12200;2,95953;2,84893;0,00000;0,00000
;2,12250;2,91340;2,85425;0,00000;0,00000
;2,12300;2,85254;2,86014;0,00000;0,00000
;2,12350;2,86215;2,86630;0,00000;0,00000
;2,12400;2,85959;2,87240;0,00000;0,00000
;2,12450;2,86087;2,87818;0,00000;0,00000
;2,12500;2,89162;2,88342;0,00000;0,00000
;2,12550;2,88201;2,88805;0,00000;0,00000
;2,12600;2,82563;2,89199;0,00000;0,00000
;2,12650;2,89546;2,89518;0,00000;0,00000
;2,12700;2,93839;2,89761;0,00000;0,00000
;2,12750;2,97747;2,89945;0,00000;0,00000
;2,12800;2,94928;2,90094;0,00000;0,00000
;2,12850;3,06204;2,90235;0,00000;0,00000
;2,12900;3,01656;2,90399;0,00000;0,00000
;2,12950;3,04731;2,90615;0,00000;0,00000
;2,13000;3,04795;2,90903;0,00000;0,00000
;2,13050;3,04346;2,91277;0,00000;0,00000
;2,13100;2,99669;2,91741;0,00000;0,00000
;2,13150;2,97043;2,92285;0,00000;0,00000
;2,13200;2,90636;2,92885;0,00000;0,00000
;2,13250;2,95761;2,93508;0,00000;0,00000
;2,13300;2,90956;2,94122;0,00000;0,00000
;2,13350;2,98196;2,94702;0,00000;0,00000
;2,13400;2,93647;2,95234;0,00000;0,00000
;2,13450;3,01591;2,95712;0,00000;0,00000
;2,13500;2,95313;2,96137;0,00000;0,00000
;2,13550;2,99926;2,96512;0,00000;0,00000
;2,13600;3,00182;2,96841;0,00000;0,00000
;2,13650;3,04411;2,97134;0,00000;0,00000
;2,13700;3,03321;2,97406;0,00000;0,00000
;2,13750;3,07358;2,97673;0,00000;0,00000
;2,13800;3,06909;2,97950;0,00000;0,00000
;2,13850;3,08831;2,98255;0,00000;0,00000
;2,13900;3,03898;2,98596;0,00000;0,00000
;2,13950;3,04539;2,98976;0,00000;0,00000
;2,14000;3,00951;2,99387;0,00000;0,00000
;2,14050;3,07294;2,99817;0,00000;0,00000
;2,14100;3,01848;3,00257;0,00000;0,00000
;2,14150;3,01656;3,00698;0,00000;0,00000
;2,14200;2,96146;3,01126;0,00000;0,00000
;2,14250;2,97043;3,01520;0,00000;0,00000
;2,14300;2,94864;3,01857;0,00000;0,00000
;2,14350;3,01399;3,02122;0,00000;0,00000
;2,14400;3,01271;3,02312;0,00000;0,00000
;2,14450;3,05692;3,02434;0,00000;0,00000
;2,14500;3,07422;3,02507;0,00000;0,00000
;2,14550;3,06525;3,02552;0,00000;0,00000
;2,14600;3,04218;3,02587;0,00000;0,00000
;2,14650;3,08895;3,02626;0,00000;0,00000
;2,14700;3,06269;3,02679;0,00000;0,00000
;2,14750;3,13893;3,02757;0,00000;0,00000
;2,14800;3,06076;3,02873;0,00000;0,00000
;2,14850;3,08831;3,03033;0,00000;0,00000
;2,14900;2,97940;3,03233;0,00000;0,00000
;2,14950;3,02232;3,03455;0,00000;0,00000
;2,15000;2,95761;3,03674;0,00000;0,00000
;2,15050;3,00887;3,03867;0,00000;0,00000
;2,15100;3,00246;3,04018;0,00000;0,00000
;2,15150;3,02104;3,04118;0,00000;0,00000
;2,15200;2,93711;3,04164;0,00000;0,00000
;2,15250;3,01976;3,04151;0,00000;0,00000
;2,15300;2,95953;3,04075;0,00000;0,00000
;2,15350;3,03450;3,03939;0,00000;0,00000
;2,15400;2,97363;3,03750;0,00000;0,00000
;2,15450;3,02745;3,03519;0,00000;0,00000
;2,15500;3,02424;3,03257;0,00000;0,00000
;2,15550;3,13124;3,02983;0,00000;0,00000
;2,15600;3,02809;3,02723;0,00000;0,00000
;2,15650;3,06140;3,02498;0,00000;0,00000
;2,15700;2,99669;3,02317;0,00000;0,00000
;2,15750;3,09536;3,02179;0,00000;0,00000
;2,15800;3,00182;3,02085;0,00000;0,00000
;2,15850;3,01848;3,02034;0,00000;0,00000
;2,15900;2,95056;3,02013;0,00000;0,00000
;2,15950;3,01399;3,02005;0,00000;0,00000
;2,16000;2,93198;3,01993;0,00000;0,00000
;2,16050;2,98708;3,01964;0,00000;0,00000
;2,16100;2,95056;3,01905;0,00000;0,00000
;2,16150;2,99221;3,01809;0,00000;0,00000
;2,16200;2,96338;3,01675;0,00000;0,00000
;2,16250;2,99669;3,01505;0,00000;0,00000
;2,16300;2,94288;3,01303;0,00000;0,00000
;2,16350;3,01848;3,01073;0,00000;0,00000
;2,16400;2,97875;3,00823;0,00000;0,00000
;2,16450;2,99285;3,00563;0,00000;0,00000
;2,16500;2,99733;3,00301;0,00000;0,00000
;2,16550;3,02040;3,00046;0,00000;0,00000
;2,16600;2,93647;2,99805;0,00000;0,00000
;2,16650;2,94736;2,99578;0,00000;0,00000
;2,16700;2,96658;2,99356;0,00000;0,00000
;2,16750;2,95120;2,99135;0,00000;0,00000
;2,16800;2,92109;2,98908;0,00000;0,00000
;2,16850;2,92878;2,98672;0,00000;0,00000
;2,16900;2,83908;2,98414;0,00000;0,00000
;2,16950;2,91853;2,98121;0,00000;0,00000
;2,17000;2,90572;2,97784;0,00000;0,00000
;2,17050;2,95313;2,97404;0,00000;0,00000
;2,17100;2,96082;2,96994;0,00000;0,00000
;2,17150;3,01591;2,96576;0,00000;0,00000
;2,17200;2,88329;2,96170;0,00000;0,00000
;2,17250;2,91469;2,95785;0,00000;0,00000
;2,17300;2,83524;2,95413;0,00000;0,00000
;2,17350;2,87496;2,95039;0,00000;0,00000
;2,17400;2,89290;2,94652;0,00000;0,00000
;2,17450;2,90251;2,94249;0,00000;0,00000
;2,17500;2,89034;2,93835;0,00000;0,00000
;2,17550;2,90700;2,93415;0,00000;0,00000
;2,17600;2,78655;2,92992;0,00000;0,00000
;2,17650;2,86535;2,92559;0,00000;0,00000
;2,17700;2,77822;2,92104;0,00000;0,00000
;2,17750;2,82883;2,91617;0,00000;0,00000
;2,17800;2,78206;2,91092;0,00000;0,00000
;2,17850;2,75451;2,90521;0,00000;0,00000
;2,17900;2,74618;2,89896;0,00000;0,00000
;2,17950;2,73145;2,89207;0,00000;0,00000
;2,18000;2,72312;2,88450;0,00000;0,00000
;2,18050;2,80897;2,87625;0,00000;0,00000
;2,18100;2,71927;2,86744;0,00000;0,00000
;2,18150;2,78206;2,85822;0,00000;0,00000
;2,18200;2,70774;2,84873;0,00000;0,00000
;2,18250;2,76092;2,83908;0,00000;0,00000
;2,18300;2,71094;2,82936;0,00000;0,00000
;2,18350;2,68788;2,81964;0,00000;0,00000
;2,18400;2,67507;2,80994;0,00000;0,00000
;2,18450;2,68660;2,80023;0,00000;0,00000
;2,18500;2,70326;2,79052;0,00000;0,00000
;2,18550;2,71607;2,78089;0,00000;0,00000
;2,18600;2,64687;2,77144;0,00000;0,00000
;2,18650;2,66097;2,76220;0,00000;0,00000
;2,18700;2,65905;2,75316;0,00000;0,00000
;2,18750;2,64367;2,74431;0,00000;0,00000
;2,18800;2,62381;2,73564;0,00000;0,00000
;2,18850;2,59626;2,72711;0,00000;0,00000
;2,18900;2,58473;2,71865;0,00000;0,00000
;2,18950;2,58665;2,71016;0,00000;0,00000
;2,19000;2,56294;2,70158;0,00000;0,00000
;2,19050;2,59626;2,69287;0,00000;0,00000
;2,19100;2,49183;2,68401;0,00000;0,00000
;2,19150;2,59434;2,67496;0,00000;0,00000
;2,19200;2,53155;2,66572;0,00000;0,00000
;2,19250;2,56294;2,65635;0,00000;0,00000
;2,19300;2,50784;2,64690;0,00000;0,00000
;2,19350;2,52707;2,63740;0,00000;0,00000
;2,19400;2,55397;2,62789;0,00000;0,00000
;2,19450;2,51810;2,61843;0,00000;0,00000
;2,19500;2,45146;2,60910;0,00000;0,00000
;2,19550;2,45787;2,59983;0,00000;0,00000
;2,19600;2,45018;2,59053;0,00000;0,00000
;2,19650;2,45210;2,58112;0,00000;0,00000
;2,19700;2,42007;2,57158;0,00000;0,00000
;2,19750;2,36817;2,56186;0,00000;0,00000
;2,19800;2,37202;2,55185;0,00000;0,00000
;2,19850;2,35023;2,54145;0,00000;0,00000
;2,19900;2,38355;2,53060;0,00000;0,00000
;2,19950;2,41751;2,51933;0,00000;0,00000
;2,20000;2,34447;2,50779;0,00000;0,00000
;2,20050;2,36753;2,49608;0,00000;0,00000
;2,20100;2,36945;2,48429;0,00000;0,00000
;2,20150;2,33165;2,47251;0,00000;0,00000
;2,20200;2,34447;2,46082;0,00000;0,00000
;2,20250;2,28168;2,44924;0,00000;0,00000
;2,20300;2,29321;2,43777;0,00000;0,00000
;2,20350;2,25669;2,42635;0,00000;0,00000
;2,20400;2,26758;2,41493;0,00000;0,00000
;2,20450;2,23939;2,40346;0,00000;0,00000
;2,20500;2,21120;2,39192;0,00000;0,00000
;2,20550;2,19775;2,38023;0,00000;0,00000
;2,20600;2,24900;2,36837;0,00000;0,00000
;2,20650;2,19519;2,35636;0,00000;0,00000
;2,20700;2,17404;2,34425;0,00000;0,00000
;2,20750;2,15931;2,33205;0,00000;0,00000
;2,20800;2,17340;2,31974;0,00000;0,00000
;2,20850;2,11702;2,30732;0,00000;0,00000
;2,20900;2,21697;2,29482;0,00000;0,00000
;2,20950;2,13688;2,28234;0,00000;0,00000
;2,21000;2,13304;2,26999;0,00000;0,00000
;2,21050;2,10677;2,25780;0,00000;0,00000
;2,21100;2,11766;2,24577;0,00000;0,00000
;2,21150;2,09203;2,23391;0,00000;0,00000
;2,21200;2,11510;2,22223;0,00000;0,00000
;2,21250;2,14970;2,21078;0,00000;0,00000
;2,21300;2,10036;2,19967;0,00000;0,00000
;2,21350;2,01387;2,18897;0,00000;0,00000
;2,21400;2,04206;2,17860;0,00000;0,00000
;2,21450;2,02284;2,16841;0,00000;0,00000
;2,21500;1,99593;2,15829;0,00000;0,00000
;2,21550;1,98247;2,14814;0,00000;0,00000
;2,21600;2,03950;2,13789;0,00000;0,00000
;2,21650;2,01451;2,12755;0,00000;0,00000
;2,21700;2,02092;2,11722;0,00000;0,00000
;2,21750;1,96710;2,10696;0,00000;0,00000
;2,21800;1,97927;2,09680;0,00000;0,00000
;2,21850;1,97543;2,08674;0,00000;0,00000
;2,21900;1,98760;2,07679;0,00000;0,00000
;2,21950;1,96197;2,06701;0,00000;0,00000
;2,22000;1,93378;2,05741;0,00000;0,00000
;2,22050;1,88060;2,04797;0,00000;0,00000
;2,22100;1,91328;2,03859;0,00000;0,00000
;2,22150;1,86010;2,02915;0,00000;0,00000
;2,22200;1,92033;2,01959;0,00000;0,00000
;2,22250;1,82679;2,00989;0,00000;0,00000
;2,22300;1,88125;2,00002;0,00000;0,00000
;2,22350;1,83447;1,98996;0,00000;0,00000
;2,22400;1,80692;1,97970;0,00000;0,00000
;2,22450;1,77105;1,96918;0,00000;0,00000
;2,22500;1,79667;1,95833;0,00000;0,00000
;2,22550;1,78706;1,94710;0,00000;0,00000
;2,22600;1,79795;1,93553;0,00000;0,00000
;2,22650;1,76144;1,92370;0,00000;0,00000
;2,22700;1,79219;1,91168;0,00000;0,00000
;2,22750;1,75118;1,89956;0,00000;0,00000
;2,22800;1,80244;1,88745;0,00000;0,00000
;2,22850;1,68968;1,87543;0,00000;0,00000
;2,22900;1,77681;1,86356;0,00000;0,00000
;2,22950;1,70121;1,85186;0,00000;0,00000
;2,23000;1,73709;1,84036;0,00000;0,00000
;2,23050;1,67750;1,82907;0,00000;0,00000
;2,23100;1,71018;1,81800;0,00000;0,00000
;2,23150;1,61536;1,80711;0,00000;0,00000
;2,23200;1,68840;1,79632;0,00000;0,00000
;2,23250;1,62305;1,78558;0,00000;0,00000
;2,23300;1,67622;1,77487;0,00000;0,00000
;2,23350;1,58589;1,76419;0,00000;0,00000
;2,23400;1,63778;1,75353;0,00000;0,00000
;2,23450;1,60382;1,74285;0,00000;0,00000
;2,23500;1,63778;1,73220;0,00000;0,00000
;2,23550;1,54104;1,72159;0,00000;0,00000
;2,23600;1,62753;1,71103;0,00000;0,00000
;2,23650;1,57948;1,70053;0,00000;0,00000
;2,23700;1,59742;1,69015;0,00000;0,00000
;2,23750;1,55898;1,67995;0,00000;0,00000
;2,23800;1,59229;1,66996;0,00000;0,00000
;2,23850;1,52694;1,66020;0,00000;0,00000
;2,23900;1,61408;1,65070;0,00000;0,00000
;2,23950;1,51733;1,64149;0,00000;0,00000
;2,24000;1,52822;1,63258;0,00000;0,00000
;2,24050;1,45582;1,62390;0,00000;0,00000
;2,24100;1,51989;1,61533;0,00000;0,00000
;2,24150;1,45390;1,60676;0,00000;0,00000
;2,24200;1,48081;1,59812;0,00000;0,00000
;2,24250;1,40457;1,58934;0,00000;0,00000
;2,24300;1,48466;1,58036;0,00000;0,00000
;2,24350;1,42763;1,57114;0,00000;0,00000
;2,24400;1,42507;1,56172;0,00000;0,00000
;2,24450;1,40201;1,55208;0,00000;0,00000
;2,24500;1,44750;1,54224;0,00000;0,00000
;2,24550;1,46159;1,53228;0,00000;0,00000
;2,24600;1,43084;1,52235;0,00000;0,00000
;2,24650;1,41290;1,51257;0,00000;0,00000
;2,24700;1,42699;1,50301;0,00000;0,00000
;2,24750;1,38278;1,49373;0,00000;0,00000
;2,24800;1,48209;1,48475;0,00000;0,00000
;2,24850;1,37702;1,47617;0,00000;0,00000
;2,24900;1,39240;1,46803;0,00000;0,00000
;2,24950;1,27707;1,46027;0,00000;0,00000
;2,25000;1,30270;1,45269;0,00000;0,00000
;2,25050;1,33025;1,44505;0,00000;0,00000
;2,25100;1,30590;1,43725;0,00000;0,00000
;2,25150;1,23030;1,42919;0,00000;0,00000
;2,25200;1,25529;1,42077;0,00000;0,00000
;2,25250;1,24888;1,41185;0,00000;0,00000
;2,25300;1,27963;1,40241;0,00000;0,00000
;2,25350;1,21813;1,39248;0,00000;0,00000
;2,25400;1,30078;1,38215;0,00000;0,00000
;2,25450;1,24183;1,37153;0,00000;0,00000
;2,25500;1,25785;1,36078;0,00000;0,00000
;2,25550;1,22197;1,35000;0,00000;0,00000
;2,25600;1,28091;1,33930;0,00000;0,00000
;2,25650;1,25593;1,32879;0,00000;0,00000
;2,25700;1,22710;1,31862;0,00000;0,00000
;2,25750;1,20723;1,30886;0,00000;0,00000
;2,25800;1,20916;1,29949;0,00000;0,00000
;2,25850;1,21236;1,29050;0,00000;0,00000
;2,25900;1,20788;1,28189;0,00000;0,00000
;2,25950;1,15662;1,27364;0,00000;0,00000
;2,26000;1,15278;1,26568;0,00000;0,00000
;2,26050;1,11177;1,25789;0,00000;0,00000
;2,26100;1,16431;1,25016;0,00000;0,00000
;2,26150;1,07910;1,24238;0,00000;0,00000
;2,26200;1,14317;1,23449;0,00000;0,00000
;2,26250;1,11946;1,22645;0,00000;0,00000
;2,26300;1,14509;1,21830;0,00000;0,00000
;2,26350;1,12394;1,21012;0,00000;0,00000
;2,26400;1,12523;1,20197;0,00000;0,00000
;2,26450;1,10408;1,19394;0,00000;0,00000
;2,26500;1,08166;1,18603;0,00000;0,00000
;2,26550;1,05988;1,17823;0,00000;0,00000
;2,26600;1,12138;1,17050;0,00000;0,00000
;2,26650;1,08038;1,16287;0,00000;0,00000
;2,26700;1,10793;1,15539;0,00000;0,00000
;2,26750;0,99837;1,14809;0,00000;0,00000
;2,26800;1,04258;1,14092;0,00000;0,00000
;2,26850;0,99516;1,13376;0,00000;0,00000
;2,26900;1,03553;1,12651;0,00000;0,00000
;2,26950;0,97082;1,11911;0,00000;0,00000
;2,27000;1,05347;1,11154;0,00000;0,00000
;2,27050;0,97851;1,10380;0,00000;0,00000
;2,27100;0,96505;1,09594;0,00000;0,00000
;2,27150;0,94455;1,08791;0,00000;0,00000
;2,27200;1,00093;1,07967;0,00000;0,00000
;2,27250;0,96249;1,07125;0,00000;0,00000
;2,27300;0,96441;1,06272;0,00000;0,00000
;2,27350;0,93942;1,05413;0,00000;0,00000
;2,27400;1,00029;1,04552;0,00000;0,00000
;2,27450;0,96697;1,03701;0,00000;0,00000
;2,27500;0,93622;1,02869;0,00000;0,00000
;2,27550;0,86959;1,02057;0,00000;0,00000
;2,27600;0,93110;1,01259;0,00000;0,00000
;2,27650;0,93558;1,00468;0,00000;0,00000
;2,27700;0,89842;0,99687;0,00000;0,00000
;2,27750;0,87728;0,98917;0,00000;0,00000
;2,27800;0,85037;0,98153;0,00000;0,00000
;2,27850;0,87536;0,97388;0,00000;0,00000
;2,27900;0,88368;0,96617;0,00000;0,00000
;2,27950;0,82154;0,95840;0,00000;0,00000
;2,28000;0,83499;0,95056;0,00000;0,00000
;2,28050;0,84460;0,94261;0,00000;0,00000
;2,28100;0,87471;0,93457;0,00000;0,00000
;2,28150;0,81000;0,92650;0,00000;0,00000
;2,28200;0,80552;0,91845;0,00000;0,00000
;2,28250;0,86639;0,91043;0,00000;0,00000
;2,28300;0,85357;0,90249;0,00000;0,00000
;2,28350;0,81961;0,89477;0,00000;0,00000
;2,28400;0,80103;0,88731;0,00000;0,00000
;2,28450;0,81833;0,88012;0,00000;0,00000
;2,28500;0,74401;0,87316;0,00000;0,00000
;2,28550;0,77413;0,86635;0,00000;0,00000
;2,28600;0,79206;0,85960;0,00000;0,00000
;2,28650;0,79847;0,85291;0,00000;0,00000
;2,28700;0,72287;0,84631;0,00000;0,00000
;2,28750;0,77861;0,83977;0,00000;0,00000
;2,28800;0,73056;0,83326;0,00000;0,00000
;2,28850;0,72800;0,82675;0,00000;0,00000
;2,28900;0,71710;0,82019;0,00000;0,00000
;2,28950;0,73248;0,81355;0,00000;0,00000
;2,29000;0,66457;0,80679;0,00000;0,00000
;2,29050;0,79142;0,79992;0,00000;0,00000
;2,29100;0,64919;0,79297;0,00000;0,00000
;2,29150;0,72800;0,78598;0,00000;0,00000
;2,29200;0,69980;0,77897;0,00000;0,00000
;2,29250;0,68891;0,77197;0,00000;0,00000
;2,29300;0,67802;0,76503;0,00000;0,00000
;2,29350;0,73568;0,75815;0,00000;0,00000
;2,29400;0,66008;0,75141;0,00000;0,00000
;2,29450;0,66329;0,74484;0,00000;0,00000
;2,29500;0,65432;0,73841;0,00000;0,00000
;2,29550;0,66585;0,73209;0,00000;0,00000
;2,29600;0,62548;0,72585;0,00000;0,00000
;2,29650;0,67097;0,71966;0,00000;0,00000
;2,29700;0,64471;0,71354;0,00000;0,00000
;2,29750;0,66777;0,70752;0,00000;0,00000
;2,29800;0,62036;0,70164;0,00000;0,00000
;2,29850;0,61780;0,69589;0,00000;0,00000
;2,29900;0,62228;0,69025;0,00000;0,00000
;2,29950;0,64727;0,68468;0,00000;0,00000
;2,30000;0,55821;0,67920;0,00000;0,00000
;2,30050;0,65880;0,67377;0,00000;0,00000
;2,30100;0,62869;0,66841;0,00000;0,00000
;2,30150;0,65944;0,66321;0,00000;0,00000
;2,30200;0,63189;0,65827;0,00000;0,00000
;2,30250;0,61459;0,65367;0,00000;0,00000
;2,30300;0,57038;0,64939;0,00000;0,00000
;2,30350;0,62612;0,64535;0,00000;0,00000
;2,30400;0,57359;0,64150;0,00000;0,00000
;2,30450;0,58576;0,63779;0,00000;0,00000
;2,30500;0,56910;0,63415;0,00000;0,00000
;2,30550;0,59986;0,63053;0,00000;0,00000
;2,30600;0,51593;0,62688;0,00000;0,00000
;2,30650;0,56782;0,62315;0,00000;0,00000
;2,30700;0,55885;0,61927;0,00000;0,00000
;2,30750;0,57295;0,61523;0,00000;0,00000
;2,30800;0,52105;0,61106;0,00000;0,00000
;2,30850;0,56910;0,60677;0,00000;0,00000
;2,30900;0,49158;0,60234;0,00000;0,00000
;2,30950;0,51208;0,59774;0,00000;0,00000
;2,31000;0,53899;0,59293;0,00000;0,00000
;2,31050;0,62164;0,58796;0,00000;0,00000
;2,31100;0,54988;0,58302;0,00000;0,00000
;2,31150;0,65303;0,57830;0,00000;0,00000
;2,31200;0,47620;0,57399;0,00000;0,00000
;2,31250;0,55949;0,57009;0,00000;0,00000
;2,31300;0,48453;0,56654;0,00000;0,00000
;2,31350;0,53643;0,56321;0,00000;0,00000
;2,31400;0,52297;0,56004;0,00000;0,00000
;2,31450;0,58192;0,55700;0,00000;0,00000
;2,31500;0,48261;0,55415;0,00000;0,00000
;2,31550;0,56462;0,55148;0,00000;0,00000
;2,31600;0,50503;0,54897;0,00000;0,00000
;2,31650;0,52490;0,54661;0,00000;0,00000
;2,31700;0,48325;0,54436;0,00000;0,00000
;2,31750;0,48133;0,54213;0,00000;0,00000
;2,31800;0,41277;0,53980;0,00000;0,00000
;2,31850;0,48261;0,53722;0,00000;0,00000
;2,31900;0,45378;0,53427;0,00000;0,00000
;2,31950;0,52425;0,53095;0,00000;0,00000
;2,32000;0,41726;0,52733;0,00000;0,00000
;2,32050;0,45057;0,52343;0,00000;0,00000
;2,32100;0,48453;0,51925;0,00000;0,00000
;2,32150;0,47684;0,51483;0,00000;0,00000
;2,32200;0,44865;0,51030;0,00000;0,00000
;2,32250;0,50888;0,50572;0,00000;0,00000
;2,32300;0,43264;0,50119;0,00000;0,00000
;2,32350;0,51272;0,49679;0,00000;0,00000
;2,32400;0,45634;0,49259;0,00000;0,00000
;2,32450;0,50760;0,48867;0,00000;0,00000
;2,32500;0,39996;0,48506;0,00000;0,00000
;2,32550;0,47236;0,48174;0,00000;0,00000
;2,32600;0,46083;0,47865;0,00000;0,00000
;2,32650;0,51849;0,47581;0,00000;0,00000
;2,32700;0,39035;0,47326;0,00000;0,00000
;2,32750;0,45186;0,47096;0,00000;0,00000
;2,32800;0,41021;0,46882;0,00000;0,00000
;2,32850;0,43968;0,46674;0,00000;0,00000
;2,32900;0,41854;0,46465;0,00000;0,00000
;2,32950;0,45378;0,46253;0,00000;0,00000
;2,33000;0,38907;0,46037;0,00000;0,00000
;2,33050;0,36344;0,45811;0,00000;0,00000
;2,33100;0,37305;0,45562;0,00000;0,00000
;2,33150;0,41021;0,45281;0,00000;0,00000
;2,33200;0,37177;0,44965;0,00000;0,00000
;2,33250;0,41854;0,44617;0,00000;0,00000
;2,33300;0,35831;0,44242;0,00000;0,00000
;2,33350;0,45506;0,43847;0,00000;0,00000
;2,33400;0,34038;0,43441;0,00000;0,00000
;2,33450;0,42367;0,43029;0,00000;0,00000
;2,33500;0,32436;0,42616;0,00000;0,00000
;2,33550;0,39868;0,42200;0,00000;0,00000
;2,33600;0,35831;0,41781;0,00000;0,00000
;2,33650;0,42431;0,41364;0,00000;0,00000
;2,33700;0,31603;0,40955;0,00000;0,00000
;2,33750;0,40637;0,40557;0,00000;0,00000
;2,33800;0,31667;0,40167;0,00000;0,00000
;2,33850;0,35960;0,39786;0,00000;0,00000
;2,33900;0,42751;0,39412;0,00000;0,00000
;2,33950;0,40893;0,39057;0,00000;0,00000
;2,34000;0,30129;0,38731;0,00000;0,00000
;2,34050;0,36536;0,38432;0,00000;0,00000
;2,34100;0,30065;0,38151;0,00000;0,00000
;2,34150;0,36985;0,37877;0,00000;0,00000
;2,34200;0,32884;0,37607;0,00000;0,00000
;2,34250;0,34870;0,37339;0,00000;0,00000
;2,34300;0,28912;0,37072;0,00000;0,00000
;2,34350;0,36280;0,36801;0,00000;0,00000
;2,34400;0,29681;0,36524;0,00000;0,00000
;2,34450;0,36216;0,36242;0,00000;0,00000
;2,34500;0,30706;0,35957;0,00000;0,00000
;2,34550;0,32436;0,35670;0,00000;0,00000
;2,34600;0,29104;0,35383;0,00000;0,00000
;2,34650;0,30193;0,35089;0,00000;0,00000
;2,34700;0,28720;0,34787;0,00000;0,00000
;2,34750;0,31090;0,34473;0,00000;0,00000
;2,34800;0,26605;0,34147;0,00000;0,00000
;2,34850;0,27182;0,33807;0,00000;0,00000
;2,34900;0,24171;0,33448;0,00000;0,00000
;2,34950;0,32115;0,33067;0,00000;0,00000
