University of Stuttgart - IFT;time [s];force unfiltered [kN];force filtered [kN];drop no.;displacement [mm]
Date:;0,05000;-0,03884;-0,00002;1,00000;2272,00000
;0,05050;0,03933;-0,00008;1,00000;2261,00000
Tester:;0,05100;0,00601;-0,00016;0,00000;2247,00000
;0,05150;0,04637;-0,00020;0,00000;2230,00000
;0,05200;0,06752;-0,00010;0,00000;2211,00000
Order-no:;0,05250;0,01114;0,00026;0,00000;2192,00000
;0,05300;0,04830;0,00092;0,00000;2171,00000
Rope-no,:;0,05350;0,05727;0,00190;0,00000;2147,00000
;0,05400;0,00345;0,00321;0,00000;2122,00000
Rope type:;0,05450;0,09699;0,00483;0,00000;2095,00000
Einfachseil;0,05500;0,05214;0,00676;0,00000;2067,00000
Client:;0,05550;0,04637;0,00903;0,00000;2036,00000
;0,05600;0,03292;0,01160;0,00000;2003,00000
Model:;0,05650;0,08930;0,01440;0,00000;1970,00000
;0,05700;0,04125;0,01740;0,00000;1933,00000
Rope diameter:;0,05750;0,01114;0,02055;0,00000;1894,00000
8,9 mm;0,05800;-0,01001;0,02371;0,00000;1854,00000
Drop mass:;0,05850;0,10788;0,02673;0,00000;1813,00000
80 kg;0,05900;0,00985;0,02956;0,00000;1768,00000
;0,05950;0,03933;0,03221;0,00000;1719,00000
Force max, filtered;0,06000;0,04253;0,03464;0,00000;1675,00000
8,33 kN;0,06050;0,04830;0,03681;0,00000;1624,00000
;0,06100;-0,02731;0,03870;0,00000;1572,00000
Force max, unfiltered:;0,06150;0,06367;0,04025;0,00000;1519,00000
8,50 kN;0,06200;0,01049;0,04143;0,00000;1463,00000
;0,06250;0,07392;0,04227;0,00000;1405,00000
Dynamic Elongation:;0,06300;-0,02154;0,04279;0,00000;1344,00000
27,09%;0,06350;0,06047;0,04303;0,00000;1283,00000
;0,06400;-0,02731;0,04296;0,00000;1215,00000
Static Elongation:;0,06450;0,01114;0,04258;0,00000;1145,00000
4,70%;0,06500;0,05022;0,04186;0,00000;1083,00000
;0,06550;0,00921;0,04086;0,00000;1014,00000
"Number of
drops without breakage:";0,06600;0,00793;0,03963;0,00000;942,00000
;0,06650;0,05983;0,03823;0,00000;864,00000
;0,06700;0,03356;0,03673;0,00000;788,00000
H0 / Hmax:;0,06750;0,04445;0,03524;0,00000;710,00000
-2439 mm / -3181 mm;0,06800;-0,04396;0,03379;0,00000;631,00000
;0,06850;0,02715;0,03236;0,00000;550,00000
Comment:;0,06900;-0,01001;0,03088;0,00000;474,00000
"before testing:      after testing: ";0,06950;-0,00296;0,02933;0,00000;376,00000
;0,07000;0,00281;0,02767;0,00000;290,00000
Ambient temperature:;0,07050;0,02331;0,02594;0,00000;201,00000
;0,07100;-0,03820;0,02413;0,00000;117,00000
;0,07150;0,03676;0,02227;0,00000;18,00000
;0,07200;-0,05293;0,02036;0,00000;-69,00000
;0,07250;0,01754;0,01838;0,00000;-179,00000
;0,07300;0,01242;0,01636;0,00000;-278,00000
;0,07350;0,00152;0,01435;0,00000;-378,00000
;0,07400;0,03548;0,01242;0,00000;-479,00000
;0,07450;-0,03564;0,01062;0,00000;-590,00000
;0,07500;0,00409;0,00896;0,00000;-689,00000
;0,07550;-0,00744;0,00741;0,00000;-797,00000
;0,07600;-0,05870;0,00593;0,00000;-906,00000
;0,07650;-0,02795;0,00446;0,00000;-1017,00000
;0,07700;-0,00040;0,00292;0,00000;-1131,00000
;0,07750;-0,00680;0,00132;0,00000;-1246,00000
;0,07800;0,01946;-0,00027;0,00000;-1363,00000
;0,07850;0,01882;-0,00176;0,00000;-1483,00000
;0,07900;0,05791;-0,00305;0,00000;-1605,00000
;0,07950;-0,04268;-0,00405;0,00000;-1727,00000
;0,08000;0,01626;-0,00474;0,00000;-1852,00000
;0,08050;-0,01321;-0,00517;0,00000;-1979,00000
;0,08100;0,04765;-0,00539;0,00000;-2108,00000
;0,08150;-0,03435;-0,00537;0,00000;-2239,00000
;0,08200;0,04765;-0,00514;0,00000;-2370,00000
;0,08250;-0,03051;-0,00473;0,00000;-2502,00000
;0,08300;-0,00424;-0,00417;0,00000;-2629,00000
;0,08350;-0,01577;-0,00355;0,00000;-2749,00000
;0,08400;0,04317;-0,00291;0,00000;-2860,00000
;0,08450;-0,00488;-0,00225;0,00000;-2957,00000
;0,08500;0,02843;-0,00154;0,00000;-3042,00000
;0,08550;0,07777;-0,00074;0,00000;-3105,00000
;0,08600;0,03612;0,00025;0,00000;-3148,00000
;0,08650;0,00921;0,00149;0,00000;-3172,00000
;0,08700;0,02715;0,00296;0,00000;-3181,00000
;0,08750;-0,01065;0,00458;0,00000;-3176,00000
;0,08800;0,04637;0,00627;0,00000;-3158,00000
;0,08850;0,02203;0,00800;0,00000;-3136,00000
;0,08900;0,07777;0,00976;0,00000;-3099,00000
;0,08950;0,05022;0,01162;0,00000;-3029,00000
;0,09000;0,02779;0,01360;0,00000;-2977,00000
;0,09050;0,00729;0,01568;0,00000;-2927,00000
;0,09100;0,05022;0,01779;0,00000;-2876,00000
;0,09150;-0,00168;0,01986;0,00000;-2825,00000
;0,09200;0,13223;0,02186;0,00000;-2771,00000
;0,09250;-0,00616;0,02384;0,00000;-2724,00000
;0,09300;0,05791;0,02583;0,00000;-2678,00000
;0,09350;0,03484;0,02779;0,00000;-2633,00000
;0,09400;0,04830;0,02969;0,00000;-2593,00000
;0,09450;0,03228;0,03151;0,00000;-2552,00000
;0,09500;0,08161;0,03325;0,00000;-2513,00000
;0,09550;-0,00552;0,03490;0,00000;-2477,00000
;0,09600;0,07008;0,03644;0,00000;-2442,00000
;0,09650;0,03740;0,03785;0,00000;-2409,00000
;0,09700;0,06944;0,03914;0,00000;-2379,00000
;0,09750;0,00601;0,04033;0,00000;-2350,00000
;0,09800;0,04381;0,04138;0,00000;-2323,00000
;0,09850;0,03420;0,04227;0,00000;-2298,00000
;0,09900;0,02331;0,04296;0,00000;-2275,00000
;0,09950;0,02715;0,04344;0,00000;-2253,00000
;0,10000;0,12198;0,04373;0,00000;-2234,00000
;0,10050;0,01754;0,04393;0,00000;-2215,00000
;0,10100;0,02075;0,04411;0,00000;-2201,00000
;0,10150;0,03100;0,04421;0,00000;-2188,00000
;0,10200;0,06175;0,04422;0,00000;-2176,00000
;0,10250;0,02203;0,04415;0,00000;-2167,00000
;0,10300;0,03100;0,04399;0,00000;-2160,00000
;0,10350;0,03869;0,04375;0,00000;-2155,00000
;0,10400;0,01498;0,04341;0,00000;-2152,00000
;0,10450;0,04958;0,04296;0,00000;-2150,00000
;0,10500;0,02843;0,04243;0,00000;-2150,00000
;0,10550;-0,02859;0,04180;0,00000;-2150,00000
;0,10600;0,01946;0,04102;0,00000;-2154,00000
;0,10650;0,03164;0,04003;0,00000;-2161,00000
;0,10700;0,03356;0,03887;0,00000;-2168,00000
;0,10750;0,00985;0,03759;0,00000;-2178,00000
;0,10800;-0,00296;0,03622;0,00000;-2191,00000
;0,10850;-0,02667;0,03473;0,00000;-2205,00000
;0,10900;-0,00296;0,03306;0,00000;-2221,00000
;0,10950;-0,04076;0,03116;0,00000;-2240,00000
;0,11000;0,01434;0,02901;0,00000;-2261,00000
;0,11050;0,00409;0,02664;0,00000;-2283,00000
;0,11100;-0,05357;0,02409;0,00000;-2306,00000
;0,11150;0,03420;0,02140;0,00000;-2332,00000
;0,11200;0,01049;0,01862;0,00000;-2359,00000
;0,11250;-0,02987;0,01585;0,00000;-2388,00000
;0,11300;0,00985;0,01314;0,00000;-2420,00000
;0,11350;-0,00168;0,01052;0,00000;-2453,00000
;0,11400;-0,01706;0,00803;0,00000;-2489,00000
;0,11450;-0,03435;0,00567;0,00000;-2525,00000
;0,11500;0,00024;0,00342;0,00000;-2564,00000
;0,11550;0,01690;0,00129;0,00000;-2603,00000
;0,11600;-0,05550;-0,00069;0,00000;-2642,00000
;0,11650;0,01690;-0,00251;0,00000;-2680,00000
;0,11700;-0,01770;-0,00419;0,00000;-2721,00000
;0,11750;-0,02603;-0,00571;0,00000;-2758,00000
;0,11800;-0,01898;-0,00710;0,00000;-2792,00000
;0,11850;-0,01513;-0,00838;0,00000;-2824,00000
;0,11900;-0,00232;-0,00955;0,00000;-2855,00000
;0,11950;0,01818;-0,01059;0,00000;-2883,00000
;0,12000;-0,01834;-0,01144;0,00000;-2904,00000
;0,12050;0,04317;-0,01207;0,00000;-2920,00000
;0,12100;0,00921;-0,01243;0,00000;-2930,00000
;0,12150;0,05598;-0,01246;0,00000;-2934,00000
;0,12200;0,00601;-0,01209;0,00000;-2936,00000
;0,12250;-0,00296;-0,01134;0,00000;-2931,00000
;0,12300;-0,01834;-0,01028;0,00000;-2922,00000
;0,12350;0,02651;-0,00901;0,00000;-2912,00000
;0,12400;-0,02859;-0,00761;0,00000;-2899,00000
;0,12450;0,05727;-0,00614;0,00000;-2882,00000
;0,12500;0,00217;-0,00461;0,00000;-2862,00000
;0,12550;0,03933;-0,00301;0,00000;-2843,00000
;0,12600;0,02139;-0,00131;0,00000;-2819,00000
;0,12650;0,12133;0,00051;0,00000;-2801,00000
;0,12700;0,03164;0,00255;0,00000;-2781,00000
;0,12750;0,07905;0,00490;0,00000;-2761,00000
;0,12800;-0,01001;0,00754;0,00000;-2744,00000
;0,12850;0,06880;0,01039;0,00000;-2728,00000
;0,12900;-0,01065;0,01335;0,00000;-2714,00000
;0,12950;0,04509;0,01631;0,00000;-2700,00000
;0,13000;0,03612;0,01918;0,00000;-2686,00000
;0,13050;0,07200;0,02194;0,00000;-2675,00000
;0,13100;-0,00168;0,02457;0,00000;-2667,00000
;0,13150;0,16426;0,02710;0,00000;-2660,00000
;0,13200;0,00024;0,02960;0,00000;-2654,00000
;0,13250;0,09250;0,03211;0,00000;-2649,00000
;0,13300;0,03420;0,03462;0,00000;-2647,00000
;0,13350;0,09443;0,03712;0,00000;-2645,00000
;0,13400;0,00024;0,03957;0,00000;-2645,00000
;0,13450;0,04061;0,04192;0,00000;-2645,00000
;0,13500;0,03100;0,04405;0,00000;-2648,00000
;0,13550;0,03997;0,04590;0,00000;-2653,00000
;0,13600;0,04765;0,04744;0,00000;-2660,00000
;0,13650;0,04381;0,04867;0,00000;-2667,00000
;0,13700;0,02331;0,04961;0,00000;-2675,00000
;0,13750;0,08353;0,05027;0,00000;-2683,00000
;0,13800;0,03740;0,05070;0,00000;-2692,00000
;0,13850;0,03292;0,05094;0,00000;-2704,00000
;0,13900;-0,00424;0,05100;0,00000;-2713,00000
;0,13950;0,07905;0,05083;0,00000;-2723,00000
;0,14000;0,00537;0,05044;0,00000;-2733,00000
;0,14050;0,03356;0,04985;0,00000;-2745,00000
;0,14100;-0,02731;0,04905;0,00000;-2754,00000
;0,14150;0,03676;0,04799;0,00000;-2762,00000
;0,14200;0,07264;0,04668;0,00000;-2769,00000
;0,14250;0,03548;0,04522;0,00000;-2776,00000
;0,14300;-0,00488;0,04371;0,00000;-2782,00000
;0,14350;0,03100;0,04216;0,00000;-2786,00000
;0,14400;0,03676;0,04057;0,00000;-2789,00000
;0,14450;0,02395;0,03897;0,00000;-2791,00000
;0,14500;0,02203;0,03740;0,00000;-2792,00000
;0,14550;0,03292;0,03587;0,00000;-2792,00000
;0,14600;0,04189;0,03441;0,00000;-2792,00000
;0,14650;0,03612;0,03307;0,00000;-2789,00000
;0,14700;0,01049;0,03187;0,00000;-2785,00000
;0,14750;0,04637;0,03081;0,00000;-2781,00000
;0,14800;-0,03051;0,02987;0,00000;-2776,00000
;0,14850;0,01690;0,02899;0,00000;-2771,00000
;0,14900;0,02203;0,02810;0,00000;-2766,00000
;0,14950;0,01178;0,02718;0,00000;-2762,00000
;0,15000;-0,03884;0,02623;0,00000;-2757,00000
;0,15050;0,04125;0,02520;0,00000;-2753,00000
;0,15100;0,02203;0,02408;0,00000;-2749,00000
;0,15150;0,02523;0,02294;0,00000;-2745,00000
;0,15200;-0,01065;0,02182;0,00000;-2742,00000
;0,15250;-0,06383;0,02069;0,00000;-2740,00000
;0,15300;-0,00744;0,01945;0,00000;-2738,00000
;0,15350;-0,00873;0,01801;0,00000;-2736,00000
;0,15400;-0,03307;0,01637;0,00000;-2736,00000
;0,15450;-0,02346;0,01452;0,00000;-2735,00000
;0,15500;-0,04973;0,01246;0,00000;-2735,00000
;0,15550;-0,02346;0,01017;0,00000;-2735,00000
;0,15600;-0,02346;0,00766;0,00000;-2736,00000
;0,15650;-0,02923;0,00497;0,00000;-2738,00000
;0,15700;0,06303;0,00220;0,00000;-2741,00000
;0,15750;-0,02154;-0,00050;0,00000;-2743,00000
;0,15800;0,00409;-0,00301;0,00000;-2746,00000
;0,15850;-0,02218;-0,00525;0,00000;-2749,00000
;0,15900;0,03420;-0,00722;0,00000;-2751,00000
;0,15950;-0,00040;-0,00887;0,00000;-2754,00000
;0,16000;0,01434;-0,01015;0,00000;-2756,00000
;0,16050;-0,05742;-0,01106;0,00000;-2758,00000
;0,16100;0,02395;-0,01167;0,00000;-2760,00000
;0,16150;0,00473;-0,01204;0,00000;-2762,00000
;0,16200;0,04317;-0,01215;0,00000;-2763,00000
;0,16250;0,01626;-0,01193;0,00000;-2763,00000
;0,16300;0,02139;-0,01138;0,00000;-2764,00000
;0,16350;0,02075;-0,01048;0,00000;-2764,00000
;0,16400;0,04381;-0,00925;0,00000;-2764,00000
;0,16450;-0,00040;-0,00772;0,00000;-2764,00000
;0,16500;0,08482;-0,00590;0,00000;-2764,00000
;0,16550;0,02010;-0,00380;0,00000;-2763,00000
;0,16600;0,04381;-0,00140;0,00000;-2762,00000
;0,16650;0,04061;0,00124;0,00000;-2760,00000
;0,16700;0,04701;0,00408;0,00000;-2758,00000
;0,16750;0,01498;0,00708;0,00000;-2757,00000
;0,16800;0,08866;0,01017;0,00000;-2756,00000
;0,16850;0,01114;0,01333;0,00000;-2754,00000
;0,16900;0,08482;0,01653;0,00000;-2753,00000
;0,16950;0,01562;0,01974;0,00000;-2753,00000
;0,17000;0,07777;0,02292;0,00000;-2752,00000
;0,17050;0,03164;0,02604;0,00000;-2752,00000
;0,17100;0,09443;0,02908;0,00000;-2751,00000
;0,17150;-0,03435;0,03202;0,00000;-2751,00000
;0,17200;0,08353;0,03479;0,00000;-2751,00000
;0,17250;0,06559;0,03733;0,00000;-2751,00000
;0,17300;0,03420;0,03966;0,00000;-2751,00000
;0,17350;0,02139;0,04178;0,00000;-2751,00000
;0,17400;0,07136;0,04364;0,00000;-2752,00000
;0,17450;0,01049;0,04524;0,00000;-2753,00000
;0,17500;0,02651;0,04654;0,00000;-2754,00000
;0,17550;0,00409;0,04750;0,00000;-2755,00000
;0,17600;0,05855;0,04807;0,00000;-2755,00000
;0,17650;0,02331;0,04829;0,00000;-2756,00000
;0,17700;0,06816;0,04820;0,00000;-2757,00000
;0,17750;0,01626;0,04788;0,00000;-2757,00000
;0,17800;0,02523;0,04737;0,00000;-2757,00000
;0,17850;0,00921;0,04667;0,00000;-2758,00000
;0,17900;0,05598;0,04578;0,00000;-2758,00000
;0,17950;0,02459;0,04472;0,00000;-2758,00000
;0,18000;0,06111;0,04358;0,00000;-2758,00000
;0,18050;0,03676;0,04242;0,00000;-2758,00000
;0,18100;0,06816;0,04132;0,00000;-2758,00000
;0,18150;0,03164;0,04032;0,00000;-2758,00000
;0,18200;-0,00552;0,03946;0,00000;-2758,00000
;0,18250;0,02907;0,03867;0,00000;-2757,00000
;0,18300;0,03612;0,03789;0,00000;-2757,00000
;0,18350;0,01818;0,03711;0,00000;-2757,00000
;0,18400;0,05855;0,03634;0,00000;-2757,00000
;0,18450;0,02651;0,03562;0,00000;-2756,00000
;0,18500;0,01946;0,03496;0,00000;-2756,00000
;0,18550;-0,01577;0,03433;0,00000;-2756,00000
;0,18600;-0,00744;0,03365;0,00000;-2755,00000
;0,18650;-0,00488;0,03282;0,00000;-2755,00000
;0,18700;0,03548;0,03180;0,00000;-2755,00000
;0,18750;-0,03628;0,03060;0,00000;-2755,00000
;0,18800;0,01946;0,02922;0,00000;-2755,00000
;0,18850;-0,02987;0,02765;0,00000;-2755,00000
;0,18900;-0,01513;0,02587;0,00000;-2755,00000
;0,18950;-0,01770;0,02387;0,00000;-2755,00000
;0,19000;0,00024;0,02167;0,00000;-2755,00000
;0,19050;-0,03756;0,01928;0,00000;-2755,00000
;0,19100;-0,00873;0,01674;0,00000;-2755,00000
;0,19150;-0,03371;0,01406;0,00000;-2756,00000
;0,19200;-0,02154;0,01126;0,00000;-2756,00000
;0,19250;-0,04461;0,00836;0,00000;-2756,00000
;0,19300;0,00537;0,00539;0,00000;-2756,00000
;0,19350;0,04573;0,00242;0,00000;-2756,00000
;0,19400;-0,03115;-0,00039;0,00000;-2756,00000
;0,19450;-0,01770;-0,00297;0,00000;-2756,00000
;0,19500;0,00217;-0,00530;0,00000;-2756,00000
;0,19550;-0,00873;-0,00737;0,00000;-2756,00000
;0,19600;-0,01706;-0,00917;0,00000;-2756,00000
;0,19650;0,00601;-0,01070;0,00000;-2756,00000
;0,19700;-0,01962;-0,01195;0,00000;-2756,00000
;0,19750;-0,01577;-0,01294;0,00000;-2756,00000
;0,19800;-0,01898;-0,01371;0,00000;-2756,00000
;0,19850;0,02907;-0,01427;0,00000;-2756,00000
;0,19900;-0,03499;-0,01463;0,00000;-2756,00000
;0,19950;-0,03051;-0,01480;0,00000;-2756,00000
;0,20000;0,04189;-0,01483;0,00000;-2756,00000
;0,20050;0,03292;-0,01470;0,00000;-2756,00000
;0,20100;0,00152;-0,01432;0,00000;-2756,00000
;0,20150;-0,00168;-0,01366;0,00000;-2756,00000
;0,20200;-0,00040;-0,01277;0,00000;-2756,00000
;0,20250;0,06431;-0,01169;0,00000;-2756,00000
;0,20300;0,01114;-0,01038;0,00000;-2756,00000
;0,20350;0,09763;-0,00879;0,00000;-2756,00000
;0,20400;0,01434;-0,00686;0,00000;-2756,00000
;0,20450;0,08866;-0,00456;0,00000;-2756,00000
;0,20500;0,01562;-0,00189;0,00000;-2756,00000
;0,20550;0,07008;0,00111;0,00000;-2756,00000
;0,20600;0,02139;0,00439;0,00000;-2756,00000
;0,20650;0,04958;0,00785;0,00000;-2756,00000
;0,20700;-0,03051;0,01139;0,00000;-2756,00000
;0,20750;0,06431;0,01487;0,00000;-2756,00000
;0,20800;0,04189;0,01819;0,00000;-2756,00000
;0,20850;0,08994;0,02135;0,00000;-2756,00000
;0,20900;0,00921;0,02440;0,00000;-2756,00000
;0,20950;0,08738;0,02733;0,00000;-2756,00000
;0,21000;0,00409;0,03013;0,00000;-2756,00000
;0,21050;0,05214;0,03276;0,00000;-2756,00000
;0,21100;0,04189;0,03517;0,00000;-2756,00000
;0,21150;0,02651;0,03734;0,00000;-2756,00000
;0,21200;0,05022;0,03925;0,00000;-2756,00000
;0,21250;0,05727;0,04089;0,00000;-2756,00000
;0,21300;0,00793;0,04229;0,00000;-2756,00000
;0,21350;0,10724;0,04345;0,00000;-2756,00000
;0,21400;0,04445;0,04444;0,00000;-2756,00000
;0,21450;0,07777;0,04535;0,00000;-2756,00000
;0,21500;0,02715;0,04620;0,00000;-2756,00000
;0,21550;0,07136;0,04702;0,00000;-2756,00000
;0,21600;0,01434;0,04777;0,00000;-2756,00000
;0,21650;0,05534;0,04844;0,00000;-2756,00000
;0,21700;0,01114;0,04896;0,00000;-2756,00000
;0,21750;0,06880;0,04933;0,00000;-2756,00000
;0,21800;0,01818;0,04952;0,00000;-2756,00000
;0,21850;0,07649;0,04957;0,00000;-2756,00000
;0,21900;-0,01770;0,04948;0,00000;-2756,00000
;0,21950;0,05855;0,04923;0,00000;-2756,00000
;0,22000;0,02010;0,04880;0,00000;-2756,00000
;0,22050;0,04253;0,04821;0,00000;-2756,00000
;0,22100;-0,01129;0,04746;0,00000;-2756,00000
;0,22150;0,02267;0,04652;0,00000;-2756,00000
;0,22200;0,03036;0,04537;0,00000;-2756,00000
;0,22250;0,05086;0,04405;0,00000;-2756,00000
;0,22300;-0,00937;0,04261;0,00000;-2756,00000
;0,22350;0,02907;0,04109;0,00000;-2756,00000
;0,22400;0,03804;0,03948;0,00000;-2756,00000
;0,22450;0,01306;0,03784;0,00000;-2756,00000
;0,22500;0,01946;0,03619;0,00000;-2756,00000
;0,22550;0,07777;0,03458;0,00000;-2756,00000
;0,22600;0,01946;0,03308;0,00000;-2756,00000
;0,22650;0,10980;0,03178;0,00000;-2756,00000
;0,22700;-0,01257;0,03077;0,00000;-2756,00000
;0,22750;0,01818;0,03004;0,00000;-2756,00000
;0,22800;-0,01577;0,02950;0,00000;-2756,00000
;0,22850;-0,02795;0,02900;0,00000;-2756,00000
;0,22900;0,01946;0,02842;0,00000;-2756,00000
;0,22950;-0,00552;0,02769;0,00000;-2756,00000
;0,23000;-0,02154;0,02678;0,00000;-2756,00000
;0,23050;0,03292;0,02567;0,00000;0,00000
;0,23100;0,02459;0,02441;0,00000;0,00000
;0,23150;0,00921;0,02307;0,00000;0,00000
;0,23200;-0,01065;0,02170;0,00000;0,00000
;0,23250;-0,03243;0,02029;0,00000;0,00000
;0,23300;0,00152;0,01878;0,00000;0,00000
;0,23350;-0,02346;0,01716;0,00000;0,00000
;0,23400;-0,01193;0,01541;0,00000;0,00000
;0,23450;-0,02026;0,01354;0,00000;0,00000
;0,23500;-0,02987;0,01154;0,00000;0,00000
;0,23550;-0,04076;0,00942;0,00000;0,00000
;0,23600;0,02075;0,00716;0,00000;0,00000
;0,23650;-0,02923;0,00483;0,00000;0,00000
;0,23700;0,04894;0,00252;0,00000;0,00000
;0,23750;-0,00488;0,00034;0,00000;0,00000
;0,23800;0,01049;-0,00162;0,00000;0,00000
;0,23850;-0,03628;-0,00331;0,00000;0,00000
;0,23900;-0,02026;-0,00477;0,00000;0,00000
;0,23950;-0,02282;-0,00606;0,00000;0,00000
;0,24000;0,08097;-0,00719;0,00000;0,00000
;0,24050;-0,03564;-0,00809;0,00000;0,00000
;0,24100;0,02267;-0,00870;0,00000;0,00000
;0,24150;0,04317;-0,00900;0,00000;0,00000
;0,24200;0,04317;-0,00895;0,00000;0,00000
;0,24250;0,00281;-0,00850;0,00000;0,00000
;0,24300;0,05598;-0,00765;0,00000;0,00000
;0,24350;0,02843;-0,00642;0,00000;0,00000
;0,24400;0,05855;-0,00479;0,00000;0,00000
;0,24450;0,02203;-0,00280;0,00000;0,00000
;0,24500;0,07649;-0,00046;0,00000;0,00000
;0,24550;0,00793;0,00219;0,00000;0,00000
;0,24600;0,03740;0,00508;0,00000;0,00000
;0,24650;-0,01449;0,00809;0,00000;0,00000
;0,24700;0,01626;0,01108;0,00000;0,00000
;0,24750;0,04894;0,01394;0,00000;0,00000
;0,24800;0,04509;0,01663;0,00000;0,00000
;0,24850;0,05214;0,01917;0,00000;0,00000
;0,24900;0,07456;0,02162;0,00000;0,00000
;0,24950;0,04061;0,02403;0,00000;0,00000
;0,25000;0,08417;0,02642;0,00000;0,00000
;0,25050;0,00729;0,02880;0,00000;0,00000
;0,25100;0,07841;0,03115;0,00000;0,00000
;0,25150;0,01626;0,03343;0,00000;0,00000
;0,25200;0,06623;0,03560;0,00000;0,00000
;0,25250;0,03420;0,03763;0,00000;0,00000
;0,25300;0,06752;0,03952;0,00000;0,00000
;0,25350;0,00024;0,04124;0,00000;0,00000
;0,25400;0,14120;0,04280;0,00000;0,00000
;0,25450;-0,01321;0,04422;0,00000;0,00000
;0,25500;0,03869;0,04553;0,00000;0,00000
;0,25550;0,02779;0,04664;0,00000;0,00000
;0,25600;0,06047;0,04751;0,00000;0,00000
;0,25650;0,05406;0,04816;0,00000;0,00000
;0,25700;0,08546;0,04866;0,00000;0,00000
;0,25750;-0,01770;0,04905;0,00000;0,00000
;0,25800;0,04637;0,04932;0,00000;0,00000
;0,25850;-0,00488;0,04938;0,00000;0,00000
;0,25900;0,06047;0,04920;0,00000;0,00000
;0,25950;-0,02795;0,04876;0,00000;0,00000
;0,26000;0,01562;0,04804;0,00000;0,00000
;0,26050;-0,01449;0,04697;0,00000;0,00000
;0,26100;0,03933;0,04556;0,00000;0,00000
;0,26150;0,01882;0,04384;0,00000;0,00000
;0,26200;0,06111;0,04191;0,00000;0,00000
;0,26250;-0,02474;0,03987;0,00000;0,00000
;0,26300;0,03933;0,03778;0,00000;0,00000
;0,26350;0,01818;0,03565;0,00000;0,00000
;0,26400;0,01498;0,03353;0,00000;0,00000
;0,26450;0,00793;0,03146;0,00000;0,00000
;0,26500;0,05727;0,02946;0,00000;0,00000
;0,26550;0,05214;0,02761;0,00000;0,00000
;0,26600;0,06303;0,02601;0,00000;0,00000
;0,26650;0,01946;0,02475;0,00000;0,00000
;0,26700;0,02523;0,02385;0,00000;0,00000
;0,26750;0,01818;0,02325;0,00000;0,00000
;0,26800;0,02010;0,02289;0,00000;0,00000
;0,26850;-0,01513;0,02269;0,00000;0,00000
;0,26900;0,00665;0,02257;0,00000;0,00000
;0,26950;0,02459;0,02243;0,00000;0,00000
;0,27000;-0,02026;0,02224;0,00000;0,00000
;0,27050;-0,00937;0,02195;0,00000;0,00000
;0,27100;0,01754;0,02151;0,00000;0,00000
;0,27150;0,03804;0,02092;0,00000;0,00000
;0,27200;-0,01321;0,02023;0,00000;0,00000
;0,27250;0,02715;0,01948;0,00000;0,00000
;0,27300;-0,00424;0,01869;0,00000;0,00000
;0,27350;-0,01834;0,01785;0,00000;0,00000
;0,27400;-0,00552;0,01693;0,00000;0,00000
;0,27450;0,00409;0,01591;0,00000;0,00000
;0,27500;-0,02923;0,01477;0,00000;0,00000
;0,27550;-0,00680;0,01351;0,00000;0,00000
;0,27600;-0,05293;0,01211;0,00000;0,00000
;0,27650;0,00473;0,01053;0,00000;0,00000
;0,27700;-0,01449;0,00878;0,00000;0,00000
;0,27750;-0,02218;0,00690;0,00000;0,00000
;0,27800;-0,02474;0,00494;0,00000;0,00000
;0,27850;0,01242;0,00291;0,00000;0,00000
;0,27900;-0,06703;0,00086;0,00000;0,00000
;0,27950;0,00281;-0,00121;0,00000;0,00000
;0,28000;0,01434;-0,00327;0,00000;0,00000
;0,28050;0,02203;-0,00523;0,00000;0,00000
;0,28100;-0,01641;-0,00698;0,00000;0,00000
;0,28150;0,04509;-0,00845;0,00000;0,00000
;0,28200;0,00793;-0,00957;0,00000;0,00000
;0,28250;0,02907;-0,01029;0,00000;0,00000
;0,28300;0,00921;-0,01060;0,00000;0,00000
;0,28350;0,05727;-0,01047;0,00000;0,00000
;0,28400;0,04765;-0,00988;0,00000;0,00000
;0,28450;0,03292;-0,00880;0,00000;0,00000
;0,28500;0,00665;-0,00724;0,00000;0,00000
;0,28550;0,08353;-0,00527;0,00000;0,00000
;0,28600;0,01754;-0,00294;0,00000;0,00000
;0,28650;0,06367;-0,00026;0,00000;0,00000
;0,28700;0,01818;0,00270;0,00000;0,00000
;0,28750;0,02843;0,00587;0,00000;0,00000
;0,28800;-0,01962;0,00910;0,00000;0,00000
;0,28850;0,07008;0,01228;0,00000;0,00000
;0,28900;0,00217;0,01532;0,00000;0,00000
;0,28950;0,05022;0,01819;0,00000;0,00000
;0,29000;0,02907;0,02086;0,00000;0,00000
;0,29050;0,09763;0,02335;0,00000;0,00000
;0,29100;0,02075;0,02571;0,00000;0,00000
;0,29150;0,07328;0,02800;0,00000;0,00000
;0,29200;0,06623;0,03022;0,00000;0,00000
;0,29250;0,03740;0,03241;0,00000;0,00000
;0,29300;0,03804;0,03455;0,00000;0,00000
;0,29350;0,12198;0,03663;0,00000;0,00000
;0,29400;0,03484;0,03868;0,00000;0,00000
;0,29450;0,08353;0,04075;0,00000;0,00000
;0,29500;0,04445;0,04283;0,00000;0,00000
;0,29550;0,08738;0,04490;0,00000;0,00000
;0,29600;0,04830;0,04695;0,00000;0,00000
;0,29650;0,03164;0,04895;0,00000;0,00000
;0,29700;0,06303;0,05082;0,00000;0,00000
;0,29750;0,03804;0,05252;0,00000;0,00000
;0,29800;0,01562;0,05398;0,00000;0,00000
;0,29850;0,10532;0,05518;0,00000;0,00000
;0,29900;0,02395;0,05612;0,00000;0,00000
;0,29950;0,05598;0,05684;0,00000;0,00000
;0,30000;-0,00873;0,05733;0,00000;0,00000
;0,30050;0,05983;0,05753;0,00000;0,00000
;0,30100;0,01178;0,05740;0,00000;0,00000
;0,30150;0,04445;0,05696;0,00000;0,00000
;0,30200;0,00793;0,05622;0,00000;0,00000
;0,30250;-0,00296;0,05517;0,00000;0,00000
;0,30300;0,02267;0,05378;0,00000;0,00000
;0,30350;0,03740;0,05207;0,00000;0,00000
;0,30400;-0,01513;0,05009;0,00000;0,00000
;0,30450;0,02459;0,04787;0,00000;0,00000
;0,30500;-0,00296;0,04544;0,00000;0,00000
;0,30550;0,01498;0,04282;0,00000;0,00000
;0,30600;0,06623;0,04009;0,00000;0,00000
;0,30650;-0,02474;0,03733;0,00000;0,00000
;0,30700;-0,02923;0,03460;0,00000;0,00000
;0,30750;0,02972;0,03185;0,00000;0,00000
;0,30800;0,03036;0,02910;0,00000;0,00000
;0,30850;0,00088;0,02642;0,00000;0,00000
;0,30900;-0,01257;0,02386;0,00000;0,00000
;0,30950;0,02587;0,02143;0,00000;0,00000
;0,31000;-0,05486;0,01911;0,00000;0,00000
;0,31050;0,00665;0,01686;0,00000;0,00000
;0,31100;0,01818;0,01466;0,00000;0,00000
;0,31150;0,01946;0,01255;0,00000;0,00000
;0,31200;-0,02859;0,01059;0,00000;0,00000
;0,31250;-0,04973;0,00875;0,00000;0,00000
;0,31300;-0,02859;0,00696;0,00000;0,00000
;0,31350;-0,01706;0,00512;0,00000;0,00000
;0,31400;-0,02667;0,00323;0,00000;0,00000
;0,31450;-0,05101;0,00126;0,00000;0,00000
;0,31500;0,03612;-0,00076;0,00000;0,00000
;0,31550;-0,03564;-0,00278;0,00000;0,00000
;0,31600;0,03869;-0,00473;0,00000;0,00000
;0,31650;-0,03371;-0,00651;0,00000;0,00000
;0,31700;-0,02026;-0,00810;0,00000;0,00000
;0,31750;0,01306;-0,00950;0,00000;0,00000
;0,31800;0,04573;-0,01068;0,00000;0,00000
;0,31850;0,01946;-0,01154;0,00000;0,00000
;0,31900;0,02075;-0,01199;0,00000;0,00000
;0,31950;0,00345;-0,01203;0,00000;0,00000
;0,32000;-0,02731;-0,01169;0,00000;0,00000
;0,32050;-0,02410;-0,01108;0,00000;0,00000
;0,32100;0,04573;-0,01030;0,00000;0,00000
;0,32150;-0,00552;-0,00939;0,00000;0,00000
;0,32200;0,04189;-0,00833;0,00000;0,00000
;0,32250;0,04894;-0,00708;0,00000;0,00000
;0,32300;0,03869;-0,00561;0,00000;0,00000
;0,32350;-0,00680;-0,00388;0,00000;0,00000
;0,32400;0,03933;-0,00195;0,00000;0,00000
;0,32450;-0,03884;0,00010;0,00000;0,00000
;0,32500;0,05214;0,00217;0,00000;0,00000
;0,32550;0,04125;0,00421;0,00000;0,00000
;0,32600;0,03356;0,00625;0,00000;0,00000
;0,32650;-0,00232;0,00830;0,00000;0,00000
;0,32700;0,04701;0,01032;0,00000;0,00000
;0,32750;0,04830;0,01230;0,00000;0,00000
;0,32800;0,09891;0,01428;0,00000;0,00000
;0,32850;-0,00552;0,01633;0,00000;0,00000
;0,32900;0,06303;0,01847;0,00000;0,00000
;0,32950;0,03420;0,02064;0,00000;0,00000
;0,33000;0,06047;0,02283;0,00000;0,00000
;0,33050;0,01049;0,02501;0,00000;0,00000
;0,33100;0,08802;0,02715;0,00000;0,00000
;0,33150;0,02587;0,02925;0,00000;0,00000
;0,33200;0,06303;0,03131;0,00000;0,00000
;0,33250;0,05598;0,03332;0,00000;0,00000
;0,33300;0,01306;0,03526;0,00000;0,00000
;0,33350;0,00793;0,03708;0,00000;0,00000
;0,33400;0,06111;0,03869;0,00000;0,00000
;0,33450;0,00857;0,04003;0,00000;0,00000
;0,33500;0,06880;0,04112;0,00000;0,00000
;0,33550;0,00088;0,04197;0,00000;0,00000
;0,33600;0,03612;0,04257;0,00000;0,00000
;0,33650;0,02523;0,04290;0,00000;0,00000
;0,33700;0,01114;0,04297;0,00000;0,00000
;0,33750;0,04509;0,04278;0,00000;0,00000
;0,33800;0,07520;0,04238;0,00000;0,00000
;0,33850;-0,00937;0,04184;0,00000;0,00000
;0,33900;0,04765;0,04122;0,00000;0,00000
;0,33950;-0,01706;0,04048;0,00000;0,00000
;0,34000;0,04765;0,03962;0,00000;0,00000
;0,34050;-0,01065;0,03862;0,00000;0,00000
;0,34100;0,04189;0,03749;0,00000;0,00000
;0,34150;-0,00616;0,03625;0,00000;0,00000
;0,34200;0,02459;0,03489;0,00000;0,00000
;0,34250;0,02075;0,03345;0,00000;0,00000
;0,34300;0,05406;0,03196;0,00000;0,00000
;0,34350;-0,01706;0,03049;0,00000;0,00000
;0,34400;0,01818;0,02906;0,00000;0,00000
;0,34450;-0,01321;0,02764;0,00000;0,00000
;0,34500;0,02843;0,02619;0,00000;0,00000
;0,34550;0,00088;0,02473;0,00000;0,00000
;0,34600;0,01370;0,02327;0,00000;0,00000
;0,34650;0,04381;0,02185;0,00000;0,00000
;0,34700;0,02587;0,02051;0,00000;0,00000
;0,34750;-0,02218;0,01932;0,00000;0,00000
;0,34800;-0,03243;0,01821;0,00000;0,00000
;0,34850;-0,02859;0,01709;0,00000;0,00000
;0,34900;0,02203;0,01587;0,00000;0,00000
;0,34950;-0,02282;0,01454;0,00000;0,00000
;0,35000;0,02907;0,01313;0,00000;0,00000
;0,35050;-0,00937;0,01170;0,00000;0,00000
;0,35100;-0,00168;0,01029;0,00000;0,00000
;0,35150;0,00345;0,00890;0,00000;0,00000
;0,35200;0,03164;0,00758;0,00000;0,00000
;0,35250;-0,00424;0,00638;0,00000;0,00000
;0,35300;0,03484;0,00533;0,00000;0,00000
;0,35350;0,02843;0,00449;0,00000;0,00000
;0,35400;0,04637;0,00392;0,00000;0,00000
;0,35450;0,02010;0,00367;0,00000;0,00000
;0,35500;0,00793;0,00375;0,00000;0,00000
;0,35550;0,02203;0,00412;0,00000;0,00000
;0,35600;0,03100;0,00473;0,00000;0,00000
;0,35650;0,01370;0,00555;0,00000;0,00000
;0,35700;-0,00360;0,00654;0,00000;0,00000
;0,35750;0,00601;0,00761;0,00000;0,00000
;0,35800;-0,05165;0,00867;0,00000;0,00000
;0,35850;0,05919;0,00961;0,00000;0,00000
;0,35900;0,01882;0,01040;0,00000;0,00000
;0,35950;0,02139;0,01112;0,00000;0,00000
;0,36000;0,01370;0,01179;0,00000;0,00000
;0,36050;0,05919;0,01244;0,00000;0,00000
;0,36100;-0,02346;0,01309;0,00000;0,00000
;0,36150;0,06816;0,01375;0,00000;0,00000
;0,36200;-0,02474;0,01442;0,00000;0,00000
;0,36250;0,02203;0,01508;0,00000;0,00000
;0,36300;0,03933;0,01568;0,00000;0,00000
;0,36350;0,03036;0,01626;0,00000;0,00000
;0,36400;0,03292;0,01684;0,00000;0,00000
;0,36450;0,09635;0,01748;0,00000;0,00000
;0,36500;0,05086;0,01828;0,00000;0,00000
;0,36550;0,06495;0,01933;0,00000;0,00000
;0,36600;0,03740;0,02064;0,00000;0,00000
;0,36650;0,04894;0,02221;0,00000;0,00000
;0,36700;0,01562;0,02395;0,00000;0,00000
;0,36750;0,07649;0,02581;0,00000;0,00000
;0,36800;0,02972;0,02774;0,00000;0,00000
;0,36850;0,14376;0,02974;0,00000;0,00000
;0,36900;0,00088;0,03187;0,00000;0,00000
;0,36950;0,08738;0,03413;0,00000;0,00000
;0,37000;0,03292;0,03646;0,00000;0,00000
;0,37050;0,09571;0,03881;0,00000;0,00000
;0,37100;-0,00937;0,04116;0,00000;0,00000
;0,37150;0,06880;0,04341;0,00000;0,00000
;0,37200;0,03420;0,04549;0,00000;0,00000
;0,37250;0,06367;0,04735;0,00000;0,00000
;0,37300;0,00985;0,04898;0,00000;0,00000
;0,37350;0,09571;0,05036;0,00000;0,00000
;0,37400;-0,01193;0,05148;0,00000;0,00000
;0,37450;0,04830;0,05233;0,00000;0,00000
;0,37500;-0,01193;0,05285;0,00000;0,00000
;0,37550;0,05662;0,05299;0,00000;0,00000
;0,37600;0,02139;0,05276;0,00000;0,00000
;0,37650;0,03933;0,05221;0,00000;0,00000
;0,37700;0,00088;0,05136;0,00000;0,00000
;0,37750;0,07392;0,05026;0,00000;0,00000
;0,37800;0,07072;0,04898;0,00000;0,00000
;0,37850;0,06047;0,04767;0,00000;0,00000
;0,37900;-0,01641;0,04642;0,00000;0,00000
;0,37950;0,05919;0,04522;0,00000;0,00000
;0,38000;0,01242;0,04404;0,00000;0,00000
;0,38050;0,01498;0,04286;0,00000;0,00000
;0,38100;-0,03051;0,04163;0,00000;0,00000
;0,38150;0,07969;0,04030;0,00000;0,00000
;0,38200;-0,02154;0,03888;0,00000;0,00000
;0,38250;0,04509;0,03738;0,00000;0,00000
;0,38300;-0,01834;0,03584;0,00000;0,00000
;0,38350;0,03164;0,03423;0,00000;0,00000
;0,38400;-0,01385;0,03256;0,00000;0,00000
;0,38450;0,01242;0,03083;0,00000;0,00000
;0,38500;-0,02218;0,02902;0,00000;0,00000
;0,38550;0,01754;0,02711;0,00000;0,00000
;0,38600;0,03804;0,02514;0,00000;0,00000
;0,38650;-0,00488;0,02318;0,00000;0,00000
;0,38700;-0,01129;0,02127;0,00000;0,00000
;0,38750;0,06367;0,01943;0,00000;0,00000
;0,38800;0,03484;0,01773;0,00000;0,00000
;0,38850;0,01242;0,01626;0,00000;0,00000
;0,38900;-0,03564;0,01503;0,00000;0,00000
;0,38950;-0,01449;0,01397;0,00000;0,00000
;0,39000;0,00665;0,01296;0,00000;0,00000
;0,39050;-0,01962;0,01197;0,00000;0,00000
;0,39100;-0,05550;0,01093;0,00000;0,00000
;0,39150;-0,00744;0,00977;0,00000;0,00000
;0,39200;-0,03435;0,00845;0,00000;0,00000
;0,39250;-0,02987;0,00693;0,00000;0,00000
;0,39300;-0,03628;0,00522;0,00000;0,00000
;0,39350;-0,00552;0,00332;0,00000;0,00000
;0,39400;0,00793;0,00129;0,00000;0,00000
;0,39450;-0,03948;-0,00080;0,00000;0,00000
;0,39500;0,00921;-0,00287;0,00000;0,00000
;0,39550;-0,02923;-0,00488;0,00000;0,00000
;0,39600;0,05855;-0,00677;0,00000;0,00000
;0,39650;0,02203;-0,00842;0,00000;0,00000
;0,39700;0,03676;-0,00970;0,00000;0,00000
;0,39750;-0,01385;-0,01053;0,00000;0,00000
;0,39800;0,02907;-0,01091;0,00000;0,00000
;0,39850;-0,02987;-0,01089;0,00000;0,00000
;0,39900;0,02267;-0,01054;0,00000;0,00000
;0,39950;0,00409;-0,00993;0,00000;0,00000
;0,40000;0,05022;-0,00907;0,00000;0,00000
;0,40050;-0,02859;-0,00797;0,00000;0,00000
;0,40100;0,01946;-0,00667;0,00000;0,00000
;0,40150;-0,01321;-0,00527;0,00000;0,00000
;0,40200;0,06944;-0,00379;0,00000;0,00000
;0,40250;0,05598;-0,00221;0,00000;0,00000
;0,40300;0,05598;-0,00043;0,00000;0,00000
;0,40350;0,02139;0,00159;0,00000;0,00000
;0,40400;0,08930;0,00387;0,00000;0,00000
;0,40450;-0,02410;0,00637;0,00000;0,00000
;0,40500;0,09699;0,00905;0,00000;0,00000
;0,40550;0,01178;0,01185;0,00000;0,00000
;0,40600;0,08802;0,01475;0,00000;0,00000
;0,40650;0,04958;0,01774;0,00000;0,00000
;0,40700;0,08289;0,02083;0,00000;0,00000
;0,40750;-0,00616;0,02399;0,00000;0,00000
;0,40800;0,08033;0,02715;0,00000;0,00000
;0,40850;-0,02090;0,03021;0,00000;0,00000
;0,40900;0,10852;0,03308;0,00000;0,00000
;0,40950;0,02203;0,03574;0,00000;0,00000
;0,41000;0,11108;0,03823;0,00000;0,00000
;0,41050;-0,02026;0,04055;0,00000;0,00000
;0,41100;0,08353;0,04269;0,00000;0,00000
;0,41150;0,01049;0,04460;0,00000;0,00000
;0,41200;0,05534;0,04624;0,00000;0,00000
;0,41250;-0,00296;0,04758;0,00000;0,00000
;0,41300;0,06111;0,04858;0,00000;0,00000
;0,41350;0,04253;0,04925;0,00000;0,00000
;0,41400;0,07905;0,04965;0,00000;0,00000
;0,41450;0,04381;0,04986;0,00000;0,00000
;0,41500;0,08610;0,04996;0,00000;0,00000
;0,41550;0,02395;0,05002;0,00000;0,00000
;0,41600;0,05791;0,05007;0,00000;0,00000
;0,41650;0,07777;0,05010;0,00000;0,00000
;0,41700;0,03612;0,05015;0,00000;0,00000
;0,41750;-0,01257;0,05020;0,00000;0,00000
;0,41800;0,03228;0,05016;0,00000;0,00000
;0,41850;0,05470;0,04996;0,00000;0,00000
;0,41900;0,08161;0,04961;0,00000;0,00000
;0,41950;0,02139;0,04919;0,00000;0,00000
;0,42000;0,04830;0,04876;0,00000;0,00000
;0,42050;0,03804;0,04830;0,00000;0,00000
;0,42100;0,07649;0,04783;0,00000;0,00000
;0,42150;-0,00040;0,04737;0,00000;0,00000
;0,42200;0,06688;0,04692;0,00000;0,00000
;0,42250;-0,01385;0,04646;0,00000;0,00000
;0,42300;0,05727;0,04593;0,00000;0,00000
;0,42350;0,01562;0,04531;0,00000;0,00000
;0,42400;0,00281;0,04459;0,00000;0,00000
;0,42450;0,05983;0,04374;0,00000;0,00000
;0,42500;0,04381;0,04280;0,00000;0,00000
;0,42550;-0,04332;0,04180;0,00000;0,00000
;0,42600;0,05150;0,04069;0,00000;0,00000
;0,42650;0,03676;0,03947;0,00000;0,00000
;0,42700;-0,04076;0,03816;0,00000;0,00000
;0,42750;-0,01257;0,03671;0,00000;0,00000
;0,42800;-0,00873;0,03506;0,00000;0,00000
;0,42850;0,01370;0,03315;0,00000;0,00000
;0,42900;0,03420;0,03106;0,00000;0,00000
;0,42950;0,03740;0,02887;0,00000;0,00000
;0,43000;-0,04268;0,02669;0,00000;0,00000
;0,43050;0,07969;0,02455;0,00000;0,00000
;0,43100;-0,01321;0,02251;0,00000;0,00000
;0,43150;0,04637;0,02063;0,00000;0,00000
;0,43200;-0,01321;0,01894;0,00000;0,00000
;0,43250;-0,00616;0,01743;0,00000;0,00000
;0,43300;0,03420;0,01607;0,00000;0,00000
;0,43350;0,01690;0,01485;0,00000;0,00000
;0,43400;-0,02667;0,01379;0,00000;0,00000
;0,43450;0,07328;0,01287;0,00000;0,00000
;0,43500;0,00024;0,01212;0,00000;0,00000
;0,43550;-0,02346;0,01154;0,00000;0,00000
;0,43600;0,00088;0,01109;0,00000;0,00000
;0,43650;0,03100;0,01069;0,00000;0,00000
;0,43700;-0,03692;0,01032;0,00000;0,00000
;0,43750;0,03548;0,00997;0,00000;0,00000
;0,43800;-0,01962;0,00961;0,00000;0,00000
;0,43850;0,02139;0,00924;0,00000;0,00000
;0,43900;0,02523;0,00888;0,00000;0,00000
;0,43950;0,06752;0,00859;0,00000;0,00000
;0,44000;-0,01257;0,00844;0,00000;0,00000
;0,44050;0,05791;0,00849;0,00000;0,00000
;0,44100;-0,04140;0,00872;0,00000;0,00000
;0,44150;0,07456;0,00908;0,00000;0,00000
;0,44200;0,00985;0,00957;0,00000;0,00000
;0,44250;0,05598;0,01021;0,00000;0,00000
;0,44300;0,05150;0,01104;0,00000;0,00000
;0,44350;0,03228;0,01208;0,00000;0,00000
;0,44400;0,00729;0,01333;0,00000;0,00000
;0,44450;0,10660;0,01475;0,00000;0,00000
;0,44500;0,02715;0,01635;0,00000;0,00000
;0,44550;0,03548;0,01816;0,00000;0,00000
;0,44600;0,01434;0,02010;0,00000;0,00000
;0,44650;0,07008;0,02211;0,00000;0,00000
;0,44700;-0,04653;0,02410;0,00000;0,00000
;0,44750;0,05919;0,02599;0,00000;0,00000
;0,44800;0,02203;0,02769;0,00000;0,00000
;0,44850;0,07713;0,02920;0,00000;0,00000
;0,44900;0,03612;0,03058;0,00000;0,00000
;0,44950;0,10404;0,03190;0,00000;0,00000
;0,45000;0,04189;0,03324;0,00000;0,00000
;0,45050;0,13095;0,03469;0,00000;0,00000
;0,45100;0,03100;0,03631;0,00000;0,00000
;0,45150;0,06623;0,03811;0,00000;0,00000
;0,45200;0,04317;0,04005;0,00000;0,00000
;0,45250;0,03036;0,04203;0,00000;0,00000
;0,45300;0,02907;0,04395;0,00000;0,00000
;0,45350;0,06559;0,04573;0,00000;0,00000
;0,45400;-0,00232;0,04730;0,00000;0,00000
;0,45450;0,07328;0,04863;0,00000;0,00000
;0,45500;0,02331;0,04969;0,00000;0,00000
;0,45550;0,02972;0,05047;0,00000;0,00000
;0,45600;0,02075;0,05096;0,00000;0,00000
;0,45650;0,02715;0,05113;0,00000;0,00000
;0,45700;-0,01898;0,05095;0,00000;0,00000
;0,45750;0,04894;0,05039;0,00000;0,00000
;0,45800;0,00473;0,04947;0,00000;0,00000
;0,45850;0,07520;0,04823;0,00000;0,00000
;0,45900;0,01178;0,04679;0,00000;0,00000
;0,45950;0,04317;0,04523;0,00000;0,00000
;0,46000;0,00729;0,04359;0,00000;0,00000
;0,46050;0,08802;0,04193;0,00000;0,00000
;0,46100;0,07200;0,04034;0,00000;0,00000
;0,46150;-0,00744;0,03894;0,00000;0,00000
;0,46200;0,00793;0,03772;0,00000;0,00000
;0,46250;0,01946;0,03659;0,00000;0,00000
;0,46300;0,04765;0,03552;0,00000;0,00000
;0,46350;0,02331;0,03449;0,00000;0,00000
;0,46400;-0,01001;0,03353;0,00000;0,00000
;0,46450;0,03933;0,03259;0,00000;0,00000
;0,46500;-0,03756;0,03163;0,00000;0,00000
;0,46550;-0,02474;0,03057;0,00000;0,00000
;0,46600;-0,01641;0,02932;0,00000;0,00000
;0,46650;-0,01129;0,02780;0,00000;0,00000
;0,46700;-0,04781;0,02600;0,00000;0,00000
;0,46750;0,00921;0,02390;0,00000;0,00000
;0,46800;0,01306;0,02153;0,00000;0,00000
;0,46850;0,03612;0,01903;0,00000;0,00000
;0,46900;-0,00873;0,01652;0,00000;0,00000
;0,46950;-0,01193;0,01409;0,00000;0,00000
;0,47000;0,00409;0,01176;0,00000;0,00000
;0,47050;0,01242;0,00955;0,00000;0,00000
;0,47100;0,03612;0,00751;0,00000;0,00000
;0,47150;-0,01257;0,00572;0,00000;0,00000
;0,47200;0,00857;0,00421;0,00000;0,00000
;0,47250;-0,05229;0,00292;0,00000;0,00000
;0,47300;0,05983;0,00181;0,00000;0,00000
;0,47350;-0,03435;0,00087;0,00000;0,00000
;0,47400;0,00217;0,00010;0,00000;0,00000
;0,47450;0,04381;-0,00052;0,00000;0,00000
;0,47500;0,04445;-0,00093;0,00000;0,00000
;0,47550;-0,05293;-0,00108;0,00000;0,00000
;0,47600;0,02715;-0,00102;0,00000;0,00000
;0,47650;-0,02282;-0,00082;0,00000;0,00000
;0,47700;-0,04973;-0,00057;0,00000;0,00000
;0,47750;-0,02987;-0,00037;0,00000;0,00000
;0,47800;0,04573;-0,00031;0,00000;0,00000
;0,47850;0,03100;-0,00035;0,00000;0,00000
;0,47900;0,01242;-0,00036;0,00000;0,00000
;0,47950;-0,03051;-0,00029;0,00000;0,00000
;0,48000;0,03164;-0,00016;0,00000;0,00000
;0,48050;0,02395;0,00003;0,00000;0,00000
;0,48100;0,03997;0,00032;0,00000;0,00000
;0,48150;-0,03371;0,00075;0,00000;0,00000
;0,48200;0,09122;0,00133;0,00000;0,00000
;0,48250;-0,01321;0,00206;0,00000;0,00000
;0,48300;0,06752;0,00299;0,00000;0,00000
;0,48350;-0,01385;0,00410;0,00000;0,00000
;0,48400;0,05342;0,00538;0,00000;0,00000
;0,48450;-0,00424;0,00679;0,00000;0,00000
;0,48500;0,02843;0,00827;0,00000;0,00000
;0,48550;0,00281;0,00978;0,00000;0,00000
;0,48600;0,07649;0,01129;0,00000;0,00000
;0,48650;-0,02410;0,01278;0,00000;0,00000
;0,48700;0,06303;0,01427;0,00000;0,00000
;0,48750;0,00729;0,01572;0,00000;0,00000
;0,48800;0,07008;0,01714;0,00000;0,00000
;0,48850;0,04253;0,01857;0,00000;0,00000
;0,48900;0,03933;0,02004;0,00000;0,00000
;0,48950;0,00921;0,02155;0,00000;0,00000
;0,49000;0,05342;0,02306;0,00000;0,00000
;0,49050;0,03100;0,02453;0,00000;0,00000
;0,49100;0,09699;0,02599;0,00000;0,00000
;0,49150;-0,02923;0,02746;0,00000;0,00000
;0,49200;0,07841;0,02892;0,00000;0,00000
;0,49250;0,00601;0,03032;0,00000;0,00000
;0,49300;0,04894;0,03163;0,00000;0,00000
;0,49350;0,02331;0,03283;0,00000;0,00000
;0,49400;0,07969;0,03391;0,00000;0,00000
;0,49450;0,02139;0,03492;0,00000;0,00000
;0,49500;0,06752;0,03586;0,00000;0,00000
;0,49550;-0,01001;0,03676;0,00000;0,00000
;0,49600;0,06111;0,03756;0,00000;0,00000
;0,49650;0,02010;0,03823;0,00000;0,00000
;0,49700;0,04125;0,03877;0,00000;0,00000
;0,49750;0,02779;0,03917;0,00000;0,00000
;0,49800;0,07072;0,03946;0,00000;0,00000
;0,49850;0,04958;0,03967;0,00000;0,00000
;0,49900;0,00857;0,03986;0,00000;0,00000
;0,49950;-0,03499;0,03998;0,00000;0,00000
;0,50000;0,02267;0,03990;0,00000;0,00000
;0,50050;0,09314;0,03958;0,00000;0,00000
;0,50100;0,07969;0,03912;0,00000;0,00000
;0,50150;0,00088;0,03868;0,00000;0,00000
;0,50200;0,07136;0,03831;0,00000;0,00000
;0,50250;-0,01065;0,03800;0,00000;0,00000
;0,50300;0,06880;0,03772;0,00000;0,00000
;0,50350;-0,01065;0,03745;0,00000;0,00000
;0,50400;-0,01129;0,03713;0,00000;0,00000
;0,50450;0,04637;0,03669;0,00000;0,00000
;0,50500;-0,01449;0,03609;0,00000;0,00000
;0,50550;-0,04076;0,03530;0,00000;0,00000
;0,50600;0,00921;0,03423;0,00000;0,00000
;0,50650;-0,03499;0,03283;0,00000;0,00000
;0,50700;-0,03564;0,03107;0,00000;0,00000
;0,50750;0,00985;0,02894;0,00000;0,00000
;0,50800;0,00217;0,02648;0,00000;0,00000
;0,50850;0,08994;0,02383;0,00000;0,00000
;0,50900;-0,01898;0,02119;0,00000;0,00000
;0,50950;-0,02795;0,01865;0,00000;0,00000
;0,51000;-0,03243;0,01621;0,00000;0,00000
;0,51050;0,01370;0,01380;0,00000;0,00000
;0,51100;-0,03371;0,01142;0,00000;0,00000
;0,51150;-0,00296;0,00908;0,00000;0,00000
;0,51200;0,00024;0,00679;0,00000;0,00000
;0,51250;-0,02346;0,00458;0,00000;0,00000
;0,51300;-0,02218;0,00247;0,00000;0,00000
;0,51350;0,05470;0,00047;0,00000;0,00000
;0,51400;-0,03115;-0,00135;0,00000;0,00000
;0,51450;-0,01834;-0,00294;0,00000;0,00000
;0,51500;-0,00424;-0,00434;0,00000;0,00000
;0,51550;-0,02538;-0,00558;0,00000;0,00000
;0,51600;-0,01001;-0,00667;0,00000;0,00000
;0,51650;-0,01513;-0,00765;0,00000;0,00000
;0,51700;-0,02731;-0,00854;0,00000;0,00000
;0,51750;0,05214;-0,00932;0,00000;0,00000
;0,51800;0,01690;-0,00994;0,00000;0,00000
;0,51850;0,06431;-0,01028;0,00000;0,00000
;0,51900;-0,02603;-0,01024;0,00000;0,00000
;0,51950;-0,00296;-0,00986;0,00000;0,00000
;0,52000;-0,00809;-0,00921;0,00000;0,00000
;0,52050;0,06303;-0,00837;0,00000;0,00000
;0,52100;0,08353;-0,00728;0,00000;0,00000
;0,52150;-0,00809;-0,00586;0,00000;0,00000
;0,52200;-0,02667;-0,00413;0,00000;0,00000
;0,52250;0,04189;-0,00222;0,00000;0,00000
;0,52300;0,01114;-0,00022;0,00000;0,00000
;0,52350;0,07072;0,00184;0,00000;0,00000
;0,52400;-0,03371;0,00396;0,00000;0,00000
;0,52450;0,03100;0,00609;0,00000;0,00000
;0,52500;-0,03307;0,00814;0,00000;0,00000
;0,52550;0,04701;0,01001;0,00000;0,00000
;0,52600;0,01562;0,01168;0,00000;0,00000
;0,52650;0,03804;0,01319;0,00000;0,00000
;0,52700;0,00793;0,01455;0,00000;0,00000
;0,52750;0,07520;0,01581;0,00000;0,00000
;0,52800;0,05278;0,01702;0,00000;0,00000
;0,52850;0,05342;0,01828;0,00000;0,00000
;0,52900;0,00152;0,01962;0,00000;0,00000
;0,52950;0,04701;0,02102;0,00000;0,00000
;0,53000;-0,00296;0,02242;0,00000;0,00000
;0,53050;0,05022;0,02375;0,00000;0,00000
;0,53100;0,03036;0,02500;0,00000;0,00000
;0,53150;0,04894;0,02618;0,00000;0,00000
;0,53200;0,11877;0,02733;0,00000;0,00000
;0,53250;0,07072;0,02858;0,00000;0,00000
;0,53300;-0,02731;0,03000;0,00000;0,00000
;0,53350;0,02972;0,03151;0,00000;0,00000
;0,53400;-0,00873;0,03293;0,00000;0,00000
;0,53450;0,04317;0,03417;0,00000;0,00000
;0,53500;-0,00873;0,03516;0,00000;0,00000
;0,53550;0,07713;0,03587;0,00000;0,00000
;0,53600;0,01498;0,03635;0,00000;0,00000
;0,53650;0,05342;0,03666;0,00000;0,00000
;0,53700;0,02779;0,03682;0,00000;0,00000
;0,53750;0,05662;0,03689;0,00000;0,00000
;0,53800;0,02587;0,03690;0,00000;0,00000
;0,53850;0,02651;0,03687;0,00000;0,00000
;0,53900;-0,00552;0,03677;0,00000;0,00000
;0,53950;0,02139;0,03656;0,00000;0,00000
;0,54000;0,02203;0,03618;0,00000;0,00000
;0,54050;0,01242;0,03564;0,00000;0,00000
;0,54100;-0,03243;0,03492;0,00000;0,00000
;0,54150;0,02587;0,03398;0,00000;0,00000
;0,54200;0,03100;0,03281;0,00000;0,00000
;0,54250;0,06944;0,03150;0,00000;0,00000
;0,54300;-0,03948;0,03015;0,00000;0,00000
;0,54350;0,00921;0,02879;0,00000;0,00000
;0,54400;0,00217;0,02736;0,00000;0,00000
;0,54450;0,05278;0,02588;0,00000;0,00000
;0,54500;-0,01513;0,02440;0,00000;0,00000
;0,54550;0,04958;0,02296;0,00000;0,00000
;0,54600;-0,02090;0,02159;0,00000;0,00000
;0,54650;0,01049;0,02029;0,00000;0,00000
;0,54700;0,03484;0,01905;0,00000;0,00000
;0,54750;-0,02731;0,01788;0,00000;0,00000
;0,54800;-0,02859;0,01675;0,00000;0,00000
;0,54850;-0,02603;0,01557;0,00000;0,00000
;0,54900;-0,00104;0,01427;0,00000;0,00000
;0,54950;-0,02026;0,01283;0,00000;0,00000
;0,55000;0,03740;0,01129;0,00000;0,00000
;0,55050;-0,02282;0,00971;0,00000;0,00000
;0,55100;-0,02603;0,00813;0,00000;0,00000
;0,55150;0,04061;0,00656;0,00000;0,00000
;0,55200;-0,01641;0,00504;0,00000;0,00000
;0,55250;0,01562;0,00363;0,00000;0,00000
;0,55300;0,00473;0,00236;0,00000;0,00000
;0,55350;0,00345;0,00126;0,00000;0,00000
;0,55400;0,02972;0,00035;0,00000;0,00000
;0,55450;0,00793;-0,00034;0,00000;0,00000
;0,55500;0,02651;-0,00077;0,00000;0,00000
;0,55550;0,02139;-0,00094;0,00000;0,00000
;0,55600;0,08289;-0,00080;0,00000;0,00000
;0,55650;0,01049;-0,00030;0,00000;0,00000
;0,55700;0,05919;0,00059;0,00000;0,00000
;0,55750;0,01370;0,00187;0,00000;0,00000
;0,55800;0,03228;0,00347;0,00000;0,00000
;0,55850;-0,00744;0,00532;0,00000;0,00000
;0,55900;0,03997;0,00730;0,00000;0,00000
;0,55950;-0,03179;0,00932;0,00000;0,00000
;0,56000;0,05214;0,01127;0,00000;0,00000
;0,56050;-0,02603;0,01311;0,00000;0,00000
;0,56100;0,00921;0,01475;0,00000;0,00000
;0,56150;0,08161;0,01617;0,00000;0,00000
;0,56200;0,03356;0,01744;0,00000;0,00000
;0,56250;0,00345;0,01863;0,00000;0,00000
;0,56300;0,04830;0,01976;0,00000;0,00000
;0,56350;0,03804;0,02083;0,00000;0,00000
;0,56400;0,08033;0,02188;0,00000;0,00000
;0,56450;0,03612;0,02298;0,00000;0,00000
;0,56500;0,07200;0,02420;0,00000;0,00000
;0,56550;0,05150;0,02555;0,00000;0,00000
;0,56600;0,05662;0,02706;0,00000;0,00000
;0,56650;0,03292;0,02871;0,00000;0,00000
;0,56700;0,10340;0,03048;0,00000;0,00000
;0,56750;0,02395;0,03236;0,00000;0,00000
;0,56800;0,03933;0,03433;0,00000;0,00000
;0,56850;0,06303;0,03632;0,00000;0,00000
;0,56900;0,10852;0,03831;0,00000;0,00000
;0,56950;0,03740;0,04033;0,00000;0,00000
;0,57000;0,07456;0,04239;0,00000;0,00000
;0,57050;0,06752;0,04448;0,00000;0,00000
;0,57100;0,05855;0,04658;0,00000;0,00000
;0,57150;0,04701;0,04864;0,00000;0,00000
;0,57200;0,02779;0,05060;0,00000;0,00000
;0,57250;0,01434;0,05237;0,00000;0,00000
;0,57300;0,08097;0,05385;0,00000;0,00000
;0,57350;0,05983;0,05504;0,00000;0,00000
;0,57400;0,08482;0,05601;0,00000;0,00000
;0,57450;0,02843;0,05681;0,00000;0,00000
;0,57500;0,11108;0,05748;0,00000;0,00000
;0,57550;0,01114;0,05805;0,00000;0,00000
;0,57600;0,07200;0,05853;0,00000;0,00000
;0,57650;0,03036;0,05888;0,00000;0,00000
;0,57700;0,07200;0,05910;0,00000;0,00000
;0,57750;-0,00104;0,05917;0,00000;0,00000
;0,57800;0,02972;0,05905;0,00000;0,00000
;0,57850;0,03036;0,05867;0,00000;0,00000
;0,57900;0,14056;0,05806;0,00000;0,00000
;0,57950;0,01626;0,05734;0,00000;0,00000
;0,58000;0,06239;0,05662;0,00000;0,00000
;0,58050;0,04830;0,05591;0,00000;0,00000
;0,58100;0,05662;0,05522;0,00000;0,00000
;0,58150;0,00152;0,05455;0,00000;0,00000
;0,58200;0,01306;0,05384;0,00000;0,00000
;0,58250;0,01306;0,05299;0,00000;0,00000
;0,58300;0,01114;0,05194;0,00000;0,00000
;0,58350;0,03228;0,05066;0,00000;0,00000
;0,58400;-0,01962;0,04915;0,00000;0,00000
;0,58450;-0,00424;0,04738;0,00000;0,00000
;0,58500;0,03933;0,04534;0,00000;0,00000
;0,58550;0,01498;0,04308;0,00000;0,00000
;0,58600;-0,02346;0,04066;0,00000;0,00000
;0,58650;0,01562;0,03810;0,00000;0,00000
;0,58700;0,01946;0,03542;0,00000;0,00000
;0,58750;-0,01770;0,03266;0,00000;0,00000
;0,58800;-0,01962;0,02986;0,00000;0,00000
;0,58850;0,01818;0,02701;0,00000;0,00000
;0,58900;0,00601;0,02414;0,00000;0,00000
;0,58950;0,02843;0,02133;0,00000;0,00000
;0,59000;-0,00424;0,01865;0,00000;0,00000
;0,59050;0,00152;0,01614;0,00000;0,00000
;0,59100;-0,03179;0,01381;0,00000;0,00000
;0,59150;0,05598;0,01164;0,00000;0,00000
;0,59200;-0,01385;0,00967;0,00000;0,00000
;0,59250;0,02267;0,00792;0,00000;0,00000
;0,59300;-0,01962;0,00642;0,00000;0,00000
;0,59350;0,02651;0,00515;0,00000;0,00000
;0,59400;-0,01257;0,00409;0,00000;0,00000
;0,59450;0,02779;0,00323;0,00000;0,00000
;0,59500;0,01178;0,00259;0,00000;0,00000
;0,59550;0,03228;0,00217;0,00000;0,00000
;0,59600;0,00088;0,00199;0,00000;0,00000
;0,59650;0,02203;0,00205;0,00000;0,00000
;0,59700;0,02395;0,00232;0,00000;0,00000
;0,59750;0,02715;0,00280;0,00000;0,00000
;0,59800;-0,01385;0,00347;0,00000;0,00000
;0,59850;0,04894;0,00428;0,00000;0,00000
;0,59900;0,02139;0,00522;0,00000;0,00000
;0,59950;0,10532;0,00632;0,00000;0,00000
;0,60000;-0,00680;0,00764;0,00000;0,00000
;0,60050;0,07392;0,00922;0,00000;0,00000
;0,60100;0,02459;0,01102;0,00000;0,00000
;0,60150;0,07456;0,01302;0,00000;0,00000
;0,60200;-0,00424;0,01521;0,00000;0,00000
;0,60250;0,06944;0,01751;0,00000;0,00000
;0,60300;0,06880;0,01989;0,00000;0,00000
;0,60350;0,10275;0,02237;0,00000;0,00000
;0,60400;0,02715;0,02501;0,00000;0,00000
;0,60450;0,10916;0,02781;0,00000;0,00000
;0,60500;0,03548;0,03075;0,00000;0,00000
;0,60550;0,06752;0,03378;0,00000;0,00000
;0,60600;0,05598;0,03685;0,00000;0,00000
;0,60650;0,10404;0,03991;0,00000;0,00000
;0,60700;0,03804;0,04295;0,00000;0,00000
;0,60750;0,05983;0,04593;0,00000;0,00000
;0,60800;-0,01641;0,04876;0,00000;0,00000
;0,60850;0,08097;0,05129;0,00000;0,00000
;0,60900;0,04125;0,05347;0,00000;0,00000
;0,60950;0,05919;0,05529;0,00000;0,00000
;0,61000;0,07649;0,05677;0,00000;0,00000
;0,61050;0,07136;0,05798;0,00000;0,00000
;0,61100;0,09122;0,05900;0,00000;0,00000
;0,61150;0,07264;0,05990;0,00000;0,00000
;0,61200;0,00409;0,06072;0,00000;0,00000
;0,61250;0,06495;0,06140;0,00000;0,00000
;0,61300;0,02972;0,06187;0,00000;0,00000
;0,61350;0,09378;0,06214;0,00000;0,00000
;0,61400;0,01626;0,06221;0,00000;0,00000
;0,61450;0,08546;0,06213;0,00000;0,00000
;0,61500;0,08097;0,06193;0,00000;0,00000
;0,61550;0,06111;0,06167;0,00000;0,00000
;0,61600;0,02075;0,06141;0,00000;0,00000
;0,61650;0,08289;0,06113;0,00000;0,00000
;0,61700;0,04189;0,06080;0,00000;0,00000
;0,61750;0,06367;0,06044;0,00000;0,00000
;0,61800;0,00921;0,06005;0,00000;0,00000
;0,61850;0,07328;0,05958;0,00000;0,00000
;0,61900;0,03420;0,05903;0,00000;0,00000
;0,61950;0,06559;0,05840;0,00000;0,00000
;0,62000;0,00217;0,05771;0,00000;0,00000
;0,62050;0,03933;0,05692;0,00000;0,00000
;0,62100;0,07456;0,05601;0,00000;0,00000
;0,62150;0,04958;0,05503;0,00000;0,00000
;0,62200;0,02075;0,05403;0,00000;0,00000
;0,62250;0,01626;0,05301;0,00000;0,00000
;0,62300;0,02139;0,05191;0,00000;0,00000
;0,62350;0,07713;0,05071;0,00000;0,00000
;0,62400;0,01242;0,04945;0,00000;0,00000
;0,62450;0,03548;0,04818;0,00000;0,00000
;0,62500;0,02523;0,04689;0,00000;0,00000
;0,62550;0,02651;0,04557;0,00000;0,00000
;0,62600;-0,02154;0,04420;0,00000;0,00000
;0,62650;0,00473;0,04273;0,00000;0,00000
;0,62700;0,01626;0,04109;0,00000;0,00000
;0,62750;-0,02090;0,03927;0,00000;0,00000
;0,62800;-0,02474;0,03725;0,00000;0,00000
;0,62850;0,00152;0,03498;0,00000;0,00000
;0,62900;-0,00360;0,03248;0,00000;0,00000
;0,62950;-0,02090;0,02978;0,00000;0,00000
;0,63000;0,00921;0,02691;0,00000;0,00000
;0,63050;-0,03115;0,02392;0,00000;0,00000
;0,63100;0,04253;0,02086;0,00000;0,00000
;0,63150;-0,00296;0,01783;0,00000;0,00000
;0,63200;-0,04589;0,01490;0,00000;0,00000
;0,63250;-0,00616;0,01207;0,00000;0,00000
;0,63300;0,02523;0,00932;0,00000;0,00000
;0,63350;0,02203;0,00673;0,00000;0,00000
;0,63400;0,02267;0,00441;0,00000;0,00000
;0,63450;0,04253;0,00245;0,00000;0,00000
;0,63500;0,06944;0,00094;0,00000;0,00000
;0,63550;0,02715;-0,00003;0,00000;0,00000
;0,63600;0,09635;-0,00037;0,00000;0,00000
;0,63650;0,03740;-0,00005;0,00000;0,00000
;0,63700;0,05983;0,00095;0,00000;0,00000
;0,63750;0,01178;0,00257;0,00000;0,00000
;0,63800;0,02203;0,00468;0,00000;0,00000
;0,63850;0,02203;0,00711;0,00000;0,00000
;0,63900;0,06047;0,00976;0,00000;0,00000
;0,63950;0,03740;0,01254;0,00000;0,00000
;0,64000;0,05406;0,01542;0,00000;0,00000
;0,64050;0,00985;0,01835;0,00000;0,00000
;0,64100;0,09827;0,02127;0,00000;0,00000
;0,64150;0,07585;0,02419;0,00000;0,00000
;0,64200;0,01306;0,02712;0,00000;0,00000
;0,64250;0,05278;0,03004;0,00000;0,00000
;0,64300;0,10147;0,03288;0,00000;0,00000
;0,64350;0,01242;0,03565;0,00000;0,00000
;0,64400;0,06367;0,03831;0,00000;0,00000
;0,64450;0,02651;0,04082;0,00000;0,00000
;0,64500;0,11172;0,04314;0,00000;0,00000
;0,64550;0,02010;0,04529;0,00000;0,00000
;0,64600;0,08097;0,04728;0,00000;0,00000
;0,64650;0,05150;0,04912;0,00000;0,00000
;0,64700;0,10019;0,05083;0,00000;0,00000
;0,64750;0,02139;0,05243;0,00000;0,00000
;0,64800;0,03997;0,05390;0,00000;0,00000
;0,64850;0,03228;0,05517;0,00000;0,00000
;0,64900;0,11493;0,05621;0,00000;0,00000
;0,64950;0,05086;0,05706;0,00000;0,00000
;0,65000;0,08610;0,05782;0,00000;0,00000
;0,65050;0,07585;0,05853;0,00000;0,00000
;0,65100;0,08802;0,05925;0,00000;0,00000
;0,65150;0,06623;0,06001;0,00000;0,00000
;0,65200;0,07841;0,06083;0,00000;0,00000
;0,65250;0,05086;0,06169;0,00000;0,00000
;0,65300;0,09314;0,06257;0,00000;0,00000
;0,65350;0,07713;0,06347;0,00000;0,00000
;0,65400;0,10532;0,06441;0,00000;0,00000
;0,65450;0,05214;0,06541;0,00000;0,00000
;0,65500;0,10532;0,06648;0,00000;0,00000
;0,65550;0,06047;0,06759;0,00000;0,00000
;0,65600;0,07905;0,06873;0,00000;0,00000
;0,65650;0,03036;0,06984;0,00000;0,00000
;0,65700;0,11685;0,07086;0,00000;0,00000
;0,65750;0,04253;0,07178;0,00000;0,00000
;0,65800;0,02010;0,07256;0,00000;0,00000
;0,65850;0,00345;0,07310;0,00000;0,00000
;0,65900;0,08161;0,07328;0,00000;0,00000
;0,65950;0,02459;0,07307;0,00000;0,00000
;0,66000;0,07456;0,07250;0,00000;0,00000
;0,66050;0,02651;0,07163;0,00000;0,00000
;0,66100;0,03612;0,07048;0,00000;0,00000
;0,66150;0,09763;0,06908;0,00000;0,00000
;0,66200;-0,00680;0,06752;0,00000;0,00000
;0,66250;-0,00552;0,06579;0,00000;0,00000
;0,66300;0,04125;0,06383;0,00000;0,00000
;0,66350;0,01114;0,06163;0,00000;0,00000
;0,66400;0,03740;0,05921;0,00000;0,00000
;0,66450;0,02459;0,05661;0,00000;0,00000
;0,66500;0,06367;0,05392;0,00000;0,00000
;0,66550;0,01370;0,05121;0,00000;0,00000
;0,66600;0,01306;0,04855;0,00000;0,00000
;0,66650;0,06559;0,04595;0,00000;0,00000
;0,66700;0,00857;0,04346;0,00000;0,00000
;0,66750;-0,00809;0,04110;0,00000;0,00000
;0,66800;-0,04076;0,03881;0,00000;0,00000
;0,66850;0,02075;0,03648;0,00000;0,00000
;0,66900;0,02010;0,03407;0,00000;0,00000
;0,66950;0,05662;0,03165;0,00000;0,00000
;0,67000;0,00345;0,02933;0,00000;0,00000
;0,67050;-0,02090;0,02714;0,00000;0,00000
;0,67100;0,00921;0,02505;0,00000;0,00000
;0,67150;0,05534;0,02305;0,00000;0,00000
;0,67200;-0,05614;0,02117;0,00000;0,00000
;0,67250;0,02972;0,01940;0,00000;0,00000
;0,67300;-0,02282;0,01769;0,00000;0,00000
;0,67350;0,05342;0,01605;0,00000;0,00000
;0,67400;0,00088;0,01452;0,00000;0,00000
;0,67450;0,06175;0,01317;0,00000;0,00000
;0,67500;0,02395;0,01207;0,00000;0,00000
;0,67550;0,10211;0,01131;0,00000;0,00000
;0,67600;-0,00168;0,01098;0,00000;0,00000
;0,67650;0,06431;0,01109;0,00000;0,00000
;0,67700;0,03356;0,01163;0,00000;0,00000
;0,67750;0,04894;0,01255;0,00000;0,00000
;0,67800;-0,00680;0,01381;0,00000;0,00000
;0,67850;0,07264;0,01530;0,00000;0,00000
;0,67900;0,03997;0,01698;0,00000;0,00000
;0,67950;0,08674;0,01885;0,00000;0,00000
;0,68000;0,01562;0,02090;0,00000;0,00000
;0,68050;0,06559;0,02311;0,00000;0,00000
;0,68100;0,04765;0,02543;0,00000;0,00000
;0,68150;0,13030;0,02785;0,00000;0,00000
;0,68200;-0,00616;0,03040;0,00000;0,00000
;0,68250;0,09763;0,03305;0,00000;0,00000
;0,68300;0,03676;0,03574;0,00000;0,00000
;0,68350;0,06816;0,03844;0,00000;0,00000
;0,68400;0,02075;0,04107;0,00000;0,00000
;0,68450;0,08546;0,04357;0,00000;0,00000
;0,68500;0,05214;0,04592;0,00000;0,00000
;0,68550;0,12198;0,04814;0,00000;0,00000
;0,68600;0,02779;0,05028;0,00000;0,00000
;0,68650;0,10596;0,05235;0,00000;0,00000
;0,68700;0,09122;0,05438;0,00000;0,00000
;0,68750;0,07649;0,05640;0,00000;0,00000
;0,68800;0,09058;0,05844;0,00000;0,00000
;0,68850;0,10788;0,06050;0,00000;0,00000
;0,68900;0,06944;0,06260;0,00000;0,00000
;0,68950;0,10275;0,06474;0,00000;0,00000
;0,69000;0,08097;0,06690;0,00000;0,00000
;0,69050;0,08097;0,06905;0,00000;0,00000
;0,69100;0,08097;0,07117;0,00000;0,00000
;0,69150;0,13863;0,07322;0,00000;0,00000
;0,69200;0,04125;0,07523;0,00000;0,00000
;0,69250;0,09571;0,07716;0,00000;0,00000
;0,69300;0,09122;0,07899;0,00000;0,00000
;0,69350;0,13351;0,08069;0,00000;0,00000
;0,69400;0,10340;0,08233;0,00000;0,00000
;0,69450;0,11301;0,08397;0,00000;0,00000
;0,69500;0,13415;0,08564;0,00000;0,00000
;0,69550;0,14953;0,08740;0,00000;0,00000
;0,69600;0,10532;0,08930;0,00000;0,00000
;0,69650;0,14120;0,09137;0,00000;0,00000
;0,69700;0,09058;0,09357;0,00000;0,00000
;0,69750;0,06688;0,09584;0,00000;0,00000
;0,69800;0,00281;0,09799;0,00000;0,00000
;0,69850;0,08161;0,09981;0,00000;0,00000
;0,69900;0,03869;0,10113;0,00000;0,00000
;0,69950;0,04125;0,10186;0,00000;0,00000
;0,70000;-0,02731;0,10191;0,00000;0,00000
;0,70050;0,01946;0,10117;0,00000;0,00000
;0,70100;-0,03179;0,09954;0,00000;0,00000
;0,70150;-0,00424;0,09696;0,00000;0,00000
;0,70200;-0,01706;0,09342;0,00000;0,00000
;0,70250;0,03804;0,08900;0,00000;0,00000
;0,70300;-0,03243;0,08383;0,00000;0,00000
;0,70350;0,06239;0,07807;0,00000;0,00000
;0,70400;0,00345;0,07190;0,00000;0,00000
;0,70450;0,02203;0,06552;0,00000;0,00000
;0,70500;0,07841;0,05912;0,00000;0,00000
;0,70550;0,03997;0,05292;0,00000;0,00000
;0,70600;0,08738;0,04713;0,00000;0,00000
;0,70650;0,06239;0,04194;0,00000;0,00000
;0,70700;0,11749;0,03750;0,00000;0,00000
;0,70750;0,06431;0,03396;0,00000;0,00000
;0,70800;0,03676;0,03138;0,00000;0,00000
;0,70850;0,07585;0,02970;0,00000;0,00000
;0,70900;0,08097;0,02885;0,00000;0,00000
;0,70950;0,05406;0,02878;0,00000;0,00000
;0,71000;0,01754;0,02940;0,00000;0,00000
;0,71050;-0,01770;0,03050;0,00000;0,00000
;0,71100;0,00665;0,03185;0,00000;0,00000
;0,71150;-0,03371;0,03318;0,00000;0,00000
;0,71200;-0,05742;0,03428;0,00000;0,00000
;0,71250;-0,05806;0,03492;0,00000;0,00000
;0,71300;-0,02923;0,03490;0,00000;0,00000
;0,71350;-0,04012;0,03414;0,00000;0,00000
;0,71400;0,00793;0,03264;0,00000;0,00000
;0,71450;-0,02090;0,03050;0,00000;0,00000
;0,71500;0,04317;0,02787;0,00000;0,00000
;0,71550;0,04317;0,02493;0,00000;0,00000
;0,71600;0,05406;0,02193;0,00000;0,00000
;0,71650;0,03804;0,01909;0,00000;0,00000
;0,71700;0,09314;0,01659;0,00000;0,00000
;0,71750;0,04253;0,01458;0,00000;0,00000
;0,71800;0,04445;0,01318;0,00000;0,00000
;0,71850;0,04701;0,01240;0,00000;0,00000
;0,71900;0,09827;0,01223;0,00000;0,00000
;0,71950;0,02523;0,01269;0,00000;0,00000
;0,72000;0,06752;0,01375;0,00000;0,00000
;0,72050;0,02331;0,01532;0,00000;0,00000
;0,72100;0,04445;0,01730;0,00000;0,00000
;0,72150;0,03548;0,01955;0,00000;0,00000
;0,72200;0,04509;0,02199;0,00000;0,00000
;0,72250;0,00537;0,02451;0,00000;0,00000
;0,72300;-0,01065;0,02697;0,00000;0,00000
;0,72350;-0,02987;0,02921;0,00000;0,00000
;0,72400;0,01562;0,03105;0,00000;0,00000
;0,72450;0,00217;0,03240;0,00000;0,00000
;0,72500;0,06623;0,03326;0,00000;0,00000
;0,72550;0,01690;0,03373;0,00000;0,00000
;0,72600;0,08161;0,03391;0,00000;0,00000
;0,72650;0,08161;0,03395;0,00000;0,00000
;0,72700;0,09891;0,03402;0,00000;0,00000
;0,72750;0,05919;0,03428;0,00000;0,00000
;0,72800;0,08033;0,03483;0,00000;0,00000
;0,72850;0,08417;0,03569;0,00000;0,00000
;0,72900;0,16234;0,03692;0,00000;0,00000
;0,72950;0,09571;0,03864;0,00000;0,00000
;0,73000;0,11236;0,04092;0,00000;0,00000
;0,73050;0,07777;0,04373;0,00000;0,00000
;0,73100;0,07585;0,04699;0,00000;0,00000
;0,73150;0,01434;0,05052;0,00000;0,00000
;0,73200;0,04189;0,05411;0,00000;0,00000
;0,73250;-0,00232;0,05751;0,00000;0,00000
;0,73300;0,05150;0,06053;0,00000;0,00000
;0,73350;0,02907;0,06302;0,00000;0,00000
;0,73400;0,03420;0,06494;0,00000;0,00000
;0,73450;-0,00360;0,06625;0,00000;0,00000
;0,73500;0,04445;0,06690;0,00000;0,00000
;0,73550;-0,03884;0,06687;0,00000;0,00000
;0,73600;0,08738;0,06617;0,00000;0,00000
;0,73650;0,05662;0,06488;0,00000;0,00000
;0,73700;0,06239;0,06320;0,00000;0,00000
;0,73750;0,00281;0,06127;0,00000;0,00000
;0,73800;0,05983;0,05916;0,00000;0,00000
;0,73850;0,03292;0,05693;0,00000;0,00000
;0,73900;0,11108;0,05468;0,00000;0,00000
;0,73950;0,06752;0,05255;0,00000;0,00000
;0,74000;0,04765;0,05068;0,00000;0,00000
;0,74050;0,04894;0,04911;0,00000;0,00000
;0,74100;0,00857;0,04783;0,00000;0,00000
;0,74150;0,04701;0,04674;0,00000;0,00000
;0,74200;-0,00232;0,04579;0,00000;0,00000
;0,74250;0,02843;0,04489;0,00000;0,00000
;0,74300;0,04381;0,04398;0,00000;0,00000
;0,74350;-0,00680;0,04304;0,00000;0,00000
;0,74400;-0,00104;0,04204;0,00000;0,00000
;0,74450;-0,00168;0,04090;0,00000;0,00000
;0,74500;-0,00360;0,03955;0,00000;0,00000
;0,74550;-0,02090;0,03797;0,00000;0,00000
;0,74600;-0,02282;0,03611;0,00000;0,00000
;0,74650;-0,00360;0,03394;0,00000;0,00000
;0,74700;0,07713;0,03152;0,00000;0,00000
;0,74750;-0,01834;0,02898;0,00000;0,00000
;0,74800;-0,01577;0,02642;0,00000;0,00000
;0,74850;0,03228;0,02387;0,00000;0,00000
;0,74900;0,01690;0,02137;0,00000;0,00000
;0,74950;0,02267;0,01900;0,00000;0,00000
;0,75000;0,01370;0,01683;0,00000;0,00000
;0,75050;0,08161;0,01492;0,00000;0,00000
;0,75100;-0,02026;0,01336;0,00000;0,00000
;0,75150;0,04765;0,01216;0,00000;0,00000
;0,75200;-0,02795;0,01129;0,00000;0,00000
;0,75250;0,00409;0,01069;0,00000;0,00000
;0,75300;-0,03564;0,01024;0,00000;0,00000
;0,75350;0,00985;0,00984;0,00000;0,00000
;0,75400;-0,04140;0,00941;0,00000;0,00000
;0,75450;0,02267;0,00890;0,00000;0,00000
;0,75500;0,00473;0,00831;0,00000;0,00000
;0,75550;0,02651;0,00768;0,00000;0,00000
;0,75600;-0,02795;0,00706;0,00000;0,00000
;0,75650;0,03420;0,00647;0,00000;0,00000
;0,75700;0,01242;0,00591;0,00000;0,00000
;0,75750;0,03804;0,00546;0,00000;0,00000
;0,75800;-0,02474;0,00514;0,00000;0,00000
;0,75850;0,04894;0,00496;0,00000;0,00000
;0,75900;0,04509;0,00494;0,00000;0,00000
;0,75950;0,06111;0,00515;0,00000;0,00000
;0,76000;0,05727;0,00568;0,00000;0,00000
;0,76050;0,07008;0,00660;0,00000;0,00000
;0,76100;0,05086;0,00795;0,00000;0,00000
;0,76150;0,07905;0,00975;0,00000;0,00000
;0,76200;-0,01770;0,01194;0,00000;0,00000
;0,76250;0,10660;0,01444;0,00000;0,00000
;0,76300;0,08482;0,01719;0,00000;0,00000
;0,76350;0,07649;0,02022;0,00000;0,00000
;0,76400;0,02651;0,02352;0,00000;0,00000
;0,76450;0,06623;0,02700;0,00000;0,00000
;0,76500;0,01434;0,03052;0,00000;0,00000
;0,76550;0,04894;0,03398;0,00000;0,00000
;0,76600;0,03612;0,03724;0,00000;0,00000
;0,76650;0,05150;0,04025;0,00000;0,00000
;0,76700;0,02331;0,04294;0,00000;0,00000
;0,76750;0,08802;0,04531;0,00000;0,00000
;0,76800;-0,00296;0,04735;0,00000;0,00000
;0,76850;0,07905;0,04905;0,00000;0,00000
;0,76900;0,04830;0,05043;0,00000;0,00000
;0,76950;0,10147;0,05155;0,00000;0,00000
;0,77000;0,04637;0,05251;0,00000;0,00000
;0,77050;0,08417;0,05336;0,00000;0,00000
;0,77100;0,06688;0,05417;0,00000;0,00000
;0,77150;0,06816;0,05496;0,00000;0,00000
;0,77200;-0,05550;0,05571;0,00000;0,00000
;0,77250;0,08289;0,05628;0,00000;0,00000
;0,77300;0,05278;0,05661;0,00000;0,00000
;0,77350;0,09955;0,05674;0,00000;0,00000
;0,77400;0,01049;0,05676;0,00000;0,00000
;0,77450;0,10660;0,05672;0,00000;0,00000
;0,77500;0,04509;0,05664;0,00000;0,00000
;0,77550;0,05214;0,05658;0,00000;0,00000
;0,77600;0,02395;0,05651;0,00000;0,00000
;0,77650;0,06047;0,05639;0,00000;0,00000
;0,77700;0,02139;0,05620;0,00000;0,00000
;0,77750;0,03292;0,05588;0,00000;0,00000
;0,77800;-0,01641;0,05540;0,00000;0,00000
;0,77850;0,05983;0,05468;0,00000;0,00000
;0,77900;0,06239;0,05373;0,00000;0,00000
;0,77950;0,08289;0,05265;0,00000;0,00000
;0,78000;0,02587;0,05157;0,00000;0,00000
;0,78050;0,04765;0,05053;0,00000;0,00000
;0,78100;0,03356;0,04954;0,00000;0,00000
;0,78150;0,06495;0,04861;0,00000;0,00000
;0,78200;0,00024;0,04772;0,00000;0,00000
;0,78250;0,03484;0,04687;0,00000;0,00000
;0,78300;0,01690;0,04599;0,00000;0,00000
;0,78350;0,03676;0,04506;0,00000;0,00000
;0,78400;0,00601;0,04406;0,00000;0,00000
;0,78450;0,01178;0,04297;0,00000;0,00000
;0,78500;0,02459;0,04177;0,00000;0,00000
;0,78550;0,00217;0,04043;0,00000;0,00000
;0,78600;-0,01641;0,03896;0,00000;0,00000
;0,78650;-0,01641;0,03729;0,00000;0,00000
;0,78700;0,00152;0,03540;0,00000;0,00000
;0,78750;-0,00809;0,03326;0,00000;0,00000
;0,78800;-0,05293;0,03089;0,00000;0,00000
;0,78850;0,02587;0,02827;0,00000;0,00000
;0,78900;0,03420;0,02547;0,00000;0,00000
;0,78950;-0,02603;0,02260;0,00000;0,00000
;0,79000;0,02203;0,01975;0,00000;0,00000
;0,79050;0,00857;0,01698;0,00000;0,00000
;0,79100;0,08289;0,01439;0,00000;0,00000
;0,79150;-0,07344;0,01208;0,00000;0,00000
;0,79200;0,02203;0,01005;0,00000;0,00000
;0,79250;0,00729;0,00825;0,00000;0,00000
;0,79300;0,02010;0,00667;0,00000;0,00000
;0,79350;0,00729;0,00535;0,00000;0,00000
;0,79400;0,08417;0,00432;0,00000;0,00000
;0,79450;0,01114;0,00366;0,00000;0,00000
;0,79500;0,04317;0,00343;0,00000;0,00000
;0,79550;0,00793;0,00361;0,00000;0,00000
;0,79600;0,01754;0,00415;0,00000;0,00000
;0,79650;0,00793;0,00497;0,00000;0,00000
;0,79700;0,06495;0,00600;0,00000;0,00000
;0,79750;-0,01001;0,00723;0,00000;0,00000
;0,79800;-0,00168;0,00859;0,00000;0,00000
;0,79850;-0,01129;0,00997;0,00000;0,00000
;0,79900;0,04701;0,01128;0,00000;0,00000
;0,79950;-0,01770;0,01248;0,00000;0,00000
;0,80000;0,05278;0,01357;0,00000;0,00000
;0,80050;-0,00232;0,01455;0,00000;0,00000
;0,80100;0,03804;0,01543;0,00000;0,00000
;0,80150;0,07328;0,01624;0,00000;0,00000
;0,80200;0,04701;0,01709;0,00000;0,00000
;0,80250;0,01306;0,01803;0,00000;0,00000
;0,80300;0,03997;0,01906;0,00000;0,00000
;0,80350;0,01049;0,02016;0,00000;0,00000
;0,80400;0,09891;0,02129;0,00000;0,00000
;0,80450;0,02907;0,02249;0,00000;0,00000
;0,80500;0,10852;0,02384;0,00000;0,00000
;0,80550;0,04317;0,02539;0,00000;0,00000
;0,80600;0,09699;0,02718;0,00000;0,00000
;0,80650;0,04509;0,02922;0,00000;0,00000
;0,80700;0,10980;0,03150;0,00000;0,00000
;0,80750;0,01434;0,03401;0,00000;0,00000
;0,80800;0,06880;0,03666;0,00000;0,00000
;0,80850;0,03228;0,03936;0,00000;0,00000
;0,80900;0,06239;0,04200;0,00000;0,00000
;0,80950;0,01114;0,04451;0,00000;0,00000
;0,81000;0,04573;0,04679;0,00000;0,00000
;0,81050;0,01946;0,04877;0,00000;0,00000
;0,81100;0,07200;0,05039;0,00000;0,00000
;0,81150;0,05086;0,05168;0,00000;0,00000
;0,81200;0,03869;0,05268;0,00000;0,00000
;0,81250;0,03100;0,05341;0,00000;0,00000
;0,81300;0,05470;0,05385;0,00000;0,00000
;0,81350;0,03420;0,05404;0,00000;0,00000
;0,81400;0,06367;0,05399;0,00000;0,00000
;0,81450;0,04125;0,05377;0,00000;0,00000
;0,81500;0,08482;0,05342;0,00000;0,00000
;0,81550;0,03100;0,05301;0,00000;0,00000
;0,81600;0,05662;0,05259;0,00000;0,00000
;0,81650;-0,00360;0,05214;0,00000;0,00000
;0,81700;0,07200;0,05162;0,00000;0,00000
;0,81750;-0,00360;0,05102;0,00000;0,00000
;0,81800;0,00921;0,05029;0,00000;0,00000
;0,81850;-0,01129;0,04936;0,00000;0,00000
;0,81900;0,02972;0,04818;0,00000;0,00000
;0,81950;-0,00232;0,04671;0,00000;0,00000
;0,82000;0,02459;0,04499;0,00000;0,00000
;0,82050;-0,00296;0,04303;0,00000;0,00000
;0,82100;-0,01577;0,04086;0,00000;0,00000
;0,82150;0,06175;0,03851;0,00000;0,00000
;0,82200;-0,00488;0,03603;0,00000;0,00000
;0,82250;0,00473;0,03352;0,00000;0,00000
;0,82300;0,02075;0,03100;0,00000;0,00000
;0,82350;-0,00616;0,02851;0,00000;0,00000
;0,82400;-0,00744;0,02606;0,00000;0,00000
;0,82450;-0,01385;0,02364;0,00000;0,00000
;0,82500;0,03804;0,02124;0,00000;0,00000
;0,82550;0,00152;0,01892;0,00000;0,00000
;0,82600;0,00345;0,01673;0,00000;0,00000
;0,82650;-0,00168;0,01469;0,00000;0,00000
;0,82700;0,06303;0,01282;0,00000;0,00000
;0,82750;0,02907;0,01120;0,00000;0,00000
;0,82800;-0,02795;0,00990;0,00000;0,00000
;0,82850;-0,01001;0,00886;0,00000;0,00000
;0,82900;-0,01129;0,00800;0,00000;0,00000
;0,82950;-0,01001;0,00723;0,00000;0,00000
;0,83000;-0,00488;0,00651;0,00000;0,00000
;0,83050;0,02139;0,00580;0,00000;0,00000
;0,83100;-0,05293;0,00512;0,00000;0,00000
;0,83150;0,06047;0,00444;0,00000;0,00000
;0,83200;-0,02026;0,00380;0,00000;0,00000
;0,83250;-0,01257;0,00321;0,00000;0,00000
;0,83300;-0,00937;0,00266;0,00000;0,00000
;0,83350;-0,01065;0,00211;0,00000;0,00000
;0,83400;0,01434;0,00155;0,00000;0,00000
;0,83450;0,04445;0,00102;0,00000;0,00000
;0,83500;0,04317;0,00061;0,00000;0,00000
;0,83550;0,04958;0,00045;0,00000;0,00000
;0,83600;-0,01706;0,00060;0,00000;0,00000
;0,83650;0,04381;0,00105;0,00000;0,00000
;0,83700;0,02587;0,00175;0,00000;0,00000
;0,83750;0,01178;0,00270;0,00000;0,00000
;0,83800;-0,01898;0,00382;0,00000;0,00000
;0,83850;0,06752;0,00506;0,00000;0,00000
;0,83900;0,01306;0,00637;0,00000;0,00000
;0,83950;0,02331;0,00778;0,00000;0,00000
;0,84000;0,03292;0,00925;0,00000;0,00000
;0,84050;0,03804;0,01077;0,00000;0,00000
;0,84100;-0,01257;0,01232;0,00000;0,00000
;0,84150;0,08610;0,01388;0,00000;0,00000
;0,84200;-0,04140;0,01541;0,00000;0,00000
;0,84250;0,06559;0,01690;0,00000;0,00000
;0,84300;-0,00296;0,01830;0,00000;0,00000
;0,84350;0,06111;0,01960;0,00000;0,00000
;0,84400;0,03100;0,02083;0,00000;0,00000
;0,84450;0,08802;0,02203;0,00000;0,00000
;0,84500;0,08033;0,02331;0,00000;0,00000
;0,84550;0,10852;0,02477;0,00000;0,00000
;0,84600;0,01370;0,02650;0,00000;0,00000
;0,84650;0,06880;0,02849;0,00000;0,00000
;0,84700;0,03933;0,03066;0,00000;0,00000
;0,84750;0,05727;0,03293;0,00000;0,00000
;0,84800;-0,01706;0,03521;0,00000;0,00000
;0,84850;0,07328;0,03740;0,00000;0,00000
;0,84900;0,01114;0,03939;0,00000;0,00000
;0,84950;0,07264;0,04116;0,00000;0,00000
;0,85000;0,03869;0,04271;0,00000;0,00000
;0,85050;0,03804;0,04406;0,00000;0,00000
;0,85100;0,01049;0,04518;0,00000;0,00000
;0,85150;0,10468;0,04607;0,00000;0,00000
;0,85200;0,03869;0,04677;0,00000;0,00000
;0,85250;0,04701;0,04735;0,00000;0,00000
;0,85300;0,01434;0,04782;0,00000;0,00000
;0,85350;0,05022;0,04814;0,00000;0,00000
;0,85400;0,06431;0,04831;0,00000;0,00000
;0,85450;0,09443;0,04839;0,00000;0,00000
;0,85500;0,04765;0,04848;0,00000;0,00000
;0,85550;0,10275;0,04866;0,00000;0,00000
;0,85600;0,02459;0,04897;0,00000;0,00000
;0,85650;0,04317;0,04939;0,00000;0,00000
;0,85700;0,05086;0,04987;0,00000;0,00000
;0,85750;0,01946;0,05034;0,00000;0,00000
;0,85800;-0,01962;0,05071;0,00000;0,00000
;0,85850;0,04061;0,05086;0,00000;0,00000
;0,85900;0,00985;0,05072;0,00000;0,00000
;0,85950;-0,00232;0,05025;0,00000;0,00000
;0,86000;-0,00680;0,04942;0,00000;0,00000
;0,86050;-0,00232;0,04819;0,00000;0,00000
;0,86100;-0,01129;0,04653;0,00000;0,00000
;0,86150;0,08033;0,04449;0,00000;0,00000
;0,86200;-0,04012;0,04218;0,00000;0,00000
;0,86250;0,02203;0,03967;0,00000;0,00000
;0,86300;-0,04332;0,03698;0,00000;0,00000
;0,86350;-0,00680;0,03411;0,00000;0,00000
;0,86400;-0,01834;0,03103;0,00000;0,00000
;0,86450;0,03292;0,02780;0,00000;0,00000
;0,86500;-0,00232;0,02451;0,00000;0,00000
;0,86550;0,03997;0,02127;0,00000;0,00000
;0,86600;-0,01065;0,01819;0,00000;0,00000
;0,86650;0,01818;0,01533;0,00000;0,00000
;0,86700;0,00281;0,01272;0,00000;0,00000
;0,86750;-0,02859;0,01038;0,00000;0,00000
;0,86800;-0,00488;0,00825;0,00000;0,00000
;0,86850;0,01242;0,00632;0,00000;0,00000
;0,86900;0,05022;0,00460;0,00000;0,00000
;0,86950;-0,08753;0,00312;0,00000;0,00000
;0,87000;0,00024;0,00184;0,00000;0,00000
;0,87050;-0,04076;0,00064;0,00000;0,00000
;0,87100;-0,00296;-0,00055;0,00000;0,00000
;0,87150;0,01049;-0,00172;0,00000;0,00000
;0,87200;-0,01193;-0,00284;0,00000;0,00000
;0,87250;-0,01257;-0,00389;0,00000;0,00000
;0,87300;-0,00488;-0,00484;0,00000;0,00000
;0,87350;-0,01129;-0,00570;0,00000;0,00000
;0,87400;0,05727;-0,00645;0,00000;0,00000
;0,87450;0,03484;-0,00699;0,00000;0,00000
;0,87500;0,08161;-0,00719;0,00000;0,00000
;0,87550;0,03997;-0,00693;0,00000;0,00000
;0,87600;0,08033;-0,00611;0,00000;0,00000
;0,87650;0,00537;-0,00471;0,00000;0,00000
;0,87700;0,09763;-0,00277;0,00000;0,00000
;0,87750;0,01882;-0,00033;0,00000;0,00000
;0,87800;0,04637;0,00254;0,00000;0,00000
;0,87850;-0,02474;0,00572;0,00000;0,00000
;0,87900;0,01626;0,00901;0,00000;0,00000
;0,87950;-0,02923;0,01221;0,00000;0,00000
;0,88000;0,03356;0,01517;0,00000;0,00000
;0,88050;-0,04204;0,01778;0,00000;0,00000
;0,88100;-0,03756;0,01992;0,00000;0,00000
;0,88150;0,02267;0,02150;0,00000;0,00000
;0,88200;0,05214;0,02251;0,00000;0,00000
;0,88250;0,02010;0,02308;0,00000;0,00000
;0,88300;0,01434;0,02333;0,00000;0,00000
;0,88350;-0,04268;0,02331;0,00000;0,00000
;0,88400;0,03933;0,02300;0,00000;0,00000
;0,88450;0,00473;0,02242;0,00000;0,00000
;0,88500;0,05406;0,02166;0,00000;0,00000
;0,88550;0,04445;0,02082;0,00000;0,00000
;0,88600;0,07328;0,02005;0,00000;0,00000
;0,88650;0,01498;0,01948;0,00000;0,00000
;0,88700;0,08353;0,01916;0,00000;0,00000
;0,88750;0,02331;0,01915;0,00000;0,00000
;0,88800;0,07969;0,01947;0,00000;0,00000
;0,88850;0,03804;0,02013;0,00000;0,00000
;0,88900;0,05470;0,02113;0,00000;0,00000
;0,88950;-0,01706;0,02241;0,00000;0,00000
;0,89000;0,05791;0,02384;0,00000;0,00000
;0,89050;0,00665;0,02534;0,00000;0,00000
;0,89100;0,01049;0,02681;0,00000;0,00000
;0,89150;0,05150;0,02817;0,00000;0,00000
;0,89200;0,03869;0,02942;0,00000;0,00000
;0,89250;0,05470;0,03056;0,00000;0,00000
;0,89300;0,07200;0,03164;0,00000;0,00000
;0,89350;-0,00104;0,03271;0,00000;0,00000
;0,89400;0,02779;0,03374;0,00000;0,00000
;0,89450;-0,00232;0,03465;0,00000;0,00000
;0,89500;0,03612;0,03537;0,00000;0,00000
;0,89550;0,06816;0,03588;0,00000;0,00000
;0,89600;0,06495;0,03625;0,00000;0,00000
;0,89650;0,00281;0,03657;0,00000;0,00000
;0,89700;0,04830;0,03685;0,00000;0,00000
;0,89750;0,01626;0,03707;0,00000;0,00000
;0,89800;-0,01129;0,03718;0,00000;0,00000
;0,89850;0,01818;0,03712;0,00000;0,00000
;0,89900;0,02395;0,03685;0,00000;0,00000
;0,89950;0,03292;0,03636;0,00000;0,00000
;0,90000;0,03100;0,03571;0,00000;0,00000
;0,90050;-0,02026;0,03493;0,00000;0,00000
;0,90100;-0,03179;0,03398;0,00000;0,00000
;0,90150;-0,00552;0,03278;0,00000;0,00000
;0,90200;-0,01385;0,03128;0,00000;0,00000
;0,90250;0,02203;0,02948;0,00000;0,00000
;0,90300;-0,01129;0,02745;0,00000;0,00000
;0,90350;-0,02026;0,02524;0,00000;0,00000
;0,90400;-0,01257;0,02286;0,00000;0,00000
;0,90450;0,00024;0,02034;0,00000;0,00000
;0,90500;0,02459;0,01774;0,00000;0,00000
;0,90550;0,02267;0,01515;0,00000;0,00000
;0,90600;-0,01449;0,01269;0,00000;0,00000
;0,90650;0,00857;0,01041;0,00000;0,00000
;0,90700;0,03804;0,00832;0,00000;0,00000
;0,90750;0,05534;0,00651;0,00000;0,00000
;0,90800;0,03100;0,00509;0,00000;0,00000
;0,90850;0,02843;0,00413;0,00000;0,00000
;0,90900;0,01049;0,00364;0,00000;0,00000
;0,90950;0,01370;0,00356;0,00000;0,00000
;0,91000;0,05342;0,00383;0,00000;0,00000
;0,91050;0,07649;0,00447;0,00000;0,00000
;0,91100;0,02203;0,00550;0,00000;0,00000
;0,91150;0,16811;0,00697;0,00000;0,00000
;0,91200;0,15657;0,00903;0,00000;0,00000
;0,91250;0,22833;0,01190;0,00000;0,00000
;0,91300;0,24179;0,01586;0,00000;0,00000
;0,91350;0,24883;0,02116;0,00000;0,00000
;0,91400;0,25396;0,02797;0,00000;0,00000
;0,91450;0,29560;0,03636;0,00000;0,00000
;0,91500;0,30842;0,04636;0,00000;0,00000
;0,91550;0,41029;0,05801;0,00000;0,00000
;0,91600;0,39747;0,07138;0,00000;0,00000
;0,91650;0,40644;0,08653;0,00000;0,00000
;0,91700;0,43912;0,10344;0,00000;0,00000
;0,91750;0,57623;0,12206;0,00000;0,00000
;0,91800;0,58648;0,14245;0,00000;0,00000
;0,91850;0,64799;0,16473;0,00000;0,00000
;0,91900;0,67810;0,18900;0,00000;0,00000
;0,91950;0,79022;0,21534;0,00000;0,00000
;0,92000;0,79406;0,24384;0,00000;0,00000
;0,92050;0,90298;0,27458;0,00000;0,00000
;0,92100;0,93886;0,30763;0,00000;0,00000
;0,92150;1,16054;0,34311;0,00000;0,00000
;0,92200;1,15093;0,38127;0,00000;0,00000
;0,92250;1,27266;0,42236;0,00000;0,00000
;0,92300;1,37774;0,46660;0,00000;0,00000
;0,92350;1,42002;0,51418;0,00000;0,00000
;0,92400;1,44052;0,56516;0,00000;0,00000
;0,92450;1,51805;0,61945;0,00000;0,00000
;0,92500;1,57507;0,67684;0,00000;0,00000
;0,92550;1,70129;0,73706;0,00000;0,00000
;0,92600;1,63722;0,79987;0,00000;0,00000
;0,92650;1,67310;0,86486;0,00000;0,00000
;0,92700;1,71218;0,93148;0,00000;0,00000
;0,92750;1,73653;0,99911;0,00000;0,00000
;0,92800;1,73845;1,06713;0,00000;0,00000
;0,92850;1,76600;1,13490;0,00000;0,00000
;0,92900;1,74293;1,20179;0,00000;0,00000
;0,92950;1,82238;1,26716;0,00000;0,00000
;0,93000;1,76984;1,33048;0,00000;0,00000
;0,93050;1,87556;1,39129;0,00000;0,00000
;0,93100;1,83327;1,44923;0,00000;0,00000
;0,93150;2,02099;1,50411;0,00000;0,00000
;0,93200;2,01074;1,55594;0,00000;0,00000
;0,93250;2,10300;1,60493;0,00000;0,00000
;0,93300;2,09852;1,65136;0,00000;0,00000
;0,93350;2,18373;1,69552;0,00000;0,00000
;0,93400;2,22217;1,73775;0,00000;0,00000
;0,93450;2,29329;1,77838;0,00000;0,00000
;0,93500;2,37850;1,81781;0,00000;0,00000
;0,93550;2,55213;1,85653;0,00000;0,00000
;0,93600;2,55341;1,89515;0,00000;0,00000
;0,93650;2,60018;1,93426;0,00000;0,00000
;0,93700;2,76676;1,97436;0,00000;0,00000
;0,93750;2,86415;2,01592;0,00000;0,00000
;0,93800;2,87312;2,05947;0,00000;0,00000
;0,93850;2,86735;2,10534;0,00000;0,00000
;0,93900;2,78342;2,15356;0,00000;0,00000
;0,93950;2,82699;2,20379;0,00000;0,00000
;0,94000;2,79111;2,25546;0,00000;0,00000
;0,94050;2,75715;2,30791;0,00000;0,00000
;0,94100;2,74818;2,36034;0,00000;0,00000
;0,94150;2,77829;2,41198;0,00000;0,00000
;0,94200;2,76100;2,46209;0,00000;0,00000
;0,94250;2,75651;2,51006;0,00000;0,00000
;0,94300;2,80328;2,55538;0,00000;0,00000
;0,94350;2,78790;2,59766;0,00000;0,00000
;0,94400;2,80777;2,63664;0,00000;0,00000
;0,94450;2,85261;2,67220;0,00000;0,00000
;0,94500;3,01727;2,70440;0,00000;0,00000
;0,94550;3,20436;2,73367;0,00000;0,00000
;0,94600;3,41707;2,76087;0,00000;0,00000
;0,94650;3,59069;2,78729;0,00000;0,00000
;0,94700;3,63618;2,81439;0,00000;0,00000
;0,94750;3,68808;2,84348;0,00000;0,00000
;0,94800;3,81494;2,87562;0,00000;0,00000
;0,94850;3,74895;2,91153;0,00000;0,00000
;0,94900;3,80789;2,95162;0,00000;0,00000
;0,94950;3,76753;2,99589;0,00000;0,00000
;0,95000;3,75471;3,04403;0,00000;0,00000
;0,95050;3,76817;3,09543;0,00000;0,00000
;0,95100;3,70730;3,14934;0,00000;0,00000
;0,95150;3,63554;3,20480;0,00000;0,00000
;0,95200;3,70858;3,26075;0,00000;0,00000
;0,95250;3,63875;3,31616;0,00000;0,00000
;0,95300;3,69449;3,37010;0,00000;0,00000
;0,95350;3,65092;3,42178;0,00000;0,00000
;0,95400;3,68295;3,47052;0,00000;0,00000
;0,95450;3,80917;3,51587;0,00000;0,00000
;0,95500;4,13464;3,55778;0,00000;0,00000
;0,95550;4,43064;3,59692;0,00000;0,00000
;0,95600;4,69141;3,63472;0,00000;0,00000
;0,95650;4,75163;3,67298;0,00000;0,00000
;0,95700;4,88874;3,71347;0,00000;0,00000
;0,95750;4,95922;3,75762;0,00000;0,00000
;0,95800;5,13413;3,80657;0,00000;0,00000
;0,95850;5,07967;3,86109;0,00000;0,00000
;0,95900;5,08608;3,92156;0,00000;0,00000
;0,95950;4,97203;3,98775;0,00000;0,00000
;0,96000;4,88618;4,05886;0,00000;0,00000
;0,96050;4,73305;4,13356;0,00000;0,00000
;0,96100;4,64976;4,21008;0,00000;0,00000
;0,96150;4,58249;4,28647;0,00000;0,00000
;0,96200;4,58377;4,36078;0,00000;0,00000
;0,96250;4,45691;4,43128;0,00000;0,00000
;0,96300;4,55366;4,49646;0,00000;0,00000
;0,96350;4,56647;4,55518;0,00000;0,00000
;0,96400;4,78879;4,60688;0,00000;0,00000
;0,96450;4,97331;4,65166;0,00000;0,00000
;0,96500;5,22575;4,69032;0,00000;0,00000
;0,96550;5,47370;4,72436;0,00000;0,00000
;0,96600;5,64860;4,75567;0,00000;0,00000
;0,96650;5,75112;4,78634;0,00000;0,00000
;0,96700;5,93692;4,81836;0,00000;0,00000
;0,96750;5,93371;4,85342;0,00000;0,00000
;0,96800;5,91385;4,89280;0,00000;0,00000
;0,96850;5,69473;4,93707;0,00000;0,00000
;0,96900;5,60824;4,98599;0,00000;0,00000
;0,96950;5,47882;5,03855;0,00000;0,00000
;0,97000;5,45576;5,09335;0,00000;0,00000
;0,97050;5,58966;5,14892;0,00000;0,00000
;0,97100;5,83120;5,20413;0,00000;0,00000
;0,97150;6,03302;5,25856;0,00000;0,00000
;0,97200;6,06762;5,31236;0,00000;0,00000
;0,97250;5,99522;5,36585;0,00000;0,00000
;0,97300;6,22267;5,41925;0,00000;0,00000
;0,97350;6,32966;5,47278;0,00000;0,00000
;0,97400;6,51226;5,52688;0,00000;0,00000
;0,97450;6,57761;5,58216;0,00000;0,00000
;0,97500;6,66346;5,63923;0,00000;0,00000
;0,97550;6,68525;5,69853;0,00000;0,00000
;0,97600;6,66154;5,76025;0,00000;0,00000
;0,97650;6,60260;5,82424;0,00000;0,00000
;0,97700;6,69550;5,89002;0,00000;0,00000
;0,97750;6,68333;5,95699;0,00000;0,00000
;0,97800;6,72049;6,02452;0,00000;0,00000
;0,97850;6,71280;6,09196;0,00000;0,00000
;0,97900;6,77815;6,15870;0,00000;0,00000
;0,97950;6,85503;6,22419;0,00000;0,00000
;0,98000;6,92359;6,28809;0,00000;0,00000
;0,98050;7,05108;6,35025;0,00000;0,00000
;0,98100;7,06582;6,41071;0,00000;0,00000
;0,98150;7,13822;6,46961;0,00000;0,00000
;0,98200;7,29967;6,52714;0,00000;0,00000
;0,98250;7,30480;6,58361;0,00000;0,00000
;0,98300;7,44575;6,63939;0,00000;0,00000
;0,98350;7,50277;6,69488;0,00000;0,00000
;0,98400;7,34901;6,75036;0,00000;0,00000
;0,98450;7,41820;6,80585;0,00000;0,00000
;0,98500;7,59888;6,86115;0,00000;0,00000
;0,98550;7,81607;6,91627;0,00000;0,00000
;0,98600;7,87566;6,97161;0,00000;0,00000
;0,98650;7,84298;7,02768;0,00000;0,00000
;0,98700;7,67832;7,08466;0,00000;0,00000
;0,98750;7,70716;7,14228;0,00000;0,00000
;0,98800;7,70395;7,19992;0,00000;0,00000
;0,98850;7,68153;7,25689;0,00000;0,00000
;0,98900;7,53032;7,31245;0,00000;0,00000
;0,98950;7,54186;7,36571;0,00000;0,00000
;0,99000;7,45152;7,41572;0,00000;0,00000
;0,99050;7,46818;7,46159;0,00000;0,00000
;0,99100;7,55595;7,50264;0,00000;0,00000
;0,99150;7,71741;7,53860;0,00000;0,00000
;0,99200;7,78916;7,56969;0,00000;0,00000
;0,99250;7,72061;7,59649;0,00000;0,00000
;0,99300;7,77507;7,61957;0,00000;0,00000
;0,99350;7,91987;7,63953;0,00000;0,00000
;0,99400;8,04608;7,65711;0,00000;0,00000
;0,99450;7,94998;7,67322;0,00000;0,00000
;0,99500;7,71164;7,68855;0,00000;0,00000
;0,99550;7,63988;7,70315;0,00000;0,00000
;0,99600;7,47779;7,71658;0,00000;0,00000
;0,99650;7,45857;7,72809;0,00000;0,00000
;0,99700;7,38617;7,73692;0,00000;0,00000
;0,99750;7,46625;7,74241;0,00000;0,00000
;0,99800;7,45536;7,74422;0,00000;0,00000
;0,99850;7,51367;7,74231;0,00000;0,00000
;0,99900;7,55083;7,73693;0,00000;0,00000
;0,99950;7,79557;7,72862;0,00000;0,00000
;1,00000;7,88463;7,71835;0,00000;0,00000
;1,00050;8,03647;7,70744;0,00000;0,00000
;1,00100;7,93973;7,69727;0,00000;0,00000
;1,00150;7,92115;7,68894;0,00000;0,00000
;1,00200;7,91218;7,68315;0,00000;0,00000
;1,00250;7,91346;7,68023;0,00000;0,00000
;1,00300;7,86669;7,68028;0,00000;0,00000
;1,00350;7,81671;7,68318;0,00000;0,00000
;1,00400;7,61490;7,68851;0,00000;0,00000
;1,00450;7,59055;7,69549;0,00000;0,00000
;1,00500;7,57069;7,70316;0,00000;0,00000
;1,00550;7,78276;7,71071;0,00000;0,00000
;1,00600;7,77123;7,71776;0,00000;0,00000
;1,00650;7,89168;7,72432;0,00000;0,00000
;1,00700;7,84875;7,73059;0,00000;0,00000
;1,00750;7,96984;7,73687;0,00000;0,00000
;1,00800;8,03391;7,74351;0,00000;0,00000
;1,00850;8,05121;7,75097;0,00000;0,00000
;1,00900;7,95895;7,75963;0,00000;0,00000
;1,00950;7,97753;7,76962;0,00000;0,00000
;1,01000;7,87822;7,78085;0,00000;0,00000
;1,01050;7,99931;7,79305;0,00000;0,00000
;1,01100;7,91410;7,80597;0,00000;0,00000
;1,01150;8,00380;7,81936;0,00000;0,00000
;1,01200;7,99291;7,83305;0,00000;0,00000
;1,01250;7,98458;7,84692;0,00000;0,00000
;1,01300;8,02302;7,86084;0,00000;0,00000
;1,01350;8,11912;7,87476;0,00000;0,00000
;1,01400;8,10439;7,88874;0,00000;0,00000
;1,01450;8,19601;7,90293;0,00000;0,00000
;1,01500;8,16333;7,91753;0,00000;0,00000
;1,01550;8,12169;7,93264;0,00000;0,00000
;1,01600;8,15308;7,94824;0,00000;0,00000
;1,01650;8,21266;7,96423;0,00000;0,00000
;1,01700;8,15949;7,98055;0,00000;0,00000
;1,01750;8,17358;7,99712;0,00000;0,00000
;1,01800;8,06146;8,01373;0,00000;0,00000
;1,01850;8,01469;8,03001;0,00000;0,00000
;1,01900;8,03968;8,04549;0,00000;0,00000
;1,01950;8,09670;8,05972;0,00000;0,00000
;1,02000;8,07299;8,07247;0,00000;0,00000
;1,02050;8,08709;8,08365;0,00000;0,00000
;1,02100;8,08645;8,09322;0,00000;0,00000
;1,02150;8,11207;8,10121;0,00000;0,00000
;1,02200;8,12873;8,10773;0,00000;0,00000
;1,02250;8,04544;8,11290;0,00000;0,00000
;1,02300;8,04224;8,11678;0,00000;0,00000
;1,02350;7,96407;8,11932;0,00000;0,00000
;1,02400;7,95895;8,12039;0,00000;0,00000
;1,02450;8,00444;8,11987;0,00000;0,00000
;1,02500;8,10631;8,11779;0,00000;0,00000
;1,02550;8,20498;8,11447;0,00000;0,00000
;1,02600;8,31902;8,11052;0,00000;0,00000
;1,02650;8,33375;8,10675;0,00000;0,00000
;1,02700;8,37476;8,10395;0,00000;0,00000
;1,02750;8,42281;8,10283;0,00000;0,00000
;1,02800;8,49969;8,10399;0,00000;0,00000
;1,02850;8,41000;8,10789;0,00000;0,00000
;1,02900;8,32799;8,11472;0,00000;0,00000
;1,02950;8,29659;8,12430;0,00000;0,00000
;1,03000;8,23957;8,13611;0,00000;0,00000
;1,03050;8,19536;8,14953;0,00000;0,00000
;1,03100;8,19985;8,16381;0,00000;0,00000
;1,03150;8,14027;8,17825;0,00000;0,00000
;1,03200;8,25687;8,19224;0,00000;0,00000
;1,03250;8,29531;8,20540;0,00000;0,00000
;1,03300;8,35618;8,21762;0,00000;0,00000
;1,03350;8,38437;8,22902;0,00000;0,00000
;1,03400;8,47599;8,23984;0,00000;0,00000
;1,03450;8,41256;8,25039;0,00000;0,00000
;1,03500;8,42153;8,26093;0,00000;0,00000
;1,03550;8,32735;8,27153;0,00000;0,00000
;1,03600;8,38309;8,28212;0,00000;0,00000
;1,03650;8,35682;8,29254;0,00000;0,00000
;1,03700;8,18255;8,30257;0,00000;0,00000
;1,03750;8,04608;8,31175;0,00000;0,00000
;1,03800;7,99675;8,31933;0,00000;0,00000
;1,03850;7,88142;8,32446;0,00000;0,00000
;1,03900;7,93076;8,32634;0,00000;0,00000
;1,03950;7,99611;8,32445;0,00000;0,00000
;1,04000;8,03583;8,31867;0,00000;0,00000
;1,04050;8,05185;8,30926;0,00000;0,00000
;1,04100;8,19857;8,29674;0,00000;0,00000
;1,04150;8,21907;8,28190;0,00000;0,00000
;1,04200;8,36835;8,26571;0,00000;0,00000
;1,04250;8,38565;8,24930;0,00000;0,00000
;1,04300;8,43691;8,23377;0,00000;0,00000
;1,04350;8,39078;8,22008;0,00000;0,00000
;1,04400;8,41576;8,20894;0,00000;0,00000
;1,04450;8,39206;8,20075;0,00000;0,00000
;1,04500;8,39911;8,19573;0,00000;0,00000
;1,04550;8,33632;8,19388;0,00000;0,00000
;1,04600;8,35234;8,19500;0,00000;0,00000
;1,04650;8,31710;8,19875;0,00000;0,00000
;1,04700;8,27994;8,20470;0,00000;0,00000
;1,04750;8,30172;8,21235;0,00000;0,00000
;1,04800;8,33440;8,22122;0,00000;0,00000
;1,04850;8,16653;8,23087;0,00000;0,00000
;1,04900;8,14603;8,24073;0,00000;0,00000
;1,04950;8,13450;8,25013;0,00000;0,00000
;1,05000;8,06530;8,25843;0,00000;0,00000
;1,05050;8,03263;8,26505;0,00000;0,00000
;1,05100;8,01789;8,26947;0,00000;0,00000
;1,05150;8,01149;8,27131;0,00000;0,00000
;1,05200;8,05313;8,27036;0,00000;0,00000
;1,05250;8,03071;8,26660;0,00000;0,00000
;1,05300;8,13386;8,26023;0,00000;0,00000
;1,05350;8,19793;8,25165;0,00000;0,00000
;1,05400;8,24662;8,24150;0,00000;0,00000
;1,05450;8,20562;8,23051;0,00000;0,00000
;1,05500;8,25239;8,21933;0,00000;0,00000
;1,05550;8,26008;8,20853;0,00000;0,00000
;1,05600;8,26520;8,19858;0,00000;0,00000
;1,05650;8,12617;8,18981;0,00000;0,00000
;1,05700;7,97304;8,18221;0,00000;0,00000
;1,05750;7,83722;8,17534;0,00000;0,00000
;1,05800;7,82376;8,16844;0,00000;0,00000
;1,05850;7,66487;8,16065;0,00000;0,00000
;1,05900;7,65142;8,15115;0,00000;0,00000
;1,05950;7,69562;8,13923;0,00000;0,00000
;1,06000;7,64373;8,12446;0,00000;0,00000
;1,06050;7,72510;8,10670;0,00000;0,00000
;1,06100;7,76354;8,08612;0,00000;0,00000
;1,06150;7,77443;8,06315;0,00000;0,00000
;1,06200;7,86605;8,03840;0,00000;0,00000
;1,06250;7,90065;8,01266;0,00000;0,00000
;1,06300;7,96407;7,98678;0,00000;0,00000
;1,06350;7,97048;7,96167;0,00000;0,00000
;1,06400;7,82953;7,93807;0,00000;0,00000
;1,06450;7,68922;7,91635;0,00000;0,00000
;1,06500;7,53545;7,89636;0,00000;0,00000
;1,06550;7,51431;7,87754;0,00000;0,00000
;1,06600;7,47522;7,85922;0,00000;0,00000
;1,06650;7,48932;7,84081;0,00000;0,00000
;1,06700;7,33748;7,82184;0,00000;0,00000
;1,06750;7,38232;7,80188;0,00000;0,00000
;1,06800;7,33940;7,78059;0,00000;0,00000
;1,06850;7,34132;7,75777;0,00000;0,00000
;1,06900;7,31185;7,73338;0,00000;0,00000
;1,06950;7,37335;7,70751;0,00000;0,00000
;1,07000;7,29327;7,68036;0,00000;0,00000
;1,07050;7,30288;7,65222;0,00000;0,00000
;1,07100;7,21382;7,62330;0,00000;0,00000
;1,07150;7,19012;7,59377;0,00000;0,00000
;1,07200;7,14142;7,56370;0,00000;0,00000
;1,07250;7,06390;7,53312;0,00000;0,00000
;1,07300;7,01072;7,50196;0,00000;0,00000
;1,07350;7,05685;7,47016;0,00000;0,00000
;1,07400;6,95690;7,43770;0,00000;0,00000
;1,07450;6,90757;7,40462;0,00000;0,00000
;1,07500;6,79096;7,37084;0,00000;0,00000
;1,07550;6,79737;7,33620;0,00000;0,00000
;1,07600;6,74163;7,30058;0,00000;0,00000
;1,07650;6,74355;7,26391;0,00000;0,00000
;1,07700;6,53340;7,22617;0,00000;0,00000
;1,07750;6,57761;7,18723;0,00000;0,00000
;1,07800;6,42320;7,14693;0,00000;0,00000
;1,07850;6,35465;7,10507;0,00000;0,00000
;1,07900;6,26623;7,06141;0,00000;0,00000
;1,07950;6,27777;7,01575;0,00000;0,00000
;1,08000;6,18807;6,96800;0,00000;0,00000
;1,08050;6,28994;6,91826;0,00000;0,00000
;1,08100;6,23740;6,86684;0,00000;0,00000
;1,08150;6,11823;6,81418;0,00000;0,00000
;1,08200;6,12144;6,76067;0,00000;0,00000
;1,08250;6,10350;6,70661;0,00000;0,00000
;1,08300;6,04712;6,65235;0,00000;0,00000
;1,08350;6,06762;6,59824;0,00000;0,00000
;1,08400;5,94461;6,54461;0,00000;0,00000
;1,08450;5,89719;6,49170;0,00000;0,00000
;1,08500;5,67808;6,43951;0,00000;0,00000
;1,08550;5,62362;6,38780;0,00000;0,00000
;1,08600;5,52623;6,33614;0,00000;0,00000
;1,08650;5,50060;6,28409;0,00000;0,00000
;1,08700;5,33210;6,23128;0,00000;0,00000
;1,08750;5,38720;6,17738;0,00000;0,00000
;1,08800;5,33082;6,12219;0,00000;0,00000
;1,08850;5,32762;6,06575;0,00000;0,00000
;1,08900;5,19627;6,00819;0,00000;0,00000
;1,08950;5,20204;5,94969;0,00000;0,00000
;1,09000;5,08608;5,89037;0,00000;0,00000
;1,09050;5,06685;5,83038;0,00000;0,00000
;1,09100;4,97652;5,76983;0,00000;0,00000
;1,09150;5,01688;5,70887;0,00000;0,00000
;1,09200;4,91181;5,64771;0,00000;0,00000
;1,09250;4,91757;5,58661;0,00000;0,00000
;1,09300;4,79584;5,52577;0,00000;0,00000
;1,09350;4,78687;5,46538;0,00000;0,00000
;1,09400;4,69910;5,40554;0,00000;0,00000
;1,09450;4,66001;5,34630;0,00000;0,00000
;1,09500;4,62413;5,28773;0,00000;0,00000
;1,09550;4,56775;5,22985;0,00000;0,00000
;1,09600;4,57800;5,17275;0,00000;0,00000
;1,09650;4,55238;5,11656;0,00000;0,00000
;1,09700;4,39092;5,06139;0,00000;0,00000
;1,09750;4,32045;5,00725;0,00000;0,00000
;1,09800;4,16091;4,95388;0,00000;0,00000
;1,09850;4,00843;4,90083;0,00000;0,00000
;1,09900;3,87004;4,84746;0,00000;0,00000
;1,09950;3,72844;4,79302;0,00000;0,00000
;1,10000;3,62145;4,73670;0,00000;0,00000
;1,10050;3,71499;4,67786;0,00000;0,00000
;1,10100;3,75535;4,61628;0,00000;0,00000
;1,10150;3,86812;4,55226;0,00000;0,00000
;1,10200;3,91809;4,48661;0,00000;0,00000
;1,10250;3,93411;4,42042;0,00000;0,00000
;1,10300;3,90848;4,35485;0,00000;0,00000
;1,10350;3,93026;4,29096;0,00000;0,00000
;1,10400;4,01676;4,22969;0,00000;0,00000
;1,10450;3,95845;4,17195;0,00000;0,00000
;1,10500;3,81494;4,11843;0,00000;0,00000
;1,10550;3,61824;4,06933;0,00000;0,00000
;1,10600;3,54841;4,02431;0,00000;0,00000
;1,10650;3,40938;3,98266;0,00000;0,00000
;1,10700;3,28829;3,94346;0,00000;0,00000
;1,10750;3,15246;3,90567;0,00000;0,00000
;1,10800;3,04803;3,86816;0,00000;0,00000
;1,10850;2,97050;3,82985;0,00000;0,00000
;1,10900;2,92565;3,78981;0,00000;0,00000
;1,10950;2,88209;3,74733;0,00000;0,00000
;1,11000;2,99741;3,70207;0,00000;0,00000
;1,11050;2,97242;3,65408;0,00000;0,00000
;1,11100;3,08262;3,60381;0,00000;0,00000
;1,11150;3,02112;3,55200;0,00000;0,00000
;1,11200;3,12939;3,49949;0,00000;0,00000
;1,11250;3,08070;3,44721;0,00000;0,00000
;1,11300;3,05764;3,39602;0,00000;0,00000
;1,11350;3,01984;3,34662;0,00000;0,00000
;1,11400;3,06533;3,29955;0,00000;0,00000
;1,11450;3,01023;3,25523;0,00000;0,00000
;1,11500;2,96602;3,21395;0,00000;0,00000
;1,11550;2,78790;3,17578;0,00000;0,00000
;1,11600;2,79687;3,14045;0,00000;0,00000
;1,11650;2,67706;3,10749;0,00000;0,00000
;1,11700;2,64567;3,07636;0,00000;0,00000
;1,11750;2,47396;3,04642;0,00000;0,00000
;1,11800;2,43040;3,01695;0,00000;0,00000
;1,11850;2,35351;2,98717;0,00000;0,00000
;1,11900;2,35800;2,95641;0,00000;0,00000
;1,11950;2,22858;2,92417;0,00000;0,00000
;1,12000;2,30546;2,89009;0,00000;0,00000
;1,12050;2,16259;2,85396;0,00000;0,00000
;1,12100;2,35095;2,81579;0,00000;0,00000
;1,12150;2,21769;2,77583;0,00000;0,00000
;1,12200;2,36569;2,73452;0,00000;0,00000
;1,12250;2,39067;2,69251;0,00000;0,00000
;1,12300;2,45218;2,65060;0,00000;0,00000
;1,12350;2,51881;2,60973;0,00000;0,00000
;1,12400;2,58993;2,57087;0,00000;0,00000
;1,12450;2,49959;2,53494;0,00000;0,00000
;1,12500;2,46371;2,50259;0,00000;0,00000
;1,12550;2,31059;2,47409;0,00000;0,00000
;1,12600;2,23242;2,44923;0,00000;0,00000
;1,12650;2,09211;2,42748;0,00000;0,00000
;1,12700;2,06456;2,40800;0,00000;0,00000
;1,12750;1,87107;2,38986;0,00000;0,00000
;1,12800;1,85890;2,37203;0,00000;0,00000
;1,12850;1,78650;2,35352;0,00000;0,00000
;1,12900;1,81597;2,33351;0,00000;0,00000
;1,12950;1,72115;2,31144;0,00000;0,00000
;1,13000;1,81405;2,28697;0,00000;0,00000
;1,13050;1,69168;2,26002;0,00000;0,00000
;1,13100;1,78073;2,23064;0,00000;0,00000
;1,13150;1,70962;2,19907;0,00000;0,00000
;1,13200;1,77625;2,16566;0,00000;0,00000
;1,13250;1,79419;2,13090;0,00000;0,00000
;1,13300;1,81021;2,09538;0,00000;0,00000
;1,13350;1,84096;2,05979;0,00000;0,00000
;1,13400;1,89029;2,02483;0,00000;0,00000
;1,13450;1,87171;1,99119;0,00000;0,00000
;1,13500;1,86082;1,95950;0,00000;0,00000
;1,13550;1,80572;1,93020;0,00000;0,00000
;1,13600;1,75703;1,90349;0,00000;0,00000
;1,13650;1,69232;1,87935;0,00000;0,00000
;1,13700;1,72691;1,85758;0,00000;0,00000
;1,13750;1,59557;1,83792;0,00000;0,00000
;1,13800;1,55713;1,81997;0,00000;0,00000
;1,13850;1,49947;1,80322;0,00000;0,00000
;1,13900;1,44181;1,78711;0,00000;0,00000
;1,13950;1,30213;1,77102;0,00000;0,00000
;1,14000;1,29573;1,75430;0,00000;0,00000
;1,14050;1,23230;1,73632;0,00000;0,00000
;1,14100;1,25152;1,71658;0,00000;0,00000
;1,14150;1,21052;1,69478;0,00000;0,00000
;1,14200;1,27907;1,67085;0,00000;0,00000
;1,14250;1,34186;1,64495;0,00000;0,00000
;1,14300;1,33097;1,61753;0,00000;0,00000
;1,14350;1,40593;1,58917;0,00000;0,00000
;1,14400;1,46743;1,56059;0,00000;0,00000
;1,14450;1,49947;1,53256;0,00000;0,00000
;1,14500;1,46231;1,50588;0,00000;0,00000
;1,14550;1,39696;1,48114;0,00000;0,00000
;1,14600;1,34058;1,45865;0,00000;0,00000
;1,14650;1,29252;1,43843;0,00000;0,00000
;1,14700;1,28035;1,42028;0,00000;0,00000
;1,14750;1,18873;1,40394;0,00000;0,00000
;1,14800;1,13171;1,38899;0,00000;0,00000
;1,14850;1,11761;1,37494;0,00000;0,00000
;1,14900;1,05162;1,36127;0,00000;0,00000
;1,14950;1,05098;1,34753;0,00000;0,00000
;1,15000;0,96000;1,33329;0,00000;0,00000
;1,15050;0,93950;1,31817;0,00000;0,00000
;1,15100;0,98371;1,30185;0,00000;0,00000
;1,15150;1,00485;1,28420;0,00000;0,00000
;1,15200;0,99716;1,26531;0,00000;0,00000
;1,15250;1,03689;1,24541;0,00000;0,00000
;1,15300;0,96000;1,22479;0,00000;0,00000
;1,15350;1,02920;1,20374;0,00000;0,00000
;1,15400;1,04137;1,18258;0,00000;0,00000
;1,15450;1,08494;1,16169;0,00000;0,00000
;1,15500;1,08558;1,14152;0,00000;0,00000
;1,15550;1,14580;1,12251;0,00000;0,00000
;1,15600;1,04586;1,10506;0,00000;0,00000
;1,15650;1,03753;1,08940;0,00000;0,00000
;1,15700;1,06636;1,07557;0,00000;0,00000
;1,15750;1,01895;1,06356;0,00000;0,00000
;1,15800;0,94206;1,05324;0,00000;0,00000
;1,15850;0,98755;1,04437;0,00000;0,00000
;1,15900;0,88568;1,03665;0,00000;0,00000
;1,15950;0,86262;1,02972;0,00000;0,00000
;1,16000;0,75883;1,02313;0,00000;0,00000
;1,16050;0,72807;1,01635;0,00000;0,00000
;1,16100;0,70437;1,00882;0,00000;0,00000
;1,16150;0,71462;1,00010;0,00000;0,00000
;1,16200;0,66721;0,98988;0,00000;0,00000
;1,16250;0,75498;0,97802;0,00000;0,00000
;1,16300;0,74473;0,96458;0,00000;0,00000
;1,16350;0,82610;0,94980;0,00000;0,00000
;1,16400;0,81328;0,93410;0,00000;0,00000
;1,16450;0,89209;0,91798;0,00000;0,00000
;1,16500;0,89978;0,90201;0,00000;0,00000
;1,16550;0,94335;0,88676;0,00000;0,00000
;1,16600;0,83699;0,87272;0,00000;0,00000
;1,16650;0,83955;0,86018;0,00000;0,00000
;1,16700;0,76587;0,84919;0,00000;0,00000
;1,16750;0,80175;0,83963;0,00000;0,00000
;1,16800;0,70949;0,83131;0,00000;0,00000
;1,16850;0,77292;0,82399;0,00000;0,00000
;1,16900;0,69924;0,81744;0,00000;0,00000
;1,16950;0,71334;0,81142;0,00000;0,00000
;1,17000;0,67297;0,80570;0,00000;0,00000
;1,17050;0,58840;0,80001;0,00000;0,00000
;1,17100;0,58712;0,79403;0,00000;0,00000
;1,17150;0,60186;0,78743;0,00000;0,00000
;1,17200;0,54547;0,77999;0,00000;0,00000
;1,17250;0,56405;0,77154;0,00000;0,00000
;1,17300;0,52561;0,76199;0,00000;0,00000
;1,17350;0,53202;0,75130;0,00000;0,00000
;1,17400;0,48525;0,73946;0,00000;0,00000
;1,17450;0,51728;0,72650;0,00000;0,00000
;1,17500;0,56021;0,71255;0,00000;0,00000
;1,17550;0,58392;0,69785;0,00000;0,00000
;1,17600;0,53010;0,68274;0,00000;0,00000
;1,17650;0,53202;0,66753;0,00000;0,00000
;1,17700;0,55316;0,65243;0,00000;0,00000
;1,17750;0,57751;0,63767;0,00000;0,00000
;1,17800;0,54227;0,62350;0,00000;0,00000
;1,17850;0,60634;0,61013;0,00000;0,00000
;1,17900;0,53650;0,59777;0,00000;0,00000
;1,17950;0,49870;0,58651;0,00000;0,00000
;1,18000;0,43784;0,57628;0,00000;0,00000
;1,18050;0,40452;0,56688;0,00000;0,00000
;1,18100;0,39555;0,55798;0,00000;0,00000
;1,18150;0,41093;0,54932;0,00000;0,00000
;1,18200;0,35263;0,54067;0,00000;0,00000
;1,18250;0,36288;0,53185;0,00000;0,00000
;1,18300;0,38658;0,52272;0,00000;0,00000
;1,18350;0,39043;0,51324;0,00000;0,00000
;1,18400;0,41926;0,50347;0,00000;0,00000
;1,18450;0,41413;0,49356;0,00000;0,00000
;1,18500;0,45962;0,48370;0,00000;0,00000
;1,18550;0,45898;0,47412;0,00000;0,00000
;1,18600;0,41990;0,46506;0,00000;0,00000
;1,18650;0,35775;0,45662;0,00000;0,00000
;1,18700;0,40324;0,44880;0,00000;0,00000
;1,18750;0,36736;0,44153;0,00000;0,00000
;1,18800;0,35775;0,43475;0,00000;0,00000
;1,18850;0,31803;0,42835;0,00000;0,00000
;1,18900;0,35134;0,42221;0,00000;0,00000
;1,18950;0,29176;0,41622;0,00000;0,00000
;1,19000;0,31739;0,41025;0,00000;0,00000
;1,19050;0,29432;0,40421;0,00000;0,00000
;1,19100;0,30073;0,39802;0,00000;0,00000
;1,19150;0,31739;0,39166;0,00000;0,00000
;1,19200;0,30137;0,38515;0,00000;0,00000
;1,19250;0,28087;0,37853;0,00000;0,00000
;1,19300;0,31098;0,37182;0,00000;0,00000
;1,19350;0,23858;0,36505;0,00000;0,00000
;1,19400;0,28984;0,35821;0,00000;0,00000
;1,19450;0,25716;0,35131;0,00000;0,00000
;1,19500;0,32379;0,34439;0,00000;0,00000
;1,19550;0,22833;0,33753;0,00000;0,00000
;1,19600;0,25780;0,33077;0,00000;0,00000
;1,19650;0,18284;0,32408;0,00000;0,00000
;1,19700;0,29304;0,31740;0,00000;0,00000
;1,19750;0,18028;0,31072;0,00000;0,00000
;1,19800;0,27062;0,30405;0,00000;0,00000
;1,19850;0,23474;0,29743;0,00000;0,00000
;1,19900;0,32251;0,29097;0,00000;0,00000
;1,19950;0,21295;0,28482;0,00000;0,00000
;1,20000;0,28599;0,27908;0,00000;0,00000
;1,20050;0,20206;0,27378;0,00000;0,00000
;1,20100;0,28599;0,26893;0,00000;0,00000
;1,20150;0,22705;0,26453;0,00000;0,00000
;1,20200;0,27254;0,26059;0,00000;0,00000
;1,20250;0,23730;0,25713;0,00000;0,00000
;1,20300;0,27254;0,25414;0,00000;0,00000
;1,20350;0,20847;0,25161;0,00000;0,00000
;1,20400;0,28663;0,24950;0,00000;0,00000
;1,20450;0,19566;0,24777;0,00000;0,00000
;1,20500;0,28984;0,24636;0,00000;0,00000
;1,20550;0,21488;0,24524;0,00000;0,00000
;1,20600;0,22000;0,24437;0,00000;0,00000
;1,20650;0,11813;0,24362;0,00000;0,00000
;1,20700;0,17643;0,24274;0,00000;0,00000
;1,20750;0,13287;0,24153;0,00000;0,00000
;1,20800;0,12133;0,23980;0,00000;0,00000
;1,20850;0,12069;0,23741;0,00000;0,00000
;1,20900;0,16939;0,23426;0,00000;0,00000
;1,20950;0,12069;0,23038;0,00000;0,00000
;1,21000;0,15017;0,22582;0,00000;0,00000
;1,21050;0,09122;0,22065;0,00000;0,00000
;1,21100;0,12390;0,21491;0,00000;0,00000
;1,21150;0,16811;0,20868;0,00000;0,00000
;1,21200;0,18412;0,20212;0,00000;0,00000
;1,21250;0,13799;0,19547;0,00000;0,00000
;1,21300;0,18733;0,18892;0,00000;0,00000
;1,21350;0,12262;0,18261;0,00000;0,00000
;1,21400;0,15273;0,17664;0,00000;0,00000
;1,21450;0,07456;0,17102;0,00000;0,00000
;1,21500;0,10147;0,16569;0,00000;0,00000
;1,21550;0,06431;0,16055;0,00000;0,00000
;1,21600;0,10916;0,15551;0,00000;0,00000
;1,21650;0,05534;0,15051;0,00000;0,00000
;1,21700;0,09443;0,14551;0,00000;0,00000
;1,21750;0,05791;0,14048;0,00000;0,00000
;1,21800;0,05022;0,13541;0,00000;0,00000
;1,21850;0,02075;0,13025;0,00000;0,00000
;1,21900;0,03036;0,12491;0,00000;0,00000
;1,21950;0,03100;0,11935;0,00000;0,00000
;1,22000;0,04445;0,11356;0,00000;0,00000
;1,22050;0,04509;0,10758;0,00000;0,00000
;1,22100;0,00217;0,10148;0,00000;0,00000
;1,22150;0,05022;0,09529;0,00000;0,00000
;1,22200;-0,02474;0,08906;0,00000;0,00000
;1,22250;0,04253;0,08278;0,00000;0,00000
;1,22300;0,05150;0,07654;0,00000;0,00000
;1,22350;0,04894;0,07043;0,00000;0,00000
;1,22400;0,01626;0,06459;0,00000;0,00000
;1,22450;0,02139;0,05908;0,00000;0,00000
;1,22500;0,05983;0,05393;0,00000;0,00000
;1,22550;0,06175;0,04921;0,00000;0,00000
;1,22600;0,06495;0,04501;0,00000;0,00000
;1,22650;0,08802;0,04144;0,00000;0,00000
;1,22700;0,04701;0,03857;0,00000;0,00000
;1,22750;0,07841;0,03643;0,00000;0,00000
;1,22800;0,01754;0,03499;0,00000;0,00000
;1,22850;-0,02090;0,03413;0,00000;0,00000
;1,22900;-0,04525;0,03362;0,00000;0,00000
;1,22950;0,03420;0,03323;0,00000;0,00000
;1,23000;-0,04653;0,03277;0,00000;0,00000
;1,23050;-0,02859;0,03214;0,00000;0,00000
;1,23100;-0,06319;0,03119;0,00000;0,00000
;1,23150;0,03164;0,02981;0,00000;0,00000
;1,23200;0,00537;0,02805;0,00000;0,00000
;1,23250;0,01498;0,02599;0,00000;0,00000
;1,23300;0,02139;0,02377;0,00000;0,00000
;1,23350;0,03933;0,02151;0,00000;0,00000
;1,23400;-0,04076;0,01930;0,00000;0,00000
;1,23450;0,03676;0,01717;0,00000;0,00000
;1,23500;0,03356;0,01517;0,00000;0,00000
;1,23550;0,04894;0,01337;0,00000;0,00000
;1,23600;0,02331;0,01188;0,00000;0,00000
;1,23650;0,07969;0,01077;0,00000;0,00000
;1,23700;0,04253;0,01012;0,00000;0,00000
;1,23750;0,07905;0,00999;0,00000;0,00000
;1,23800;0,00281;0,01040;0,00000;0,00000
;1,23850;0,01690;0,01128;0,00000;0,00000
;1,23900;0,01562;0,01250;0,00000;0,00000
;1,23950;0,11877;0,01395;0,00000;0,00000
;1,24000;0,01562;0,01566;0,00000;0,00000
;1,24050;0,09443;0,01765;0,00000;0,00000
;1,24100;0,04573;0,01991;0,00000;0,00000
;1,24150;0,07200;0,02241;0,00000;0,00000
;1,24200;0,02075;0,02512;0,00000;0,00000
;1,24250;0,05214;0,02794;0,00000;0,00000
;1,24300;0,06944;0,03077;0,00000;0,00000
;1,24350;0,02843;0,03358;0,00000;0,00000
;1,24400;-0,00937;0,03628;0,00000;0,00000
;1,24450;0,05598;0,03875;0,00000;0,00000
;1,24500;0,00857;0,04090;0,00000;0,00000
;1,24550;0,07456;0,04268;0,00000;0,00000
;1,24600;0,05598;0,04415;0,00000;0,00000
;1,24650;0,11365;0,04539;0,00000;0,00000
;1,24700;0,05791;0,04652;0,00000;0,00000
;1,24750;0,09955;0,04767;0,00000;0,00000
;1,24800;0,09314;0,04889;0,00000;0,00000
;1,24850;0,07136;0,05025;0,00000;0,00000
;1,24900;-0,02154;0,05173;0,00000;0,00000
;1,24950;0,04637;0,05318;0,00000;0,00000
;1,25000;0,01370;0,05445;0,00000;0,00000
;1,25050;0,07905;0,05544;0,00000;0,00000
;1,25100;0,00281;0,05615;0,00000;0,00000
;1,25150;0,00665;0,05654;0,00000;0,00000
;1,25200;-0,04973;0,05652;0,00000;0,00000
;1,25250;-0,00296;0,05596;0,00000;0,00000
;1,25300;-0,01193;0,05477;0,00000;0,00000
;1,25350;-0,00488;0,05295;0,00000;0,00000
;1,25400;-0,03243;0,05053;0,00000;0,00000
;1,25450;-0,02410;0,04754;0,00000;0,00000
;1,25500;-0,04717;0,04401;0,00000;0,00000
;1,25550;0,03100;0,03998;0,00000;0,00000
;1,25600;0,03676;0,03561;0,00000;0,00000
;1,25650;0,07200;0,03115;0,00000;0,00000
;1,25700;-0,02410;0,02683;0,00000;0,00000
;1,25750;0,03676;0,02279;0,00000;0,00000
;1,25800;0,03804;0,01911;0,00000;0,00000
;1,25850;0,01946;0,01587;0,00000;0,00000
;1,25900;-0,05550;0,01310;0,00000;0,00000
;1,25950;0,03356;0,01071;0,00000;0,00000
;1,26000;-0,01577;0,00865;0,00000;0,00000
;1,26050;0,04381;0,00689;0,00000;0,00000
;1,26100;0,00409;0,00546;0,00000;0,00000
;1,26150;-0,01257;0,00435;0,00000;0,00000
;1,26200;-0,00424;0,00352;0,00000;0,00000
;1,26250;-0,04076;0,00287;0,00000;0,00000
;1,26300;0,01626;0,00232;0,00000;0,00000
;1,26350;-0,01001;0,00181;0,00000;0,00000
;1,26400;-0,05934;0,00133;0,00000;0,00000
;1,26450;-0,04973;0,00077;0,00000;0,00000
;1,26500;-0,01321;0,00003;0,00000;0,00000
;1,26550;-0,02795;-0,00092;0,00000;0,00000
;1,26600;0,02010;-0,00206;0,00000;0,00000
;1,26650;0,01434;-0,00328;0,00000;0,00000
;1,26700;0,00537;-0,00447;0,00000;0,00000
;1,26750;0,04061;-0,00552;0,00000;0,00000
;1,26800;0,01946;-0,00635;0,00000;0,00000
;1,26850;-0,02410;-0,00688;0,00000;0,00000
;1,26900;-0,02026;-0,00715;0,00000;0,00000
;1,26950;-0,04653;-0,00727;0,00000;0,00000
;1,27000;0,03676;-0,00731;0,00000;0,00000
;1,27050;0,01178;-0,00730;0,00000;0,00000
;1,27100;0,03740;-0,00717;0,00000;0,00000
;1,27150;-0,03948;-0,00687;0,00000;0,00000
;1,27200;0,02139;-0,00642;0,00000;0,00000
;1,27250;-0,04909;-0,00589;0,00000;0,00000
;1,27300;0,02459;-0,00534;0,00000;0,00000
;1,27350;-0,03692;-0,00483;0,00000;0,00000
;1,27400;0,05214;-0,00435;0,00000;0,00000
;1,27450;0,03100;-0,00386;0,00000;0,00000
;1,27500;0,01754;-0,00328;0,00000;0,00000
;1,27550;-0,00296;-0,00257;0,00000;0,00000
;1,27600;0,04061;-0,00172;0,00000;0,00000
;1,27650;0,00152;-0,00076;0,00000;0,00000
;1,27700;0,05150;0,00033;0,00000;0,00000
;1,27750;0,06880;0,00158;0,00000;0,00000
;1,27800;0,07008;0,00306;0,00000;0,00000
;1,27850;0,05470;0,00487;0,00000;0,00000
;1,27900;0,07841;0,00703;0,00000;0,00000
;1,27950;0,05534;0,00957;0,00000;0,00000
;1,28000;0,13479;0,01249;0,00000;0,00000
;1,28050;0,06431;0,01583;0,00000;0,00000
;1,28100;0,08994;0,01959;0,00000;0,00000
;1,28150;0,03869;0,02371;0,00000;0,00000
;1,28200;0,07264;0,02806;0,00000;0,00000
;1,28250;0,03997;0,03250;0,00000;0,00000
;1,28300;0,06303;0,03690;0,00000;0,00000
;1,28350;0,01498;0,04114;0,00000;0,00000
;1,28400;0,09635;0,04510;0,00000;0,00000
;1,28450;0,02395;0,04873;0,00000;0,00000
;1,28500;-0,01449;0,05195;0,00000;0,00000
;1,28550;-0,00744;0,05461;0,00000;0,00000
;1,28600;0,05662;0,05659;0,00000;0,00000
;1,28650;0,00024;0,05786;0,00000;0,00000
;1,28700;0,02523;0,05844;0,00000;0,00000
;1,28750;0,00088;0,05835;0,00000;0,00000
;1,28800;0,07200;0,05765;0,00000;0,00000
;1,28850;0,01818;0,05644;0,00000;0,00000
;1,28900;0,04445;0,05487;0,00000;0,00000
;1,28950;-0,03115;0,05299;0,00000;0,00000
;1,29000;0,09314;0,05086;0,00000;0,00000
;1,29050;0,07456;0,04859;0,00000;0,00000
;1,29100;0,04317;0,04636;0,00000;0,00000
;1,29150;0,03100;0,04430;0,00000;0,00000
;1,29200;0,03676;0,04243;0,00000;0,00000
;1,29250;-0,01129;0,04074;0,00000;0,00000
;1,29300;0,02972;0,03917;0,00000;0,00000
;1,29350;0,01242;0,03766;0,00000;0,00000
;1,29400;0,06175;0,03621;0,00000;0,00000
;1,29450;0,01562;0,03485;0,00000;0,00000
;1,29500;-0,01065;0,03359;0,00000;0,00000
;1,29550;0,00152;0,03237;0,00000;0,00000
;1,29600;0,02972;0,03115;0,00000;0,00000
;1,29650;0,03612;0,02990;0,00000;0,00000
;1,29700;0,03997;0,02869;0,00000;0,00000
;1,29750;0,02203;0,02759;0,00000;0,00000
;1,29800;0,03228;0,02661;0,00000;0,00000
;1,29850;-0,04204;0,02574;0,00000;0,00000
;1,29900;-0,03692;0,02489;0,00000;0,00000
;1,29950;-0,04396;0,02390;0,00000;0,00000
;1,30000;0,00857;0,02265;0,00000;0,00000
;1,30050;-0,00104;0,02113;0,00000;0,00000
;1,30100;-0,04461;0,01937;0,00000;0,00000
;1,30150;-0,00552;0,01739;0,00000;0,00000
;1,30200;-0,02154;0,01521;0,00000;0,00000
;1,30250;0,01562;0,01286;0,00000;0,00000
;1,30300;-0,04461;0,01041;0,00000;0,00000
;1,30350;-0,00552;0,00792;0,00000;0,00000
;1,30400;0,01114;0,00541;0,00000;0,00000
;1,30450;0,02395;0,00297;0,00000;0,00000
;1,30500;-0,02538;0,00071;0,00000;0,00000
;1,30550;-0,01385;-0,00134;0,00000;0,00000
;1,30600;-0,01129;-0,00319;0,00000;0,00000
;1,30650;-0,00488;-0,00485;0,00000;0,00000
;1,30700;-0,02923;-0,00633;0,00000;0,00000
;1,30750;-0,02154;-0,00765;0,00000;0,00000
;1,30800;-0,02538;-0,00885;0,00000;0,00000
;1,30850;0,03997;-0,00995;0,00000;0,00000
;1,30900;-0,00168;-0,01087;0,00000;0,00000
;1,30950;-0,00873;-0,01156;0,00000;0,00000
;1,31000;0,01370;-0,01202;0,00000;0,00000
;1,31050;0,00729;-0,01222;0,00000;0,00000
;1,31100;0,02651;-0,01217;0,00000;0,00000
;1,31150;-0,02218;-0,01184;0,00000;0,00000
;1,31200;0,01434;-0,01128;0,00000;0,00000
;1,31250;0,04253;-0,01052;0,00000;0,00000
;1,31300;-0,02090;-0,00954;0,00000;0,00000
;1,31350;0,04253;-0,00838;0,00000;0,00000
;1,31400;0,02779;-0,00703;0,00000;0,00000
;1,31450;0,07072;-0,00547;0,00000;0,00000
;1,31500;-0,00168;-0,00367;0,00000;0,00000
;1,31550;0,05919;-0,00163;0,00000;0,00000
;1,31600;-0,04076;0,00060;0,00000;0,00000
;1,31650;0,07328;0,00292;0,00000;0,00000
;1,31700;0,04317;0,00529;0,00000;0,00000
;1,31750;0,02651;0,00772;0,00000;0,00000
;1,31800;0,00152;0,01018;0,00000;0,00000
;1,31850;0,09250;0,01264;0,00000;0,00000
;1,31900;0,02651;0,01507;0,00000;0,00000
;1,31950;0,03100;0,01752;0,00000;0,00000
;1,32000;0,02075;0,01992;0,00000;0,00000
;1,32050;0,07841;0,02224;0,00000;0,00000
;1,32100;0,04701;0,02450;0,00000;0,00000
;1,32150;0,03612;0,02670;0,00000;0,00000
;1,32200;0,02267;0,02884;0,00000;0,00000
;1,32250;0,12198;0,03089;0,00000;0,00000
;1,32300;-0,00040;0,03289;0,00000;0,00000
;1,32350;0,05791;0,03484;0,00000;0,00000
;1,32400;0,04189;0,03670;0,00000;0,00000
;1,32450;0,10532;0,03847;0,00000;0,00000
;1,32500;0,00537;0,04018;0,00000;0,00000
;1,32550;0,06688;0,04183;0,00000;0,00000
;1,32600;-0,03948;0,04334;0,00000;0,00000
;1,32650;0,03420;0,04460;0,00000;0,00000
;1,32700;0,01178;0,04551;0,00000;0,00000
;1,32750;0,08097;0,04603;0,00000;0,00000
;1,32800;0,00665;0,04624;0,00000;0,00000
;1,32850;0,07713;0,04620;0,00000;0,00000
;1,32900;0,01754;0,04598;0,00000;0,00000
;1,32950;0,07136;0,04563;0,00000;0,00000
;1,33000;-0,02410;0,04517;0,00000;0,00000
;1,33050;0,06303;0,04461;0,00000;0,00000
;1,33100;0,03612;0,04393;0,00000;0,00000
;1,33150;0,03420;0,04317;0,00000;0,00000
;1,33200;-0,00680;0,04236;0,00000;0,00000
;1,33250;0,05727;0,04148;0,00000;0,00000
;1,33300;-0,02410;0,04050;0,00000;0,00000
;1,33350;0,04253;0,03942;0,00000;0,00000
;1,33400;0,00985;0,03823;0,00000;0,00000
;1,33450;0,04573;0,03695;0,00000;0,00000
;1,33500;0,02395;0,03563;0,00000;0,00000
;1,33550;0,02715;0,03432;0,00000;0,00000
;1,33600;0,01946;0,03305;0,00000;0,00000
;1,33650;-0,03115;0,03181;0,00000;0,00000
;1,33700;-0,00360;0,03052;0,00000;0,00000
;1,33750;-0,00040;0,02911;0,00000;0,00000
;1,33800;-0,07087;0,02754;0,00000;0,00000
;1,33850;0,03420;0,02573;0,00000;0,00000
;1,33900;-0,01834;0,02369;0,00000;0,00000
;1,33950;0,00857;0,02148;0,00000;0,00000
;1,34000;-0,03692;0,01914;0,00000;0,00000
;1,34050;-0,00296;0,01671;0,00000;0,00000
;1,34100;-0,03499;0,01418;0,00000;0,00000
;1,34150;-0,03628;0,01157;0,00000;0,00000
;1,34200;0,01562;0,00887;0,00000;0,00000
;1,34250;-0,02346;0,00614;0,00000;0,00000
;1,34300;0,01690;0,00347;0,00000;0,00000
;1,34350;0,00152;0,00093;0,00000;0,00000
;1,34400;-0,02090;-0,00141;0,00000;0,00000
;1,34450;-0,01577;-0,00353;0,00000;0,00000
;1,34500;-0,00424;-0,00543;0,00000;0,00000
;1,34550;-0,05165;-0,00713;0,00000;0,00000
;1,34600;0,03356;-0,00866;0,00000;0,00000
;1,34650;-0,04717;-0,01002;0,00000;0,00000
;1,34700;-0,01962;-0,01120;0,00000;0,00000
;1,34750;-0,02603;-0,01226;0,00000;0,00000
;1,34800;-0,04396;-0,01324;0,00000;0,00000
;1,34850;-0,00360;-0,01416;0,00000;0,00000
;1,34900;0,03356;-0,01503;0,00000;0,00000
;1,34950;0,01690;-0,01574;0,00000;0,00000
;1,35000;-0,00168;-0,01619;0,00000;0,00000
;1,35050;-0,04973;-0,01637;0,00000;0,00000
;1,35100;0,01114;-0,01634;0,00000;0,00000
;1,35150;-0,00424;-0,01615;0,00000;0,00000
;1,35200;0,05855;-0,01579;0,00000;0,00000
;1,35250;-0,02090;-0,01521;0,00000;0,00000
;1,35300;0,06175;-0,01437;0,00000;0,00000
;1,35350;-0,00360;-0,01324;0,00000;0,00000
;1,35400;0,05150;-0,01182;0,00000;0,00000
;1,35450;0,00921;-0,01013;0,00000;0,00000
;1,35500;0,05342;-0,00816;0,00000;0,00000
;1,35550;-0,02795;-0,00597;0,00000;0,00000
;1,35600;0,08802;-0,00361;0,00000;0,00000
;1,35650;-0,01193;-0,00111;0,00000;0,00000
;1,35700;0,04701;0,00149;0,00000;0,00000
;1,35750;0,02972;0,00415;0,00000;0,00000
;1,35800;0,02907;0,00683;0,00000;0,00000
;1,35850;0,02587;0,00950;0,00000;0,00000
;1,35900;0,05534;0,01212;0,00000;0,00000
;1,35950;0,02331;0,01469;0,00000;0,00000
;1,36000;0,04445;0,01719;0,00000;0,00000
;1,36050;0,01626;0,01960;0,00000;0,00000
;1,36100;0,08353;0,02190;0,00000;0,00000
;1,36150;0,03612;0,02410;0,00000;0,00000
;1,36200;0,08417;0,02627;0,00000;0,00000
;1,36250;0,02907;0,02842;0,00000;0,00000
;1,36300;0,10724;0,03058;0,00000;0,00000
;1,36350;0,07905;0,03281;0,00000;0,00000
;1,36400;0,02267;0,03512;0,00000;0,00000
;1,36450;0,00473;0,03747;0,00000;0,00000
;1,36500;0,04253;0,03971;0,00000;0,00000
;1,36550;0,01242;0,04172;0,00000;0,00000
;1,36600;0,08289;0,04344;0,00000;0,00000
;1,36650;-0,02026;0,04487;0,00000;0,00000
;1,36700;0,09378;0,04600;0,00000;0,00000
;1,36750;0,03740;0,04685;0,00000;0,00000
;1,36800;0,03869;0,04748;0,00000;0,00000
;1,36850;-0,00937;0,04790;0,00000;0,00000
;1,36900;0,05855;0,04806;0,00000;0,00000
;1,36950;0,04830;0,04796;0,00000;0,00000
;1,37000;0,00985;0,04765;0,00000;0,00000
;1,37050;-0,04268;0,04713;0,00000;0,00000
;1,37100;0,04189;0,04630;0,00000;0,00000
;1,37150;-0,00744;0,04514;0,00000;0,00000
;1,37200;0,06880;0,04367;0,00000;0,00000
;1,37250;-0,00937;0,04200;0,00000;0,00000
;1,37300;0,04830;0,04019;0,00000;0,00000
;1,37350;0,01626;0,03830;0,00000;0,00000
;1,37400;0,00985;0,03639;0,00000;0,00000
;1,37450;-0,02026;0,03446;0,00000;0,00000
;1,37500;0,02139;0,03249;0,00000;0,00000
;1,37550;-0,01706;0,03045;0,00000;0,00000
;1,37600;0,00857;0,02834;0,00000;0,00000
;1,37650;0,01754;0,02619;0,00000;0,00000
;1,37700;0,07649;0,02406;0,00000;0,00000
;1,37750;0,03804;0,02208;0,00000;0,00000
;1,37800;0,02715;0,02040;0,00000;0,00000
;1,37850;-0,01962;0,01902;0,00000;0,00000
;1,37900;0,01049;0,01790;0,00000;0,00000
;1,37950;0,03484;0,01695;0,00000;0,00000
;1,38000;-0,01001;0,01617;0,00000;0,00000
;1,38050;-0,02474;0,01551;0,00000;0,00000
;1,38100;-0,00552;0,01489;0,00000;0,00000
;1,38150;0,00473;0,01422;0,00000;0,00000
;1,38200;0,01049;0,01349;0,00000;0,00000
;1,38250;-0,05422;0,01270;0,00000;0,00000
;1,38300;-0,03756;0,01179;0,00000;0,00000
;1,38350;-0,02538;0,01066;0,00000;0,00000
;1,38400;-0,07280;0,00925;0,00000;0,00000
;1,38450;-0,05229;0,00751;0,00000;0,00000
;1,38500;-0,02410;0,00539;0,00000;0,00000
;1,38550;-0,01898;0,00294;0,00000;0,00000
;1,38600;-0,01449;0,00024;0,00000;0,00000
;1,38650;0,00024;-0,00258;0,00000;0,00000
;1,38700;-0,01577;-0,00539;0,00000;0,00000
;1,38750;0,02587;-0,00808;0,00000;0,00000
;1,38800;-0,01641;-0,01054;0,00000;0,00000
;1,38850;-0,03628;-0,01271;0,00000;0,00000
;1,38900;-0,00744;-0,01459;0,00000;0,00000
;1,38950;0,04894;-0,01618;0,00000;0,00000
;1,39000;0,00729;-0,01739;0,00000;0,00000
;1,39050;0,05406;-0,01814;0,00000;0,00000
;1,39100;0,00345;-0,01835;0,00000;0,00000
;1,39150;-0,02410;-0,01804;0,00000;0,00000
;1,39200;-0,03820;-0,01732;0,00000;0,00000
;1,39250;0,02972;-0,01634;0,00000;0,00000
;1,39300;-0,02154;-0,01517;0,00000;0,00000
;1,39350;0,05278;-0,01386;0,00000;0,00000
;1,39400;-0,00040;-0,01240;0,00000;0,00000
;1,39450;-0,01001;-0,01079;0,00000;0,00000
;1,39500;-0,00616;-0,00910;0,00000;0,00000
;1,39550;0,02779;-0,00739;0,00000;0,00000
;1,39600;-0,01513;-0,00570;0,00000;0,00000
;1,39650;0,03804;-0,00405;0,00000;0,00000
;1,39700;0,01114;-0,00243;0,00000;0,00000
;1,39750;0,06559;-0,00081;0,00000;0,00000
;1,39800;0,03292;0,00087;0,00000;0,00000
;1,39850;0,00088;0,00266;0,00000;0,00000
;1,39900;0,00217;0,00451;0,00000;0,00000
;1,39950;0,03740;0,00634;0,00000;0,00000
;1,40000;0,02395;0,00814;0,00000;0,00000
;1,40050;0,08097;0,00991;0,00000;0,00000
;1,40100;0,06047;0,01174;0,00000;0,00000
;1,40150;0,08610;0,01371;0,00000;0,00000
;1,40200;0,00793;0,01588;0,00000;0,00000
;1,40250;0,07649;0,01824;0,00000;0,00000
;1,40300;0,01946;0,02071;0,00000;0,00000
;1,40350;0,04317;0,02325;0,00000;0,00000
;1,40400;0,03740;0,02579;0,00000;0,00000
;1,40450;0,04445;0,02825;0,00000;0,00000
;1,40500;0,01242;0,03059;0,00000;0,00000
;1,40550;0,08033;0,03277;0,00000;0,00000
;1,40600;-0,02474;0,03476;0,00000;0,00000
;1,40650;0,05214;0,03650;0,00000;0,00000
;1,40700;0,04061;0,03796;0,00000;0,00000
;1,40750;0,06880;0,03916;0,00000;0,00000
;1,40800;0,03484;0,04017;0,00000;0,00000
;1,40850;0,03997;0,04102;0,00000;0,00000
;1,40900;-0,00488;0,04171;0,00000;0,00000
;1,40950;0,02395;0,04217;0,00000;0,00000
;1,41000;0,05086;0,04238;0,00000;0,00000
;1,41050;0,07713;0,04238;0,00000;0,00000
;1,41100;0,04830;0,04227;0,00000;0,00000
;1,41150;0,01049;0,04213;0,00000;0,00000
;1,41200;0,00537;0,04193;0,00000;0,00000
;1,41250;0,00537;0,04161;0,00000;0,00000
;1,41300;0,00537;0,04110;0,00000;0,00000
;1,41350;0,00921;0,04034;0,00000;0,00000
;1,41400;0,01306;0,03932;0,00000;0,00000
;1,41450;0,00665;0,03807;0,00000;0,00000
;1,41500;0,00857;0,03659;0,00000;0,00000
;1,41550;0,05022;0,03494;0,00000;0,00000
;1,41600;-0,03371;0,03317;0,00000;0,00000
;1,41650;0,01370;0,03131;0,00000;0,00000
;1,41700;0,01114;0,02935;0,00000;0,00000
;1,41750;0,03484;0,02733;0,00000;0,00000
;1,41800;0,04381;0,02534;0,00000;0,00000
;1,41850;-0,00488;0,02348;0,00000;0,00000
;1,41900;-0,00680;0,02175;0,00000;0,00000
;1,41950;-0,01577;0,02013;0,00000;0,00000
;1,42000;0,01690;0,01856;0,00000;0,00000
;1,42050;-0,00360;0,01703;0,00000;0,00000
;1,42100;-0,01962;0,01552;0,00000;0,00000
;1,42150;-0,00104;0,01403;0,00000;0,00000
;1,42200;-0,02410;0,01252;0,00000;0,00000
;1,42250;0,00537;0,01099;0,00000;0,00000
;1,42300;0,01306;0,00944;0,00000;0,00000
;1,42350;-0,04012;0,00791;0,00000;0,00000
;1,42400;0,02267;0,00640;0,00000;0,00000
;1,42450;-0,01898;0,00493;0,00000;0,00000
;1,42500;0,05855;0,00354;0,00000;0,00000
;1,42550;0,02010;0,00233;0,00000;0,00000
;1,42600;-0,02538;0,00136;0,00000;0,00000
;1,42650;-0,03115;0,00061;0,00000;0,00000
;1,42700;0,01242;-0,00001;0,00000;0,00000
;1,42750;-0,01898;-0,00055;0,00000;0,00000
;1,42800;0,04894;-0,00101;0,00000;0,00000
;1,42850;0,00409;-0,00134;0,00000;0,00000
;1,42900;0,02331;-0,00149;0,00000;0,00000
;1,42950;-0,03820;-0,00147;0,00000;0,00000
;1,43000;0,03164;-0,00131;0,00000;0,00000
;1,43050;0,01690;-0,00105;0,00000;0,00000
;1,43100;0,01946;-0,00067;0,00000;0,00000
;1,43150;-0,00552;-0,00016;0,00000;0,00000
;1,43200;-0,01193;0,00044;0,00000;0,00000
;1,43250;-0,02603;0,00107;0,00000;0,00000
;1,43300;0,04701;0,00165;0,00000;0,00000
;1,43350;-0,01962;0,00218;0,00000;0,00000
;1,43400;0,07456;0,00270;0,00000;0,00000
;1,43450;0,03420;0,00328;0,00000;0,00000
;1,43500;0,10852;0,00405;0,00000;0,00000
;1,43550;0,02203;0,00513;0,00000;0,00000
;1,43600;0,02779;0,00656;0,00000;0,00000
;1,43650;0,02587;0,00829;0,00000;0,00000
;1,43700;0,05598;0,01024;0,00000;0,00000
;1,43750;-0,01385;0,01234;0,00000;0,00000
;1,43800;0,10340;0,01454;0,00000;0,00000
;1,43850;0,04253;0,01681;0,00000;0,00000
;1,43900;0,07520;0,01921;0,00000;0,00000
;1,43950;-0,01641;0,02172;0,00000;0,00000
;1,44000;0,08161;0,02425;0,00000;0,00000
;1,44050;0,03356;0,02675;0,00000;0,00000
;1,44100;0,10211;0,02922;0,00000;0,00000
;1,44150;0,02779;0,03167;0,00000;0,00000
;1,44200;0,04701;0,03411;0,00000;0,00000
;1,44250;0,03676;0,03648;0,00000;0,00000
;1,44300;0,08417;0,03872;0,00000;0,00000
;1,44350;0,00088;0,04083;0,00000;0,00000
;1,44400;0,14184;0,04280;0,00000;0,00000
;1,44450;0,00537;0,04465;0,00000;0,00000
;1,44500;0,06047;0,04642;0,00000;0,00000
;1,44550;0,04317;0,04804;0,00000;0,00000
;1,44600;0,04381;0,04949;0,00000;0,00000
;1,44650;0,02523;0,05073;0,00000;0,00000
;1,44700;0,07777;0,05174;0,00000;0,00000
;1,44750;0,01754;0,05252;0,00000;0,00000
;1,44800;0,06111;0,05307;0,00000;0,00000
;1,44850;0,03548;0,05342;0,00000;0,00000
;1,44900;0,04894;0,05356;0,00000;0,00000
;1,44950;0,01562;0,05351;0,00000;0,00000
;1,45000;0,06303;0,05326;0,00000;0,00000
;1,45050;-0,01834;0,05281;0,00000;0,00000
;1,45100;0,04573;0,05215;0,00000;0,00000
;1,45150;0,03292;0,05125;0,00000;0,00000
;1,45200;0,00729;0,05013;0,00000;0,00000
;1,45250;0,03100;0,04882;0,00000;0,00000
;1,45300;0,03356;0,04734;0,00000;0,00000
;1,45350;0,02523;0,04573;0,00000;0,00000
;1,45400;0,05214;0,04404;0,00000;0,00000
;1,45450;0,03548;0,04234;0,00000;0,00000
;1,45500;0,04573;0,04071;0,00000;0,00000
;1,45550;0,02972;0,03918;0,00000;0,00000
;1,45600;0,01690;0,03779;0,00000;0,00000
;1,45650;0,00473;0,03650;0,00000;0,00000
;1,45700;-0,01577;0,03525;0,00000;0,00000
;1,45750;-0,03692;0,03394;0,00000;0,00000
;1,45800;-0,00937;0,03246;0,00000;0,00000
;1,45850;0,00088;0,03074;0,00000;0,00000
;1,45900;-0,02218;0,02878;0,00000;0,00000
;1,45950;0,02715;0,02661;0,00000;0,00000
;1,46000;-0,03243;0,02428;0,00000;0,00000
;1,46050;0,01690;0,02184;0,00000;0,00000
;1,46100;-0,00232;0,01933;0,00000;0,00000
;1,46150;0,06752;0,01684;0,00000;0,00000
;1,46200;0,05406;0,01453;0,00000;0,00000
;1,46250;0,00729;0,01254;0,00000;0,00000
;1,46300;-0,02474;0,01092;0,00000;0,00000
;1,46350;0,00473;0,00961;0,00000;0,00000
;1,46400;-0,03692;0,00850;0,00000;0,00000
;1,46450;-0,04396;0,00750;0,00000;0,00000
;1,46500;-0,02282;0,00647;0,00000;0,00000
;1,46550;0,02075;0,00535;0,00000;0,00000
;1,46600;0,00152;0,00418;0,00000;0,00000
;1,46650;0,01754;0,00303;0,00000;0,00000
;1,46700;-0,05550;0,00194;0,00000;0,00000
;1,46750;-0,02474;0,00087;0,00000;0,00000
;1,46800;-0,02795;-0,00024;0,00000;0,00000
;1,46850;0,02395;-0,00142;0,00000;0,00000
;1,46900;-0,01962;-0,00262;0,00000;0,00000
;1,46950;0,05534;-0,00376;0,00000;0,00000
;1,47000;0,00152;-0,00474;0,00000;0,00000
;1,47050;0,04445;-0,00547;0,00000;0,00000
;1,47100;0,00217;-0,00588;0,00000;0,00000
;1,47150;0,03356;-0,00596;0,00000;0,00000
;1,47200;0,04125;-0,00568;0,00000;0,00000
;1,47250;0,08610;-0,00501;0,00000;0,00000
;1,47300;0,01754;-0,00389;0,00000;0,00000
;1,47350;0,11493;-0,00227;0,00000;0,00000
;1,47400;0,03164;-0,00013;0,00000;0,00000
;1,47450;0,07136;0,00252;0,00000;0,00000
;1,47500;0,00921;0,00561;0,00000;0,00000
;1,47550;0,06047;0,00902;0,00000;0,00000
;1,47600;0,00024;0,01260;0,00000;0,00000
;1,47650;0,07264;0,01623;0,00000;0,00000
;1,47700;-0,01898;0,01981;0,00000;0,00000
;1,47750;0,01946;0,02321;0,00000;0,00000
;1,47800;-0,01129;0,02630;0,00000;0,00000
;1,47850;0,04125;0,02895;0,00000;0,00000
;1,47900;0,00665;0,03114;0,00000;0,00000
;1,47950;0,07777;0,03289;0,00000;0,00000
;1,48000;-0,00744;0,03424;0,00000;0,00000
;1,48050;0,06239;0,03526;0,00000;0,00000
;1,48100;-0,00360;0,03598;0,00000;0,00000
;1,48150;0,07136;0,03643;0,00000;0,00000
;1,48200;0,04830;0,03666;0,00000;0,00000
;1,48250;0,09699;0,03681;0,00000;0,00000
;1,48300;0,02459;0,03698;0,00000;0,00000
;1,48350;0,10019;0,03725;0,00000;0,00000
;1,48400;0,02651;0,03766;0,00000;0,00000
;1,48450;0,06303;0,03824;0,00000;0,00000
;1,48500;-0,00104;0,03893;0,00000;0,00000
;1,48550;0,06239;0,03967;0,00000;0,00000
;1,48600;0,05278;0,04040;0,00000;0,00000
;1,48650;0,07392;0,04114;0,00000;0,00000
;1,48700;-0,01770;0,04189;0,00000;0,00000
;1,48750;0,06623;0,04260;0,00000;0,00000
;1,48800;0,00473;0,04320;0,00000;0,00000
;1,48850;0,06111;0,04367;0,00000;0,00000
;1,48900;0,02779;0,04399;0,00000;0,00000
;1,48950;0,07072;0,04418;0,00000;0,00000
;1,49000;0,00665;0,04429;0,00000;0,00000
;1,49050;0,07777;0,04431;0,00000;0,00000
;1,49100;0,02267;0,04427;0,00000;0,00000
;1,49150;0,01434;0,04418;0,00000;0,00000
;1,49200;0,00088;0,04397;0,00000;0,00000
;1,49250;0,02075;0,04359;0,00000;0,00000
;1,49300;-0,05486;0,04296;0,00000;0,00000
;1,49350;0,02331;0,04200;0,00000;0,00000
;1,49400;-0,02603;0,04065;0,00000;0,00000
;1,49450;0,01882;0,03892;0,00000;0,00000
;1,49500;-0,01513;0,03685;0,00000;0,00000
;1,49550;0,02331;0,03449;0,00000;0,00000
;1,49600;0,00537;0,03193;0,00000;0,00000
;1,49650;0,02331;0,02925;0,00000;0,00000
;1,49700;-0,03499;0,02653;0,00000;0,00000
;1,49750;0,02459;0,02380;0,00000;0,00000
;1,49800;-0,05742;0,02107;0,00000;0,00000
;1,49850;-0,00488;0,01832;0,00000;0,00000
;1,49900;-0,00744;0,01554;0,00000;0,00000
;1,49950;0,05278;0,01277;0,00000;0,00000
;1,50000;-0,02923;0,01014;0,00000;0,00000
;1,50050;-0,01385;0,00769;0,00000;0,00000
;1,50100;0,01434;0,00542;0,00000;0,00000
;1,50150;0,00409;0,00335;0,00000;0,00000
;1,50200;-0,01513;0,00151;0,00000;0,00000
;1,50250;-0,01641;-0,00010;0,00000;0,00000
;1,50300;-0,01834;-0,00154;0,00000;0,00000
;1,50350;-0,00680;-0,00282;0,00000;0,00000
;1,50400;-0,01321;-0,00399;0,00000;0,00000
;1,50450;-0,02859;-0,00505;0,00000;0,00000
;1,50500;-0,03435;-0,00604;0,00000;0,00000
;1,50550;-0,03628;-0,00702;0,00000;0,00000
;1,50600;0,02267;-0,00802;0,00000;0,00000
;1,50650;-0,01962;-0,00900;0,00000;0,00000
;1,50700;-0,01577;-0,00993;0,00000;0,00000
;1,50750;-0,01641;-0,01077;0,00000;0,00000
;1,50800;-0,03243;-0,01156;0,00000;0,00000
;1,50850;-0,01706;-0,01231;0,00000;0,00000
;1,50900;0,04253;-0,01300;0,00000;0,00000
;1,50950;0,02715;-0,01355;0,00000;0,00000
;1,51000;0,02075;-0,01385;0,00000;0,00000
;1,51050;0,00281;-0,01383;0,00000;0,00000
;1,51100;0,03612;-0,01346;0,00000;0,00000
;1,51150;-0,00168;-0,01276;0,00000;0,00000
;1,51200;0,07905;-0,01173;0,00000;0,00000
;1,51250;-0,00168;-0,01034;0,00000;0,00000
;1,51300;0,03420;-0,00861;0,00000;0,00000
;1,51350;0,00281;-0,00660;0,00000;0,00000
;1,51400;0,04189;-0,00437;0,00000;0,00000
;1,51450;0,02651;-0,00198;0,00000;0,00000
;1,51500;0,04894;0,00054;0,00000;0,00000
;1,51550;-0,01513;0,00316;0,00000;0,00000
;1,51600;0,06111;0,00581;0,00000;0,00000
;1,51650;-0,00616;0,00843;0,00000;0,00000
;1,51700;0,06559;0,01099;0,00000;0,00000
;1,51750;0,00024;0,01346;0,00000;0,00000
;1,51800;0,02459;0,01581;0,00000;0,00000
;1,51850;0,00665;0,01799;0,00000;0,00000
;1,51900;0,05855;0,01995;0,00000;0,00000
;1,51950;-0,02474;0,02169;0,00000;0,00000
;1,52000;0,02972;0,02319;0,00000;0,00000
;1,52050;-0,01129;0,02440;0,00000;0,00000
;1,52100;0,05086;0,02529;0,00000;0,00000
;1,52150;-0,01193;0,02589;0,00000;0,00000
;1,52200;0,10211;0,02626;0,00000;0,00000
;1,52250;-0,04909;0,02647;0,00000;0,00000
;1,52300;0,04573;0,02654;0,00000;0,00000
;1,52350;0,00345;0,02646;0,00000;0,00000
;1,52400;0,02972;0,02625;0,00000;0,00000
;1,52450;0,01498;0,02591;0,00000;0,00000
;1,52500;0,04958;0,02550;0,00000;0,00000
;1,52550;-0,02474;0,02505;0,00000;0,00000
;1,52600;0,08353;0,02457;0,00000;0,00000
;1,52650;0,00409;0,02411;0,00000;0,00000
;1,52700;0,09571;0,02373;0,00000;0,00000
;1,52750;0,03804;0,02354;0,00000;0,00000
;1,52800;0,03420;0,02358;0,00000;0,00000
;1,52850;0,02843;0,02386;0,00000;0,00000
;1,52900;0,06431;0,02435;0,00000;0,00000
;1,52950;0,08289;0,02505;0,00000;0,00000
;1,53000;0,01562;0,02599;0,00000;0,00000
;1,53050;0,01498;0,02714;0,00000;0,00000
;1,53100;0,01498;0,02839;0,00000;0,00000
;1,53150;-0,00232;0,02961;0,00000;0,00000
;1,53200;0,02331;0,03069;0,00000;0,00000
;1,53250;-0,01001;0,03154;0,00000;0,00000
;1,53300;0,04830;0,03213;0,00000;0,00000
;1,53350;-0,01706;0,03245;0,00000;0,00000
;1,53400;0,01178;0,03249;0,00000;0,00000
;1,53450;0,00088;0,03222;0,00000;0,00000
;1,53500;0,02523;0,03166;0,00000;0,00000
;1,53550;-0,00552;0,03083;0,00000;0,00000
;1,53600;0,03292;0,02978;0,00000;0,00000
;1,53650;-0,04076;0,02854;0,00000;0,00000
;1,53700;0,06047;0,02712;0,00000;0,00000
;1,53750;0,01178;0,02559;0,00000;0,00000
;1,53800;-0,00296;0,02403;0,00000;0,00000
;1,53850;-0,00424;0,02246;0,00000;0,00000
;1,53900;-0,02282;0,02085;0,00000;0,00000
;1,53950;-0,03564;0,01918;0,00000;0,00000
;1,54000;-0,02346;0,01736;0,00000;0,00000
;1,54050;0,00088;0,01538;0,00000;0,00000
;1,54100;-0,01321;0,01326;0,00000;0,00000
;1,54150;-0,04973;0,01104;0,00000;0,00000
;1,54200;-0,03756;0,00869;0,00000;0,00000
;1,54250;-0,02667;0,00620;0,00000;0,00000
;1,54300;-0,00424;0,00358;0,00000;0,00000
;1,54350;-0,05165;0,00089;0,00000;0,00000
;1,54400;-0,06319;-0,00186;0,00000;0,00000
;1,54450;0,03933;-0,00466;0,00000;0,00000
;1,54500;0,00281;-0,00742;0,00000;0,00000
;1,54550;0,08802;-0,00995;0,00000;0,00000
;1,54600;-0,02603;-0,01205;0,00000;0,00000
;1,54650;0,06303;-0,01362;0,00000;0,00000
;1,54700;-0,01385;-0,01460;0,00000;0,00000
;1,54750;0,04061;-0,01501;0,00000;0,00000
;1,54800;0,00537;-0,01486;0,00000;0,00000
;1,54850;0,02972;-0,01420;0,00000;0,00000
;1,54900;0,03740;-0,01307;0,00000;0,00000
;1,54950;0,01370;-0,01151;0,00000;0,00000
;1,55000;0,02267;-0,00958;0,00000;0,00000
;1,55050;0,01306;-0,00735;0,00000;0,00000
;1,55100;0,04317;-0,00490;0,00000;0,00000
;1,55150;0,04189;-0,00228;0,00000;0,00000
;1,55200;-0,03499;0,00047;0,00000;0,00000
;1,55250;0,04830;0,00323;0,00000;0,00000
;1,55300;0,02651;0,00594;0,00000;0,00000
;1,55350;0,08225;0,00859;0,00000;0,00000
;1,55400;0,00152;0,01121;0,00000;0,00000
;1,55450;0,05278;0,01381;0,00000;0,00000
;1,55500;0,02331;0,01635;0,00000;0,00000
;1,55550;0,09186;0,01882;0,00000;0,00000
;1,55600;-0,03756;0,02124;0,00000;0,00000
;1,55650;0,04381;0,02354;0,00000;0,00000
;1,55700;0,01690;0,02563;0,00000;0,00000
;1,55750;0,03740;0,02747;0,00000;0,00000
;1,55800;0,03676;0,02908;0,00000;0,00000
;1,55850;0,04701;0,03046;0,00000;0,00000
;1,55900;0,02587;0,03166;0,00000;0,00000
;1,55950;0,03548;0,03268;0,00000;0,00000
;1,56000;0,02331;0,03354;0,00000;0,00000
;1,56050;0,02459;0,03422;0,00000;0,00000
;1,56100;0,01626;0,03471;0,00000;0,00000
;1,56150;0,09250;0,03503;0,00000;0,00000
;1,56200;-0,02410;0,03523;0,00000;0,00000
;1,56250;0,10660;0,03535;0,00000;0,00000
;1,56300;0,01754;0,03544;0,00000;0,00000
;1,56350;0,07520;0,03557;0,00000;0,00000
;1,56400;0,06688;0,03578;0,00000;0,00000
;1,56450;0,06559;0,03614;0,00000;0,00000
;1,56500;0,04061;0,03669;0,00000;0,00000
;1,56550;0,14376;0,03745;0,00000;0,00000
;1,56600;-0,01706;0,03846;0,00000;0,00000
;1,56650;0,07713;0,03969;0,00000;0,00000
;1,56700;0,00665;0,04104;0,00000;0,00000
;1,56750;0,04381;0,04240;0,00000;0,00000
;1,56800;0,02972;0,04368;0,00000;0,00000
;1,56850;0,05534;0,04481;0,00000;0,00000
;1,56900;0,01626;0,04578;0,00000;0,00000
;1,56950;0,00345;0,04654;0,00000;0,00000
;1,57000;0,03612;0,04703;0,00000;0,00000
;1,57050;0,03612;0,04720;0,00000;0,00000
;1,57100;0,04701;0,04710;0,00000;0,00000
;1,57150;0,04573;0,04678;0,00000;0,00000
;1,57200;-0,02667;0,04628;0,00000;0,00000
;1,57250;0,04509;0,04557;0,00000;0,00000
;1,57300;0,04637;0,04466;0,00000;0,00000
;1,57350;0,00665;0,04358;0,00000;0,00000
;1,57400;0,02331;0,04238;0,00000;0,00000
;1,57450;0,07264;0,04109;0,00000;0,00000
;1,57500;0,02267;0,03977;0,00000;0,00000
;1,57550;0,11557;0,03854;0,00000;0,00000
;1,57600;-0,04845;0,03747;0,00000;0,00000
;1,57650;-0,00937;0,03653;0,00000;0,00000
;1,57700;0,00345;0,03557;0,00000;0,00000
;1,57750;-0,02603;0,03449;0,00000;0,00000
;1,57800;0,00281;0,03321;0,00000;0,00000
;1,57850;0,01690;0,03172;0,00000;0,00000
;1,57900;0,00409;0,03003;0,00000;0,00000
;1,57950;-0,03564;0,02818;0,00000;0,00000
;1,58000;-0,02218;0,02616;0,00000;0,00000
;1,58050;-0,03948;0,02391;0,00000;0,00000
;1,58100;0,02075;0,02144;0,00000;0,00000
;1,58150;0,02203;0,01880;0,00000;0,00000
;1,58200;-0,02859;0,01611;0,00000;0,00000
;1,58250;0,01434;0,01344;0,00000;0,00000
;1,58300;0,00921;0,01086;0,00000;0,00000
;1,58350;-0,01449;0,00841;0,00000;0,00000
;1,58400;0,06559;0,00615;0,00000;0,00000
;1,58450;-0,00809;0,00418;0,00000;0,00000
;1,58500;0,04894;0,00257;0,00000;0,00000
;1,58550;0,01242;0,00136;0,00000;0,00000
;1,58600;-0,00616;0,00055;0,00000;0,00000
;1,58650;0,00409;0,00011;0,00000;0,00000
;1,58700;0,00409;-0,00005;0,00000;0,00000
;1,58750;-0,02603;0,00000;0,00000;0,00000
;1,58800;0,02651;0,00019;0,00000;0,00000
;1,58850;-0,01193;0,00046;0,00000;0,00000
;1,58900;0,02907;0,00081;0,00000;0,00000
;1,58950;-0,01321;0,00123;0,00000;0,00000
;1,59000;0,01946;0,00169;0,00000;0,00000
;1,59050;-0,00937;0,00217;0,00000;0,00000
;1,59100;0,05534;0,00268;0,00000;0,00000
;1,59150;0,03997;0,00326;0,00000;0,00000
;1,59200;0,04830;0,00399;0,00000;0,00000
;1,59250;0,02459;0,00493;0,00000;0,00000
;1,59300;0,08866;0,00611;0,00000;0,00000
;1,59350;0,04317;0,00759;0,00000;0,00000
;1,59400;0,07008;0,00939;0,00000;0,00000
;1,59450;0,00409;0,01151;0,00000;0,00000
;1,59500;0,09955;0,01389;0,00000;0,00000
;1,59550;0,02715;0,01649;0,00000;0,00000
;1,59600;0,06303;0,01926;0,00000;0,00000
;1,59650;0,03420;0,02217;0,00000;0,00000
;1,59700;0,01562;0,02511;0,00000;0,00000
;1,59750;0,03356;0,02798;0,00000;0,00000
;1,59800;0,02395;0,03067;0,00000;0,00000
;1,59850;0,03292;0,03312;0,00000;0,00000
;1,59900;0,06239;0,03528;0,00000;0,00000
;1,59950;0,00345;0,03716;0,00000;0,00000
;1,60000;0,08482;0,03877;0,00000;0,00000
;1,60050;0,01306;0,04013;0,00000;0,00000
;1,60100;0,02972;0,04125;0,00000;0,00000
;1,60150;0,06367;0,04213;0,00000;0,00000
;1,60200;0,08866;0,04281;0,00000;0,00000
;1,60250;0,02523;0,04340;0,00000;0,00000
;1,60300;0,06303;0,04394;0,00000;0,00000
;1,60350;0,05214;0,04445;0,00000;0,00000
;1,60400;0,05022;0,04494;0,00000;0,00000
;1,60450;0,04701;0,04543;0,00000;0,00000
;1,60500;0,07841;0,04591;0,00000;0,00000
;1,60550;0,01818;0,04640;0,00000;0,00000
;1,60600;0,05406;0,04689;0,00000;0,00000
;1,60650;0,04317;0,04735;0,00000;0,00000
;1,60700;0,01562;0,04773;0,00000;0,00000
;1,60750;0,01434;0,04799;0,00000;0,00000
;1,60800;0,03933;0,04807;0,00000;0,00000
;1,60850;0,02267;0,04792;0,00000;0,00000
;1,60900;0,04189;0,04757;0,00000;0,00000
;1,60950;0,03164;0,04702;0,00000;0,00000
;1,61000;0,06303;0,04633;0,00000;0,00000
;1,61050;-0,02410;0,04554;0,00000;0,00000
;1,61100;0,03420;0,04462;0,00000;0,00000
;1,61150;0,09186;0,04358;0,00000;0,00000
;1,61200;0,07008;0,04253;0,00000;0,00000
;1,61250;-0,01001;0,04158;0,00000;0,00000
;1,61300;0,01434;0,04072;0,00000;0,00000
;1,61350;0,03100;0,03987;0,00000;0,00000
;1,61400;0,00793;0,03900;0,00000;0,00000
;1,61450;-0,00232;0,03806;0,00000;0,00000
;1,61500;0,02523;0,03702;0,00000;0,00000
;1,61550;-0,01898;0,03584;0,00000;0,00000
;1,61600;0,00409;0,03451;0,00000;0,00000
;1,61650;-0,02218;0,03297;0,00000;0,00000
;1,61700;-0,04076;0,03120;0,00000;0,00000
;1,61750;-0,04140;0,02913;0,00000;0,00000
;1,61800;-0,01321;0,02672;0,00000;0,00000
;1,61850;-0,01513;0,02396;0,00000;0,00000
;1,61900;-0,02090;0,02093;0,00000;0,00000
;1,61950;0,04381;0,01772;0,00000;0,00000
;1,62000;-0,02154;0,01446;0,00000;0,00000
;1,62050;-0,02026;0,01127;0,00000;0,00000
;1,62100;-0,07920;0,00814;0,00000;0,00000
;1,62150;0,06816;0,00506;0,00000;0,00000
;1,62200;0,00857;0,00211;0,00000;0,00000
;1,62250;0,01818;-0,00058;0,00000;0,00000
;1,62300;-0,01898;-0,00289;0,00000;0,00000
;1,62350;0,07072;-0,00481;0,00000;0,00000
;1,62400;-0,01770;-0,00627;0,00000;0,00000
;1,62450;-0,00296;-0,00726;0,00000;0,00000
;1,62500;0,00921;-0,00784;0,00000;0,00000
;1,62550;0,00345;-0,00807;0,00000;0,00000
;1,62600;0,04701;-0,00797;0,00000;0,00000
;1,62650;0,05983;-0,00751;0,00000;0,00000
;1,62700;-0,03820;-0,00667;0,00000;0,00000
;1,62750;0,00601;-0,00551;0,00000;0,00000
;1,62800;0,00793;-0,00417;0,00000;0,00000
;1,62850;0,00857;-0,00271;0,00000;0,00000
;1,62900;-0,04332;-0,00123;0,00000;0,00000
;1,62950;0,06431;0,00021;0,00000;0,00000
;1,63000;-0,00937;0,00158;0,00000;0,00000
;1,63050;0,00152;0,00289;0,00000;0,00000
;1,63100;-0,02667;0,00410;0,00000;0,00000
;1,63150;0,02587;0,00514;0,00000;0,00000
;1,63200;0,03676;0,00603;0,00000;0,00000
;1,63250;0,05342;0,00683;0,00000;0,00000
;1,63300;-0,00232;0,00764;0,00000;0,00000
;1,63350;0,05919;0,00850;0,00000;0,00000
;1,63400;-0,00232;0,00942;0,00000;0,00000
;1,63450;0,01114;0,01039;0,00000;0,00000
;1,63500;0,00601;0,01137;0,00000;0,00000
;1,63550;0,00601;0,01229;0,00000;0,00000
;1,63600;0,02395;0,01313;0,00000;0,00000
;1,63650;0,06752;0,01390;0,00000;0,00000
;1,63700;-0,00937;0,01464;0,00000;0,00000
;1,63750;0,03997;0,01540;0,00000;0,00000
;1,63800;0,00024;0,01614;0,00000;0,00000
;1,63850;0,08866;0,01687;0,00000;0,00000
;1,63900;-0,00680;0,01764;0,00000;0,00000
;1,63950;0,11044;0,01849;0,00000;0,00000
;1,64000;-0,00360;0,01947;0,00000;0,00000
;1,64050;0,03420;0,02058;0,00000;0,00000
;1,64100;-0,00552;0,02176;0,00000;0,00000
;1,64150;0,07520;0,02293;0,00000;0,00000
;1,64200;0,04765;0,02409;0,00000;0,00000
;1,64250;0,05470;0,02530;0,00000;0,00000
;1,64300;-0,02282;0,02655;0,00000;0,00000
;1,64350;0,07392;0,02779;0,00000;0,00000
;1,64400;0,01754;0,02896;0,00000;0,00000
;1,64450;0,05150;0,03008;0,00000;0,00000
;1,64500;-0,00040;0,03112;0,00000;0,00000
;1,64550;0,03997;0,03205;0,00000;0,00000
;1,64600;0,05662;0,03284;0,00000;0,00000
;1,64650;0,06688;0,03355;0,00000;0,00000
;1,64700;0,02972;0,03423;0,00000;0,00000
;1,64750;0,05214;0,03493;0,00000;0,00000
;1,64800;-0,02026;0,03560;0,00000;0,00000
;1,64850;0,05791;0,03619;0,00000;0,00000
;1,64900;0,02331;0,03666;0,00000;0,00000
;1,64950;0,06431;0,03701;0,00000;0,00000
;1,65000;0,03164;0,03729;0,00000;0,00000
;1,65050;0,05406;0,03753;0,00000;0,00000
;1,65100;0,00152;0,03774;0,00000;0,00000
;1,65150;0,03804;0,03790;0,00000;0,00000
;1,65200;0,04637;0,03797;0,00000;0,00000
;1,65250;0,05214;0,03799;0,00000;0,00000
;1,65300;-0,02538;0,03796;0,00000;0,00000
;1,65350;0,03356;0,03783;0,00000;0,00000
;1,65400;0,00024;0,03756;0,00000;0,00000
;1,65450;-0,01962;0,03708;0,00000;0,00000
;1,65500;-0,04461;0,03631;0,00000;0,00000
;1,65550;0,02523;0,03519;0,00000;0,00000
;1,65600;-0,04973;0,03367;0,00000;0,00000
;1,65650;0,01434;0,03177;0,00000;0,00000
;1,65700;-0,01513;0,02953;0,00000;0,00000
;1,65750;-0,02859;0,02699;0,00000;0,00000
;1,65800;0,00345;0,02421;0,00000;0,00000
;1,65850;-0,03628;0,02122;0,00000;0,00000
;1,65900;0,02843;0,01810;0,00000;0,00000
;1,65950;0,03676;0,01495;0,00000;0,00000
;1,66000;-0,02026;0,01191;0,00000;0,00000
;1,66050;-0,02346;0,00907;0,00000;0,00000
;1,66100;-0,01321;0,00641;0,00000;0,00000
;1,66150;-0,00104;0,00391;0,00000;0,00000
;1,66200;0,02395;0,00161;0,00000;0,00000
;1,66250;-0,00488;-0,00045;0,00000;0,00000
;1,66300;-0,03307;-0,00223;0,00000;0,00000
;1,66350;-0,02474;-0,00378;0,00000;0,00000
;1,66400;0,00409;-0,00515;0,00000;0,00000
;1,66450;-0,00680;-0,00637;0,00000;0,00000
;1,66500;0,01370;-0,00741;0,00000;0,00000
;1,66550;-0,06447;-0,00826;0,00000;0,00000
;1,66600;0,00537;-0,00899;0,00000;0,00000
;1,66650;-0,02026;-0,00964;0,00000;0,00000
;1,66700;0,02972;-0,01021;0,00000;0,00000
;1,66750;-0,01641;-0,01065;0,00000;0,00000
;1,66800;0,02139;-0,01094;0,00000;0,00000
;1,66850;-0,02859;-0,01105;0,00000;0,00000
;1,66900;0,04381;-0,01099;0,00000;0,00000
;1,66950;-0,00104;-0,01074;0,00000;0,00000
;1,67000;0,03228;-0,01028;0,00000;0,00000
;1,67050;0,00921;-0,00958;0,00000;0,00000
;1,67100;0,02651;-0,00865;0,00000;0,00000
;1,67150;-0,02859;-0,00750;0,00000;0,00000
;1,67200;0,11429;-0,00618;0,00000;0,00000
;1,67250;-0,00232;-0,00464;0,00000;0,00000
;1,67300;0,02075;-0,00285;0,00000;0,00000
;1,67350;0,00088;-0,00087;0,00000;0,00000
;1,67400;0,06688;0,00122;0,00000;0,00000
;1,67450;-0,02923;0,00338;0,00000;0,00000
;1,67500;0,05342;0,00557;0,00000;0,00000
;1,67550;-0,01834;0,00772;0,00000;0,00000
;1,67600;0,04830;0,00978;0,00000;0,00000
;1,67650;0,01114;0,01173;0,00000;0,00000
;1,67700;0,06047;0,01356;0,00000;0,00000
;1,67750;0,01434;0,01531;0,00000;0,00000
;1,67800;0,06688;0,01699;0,00000;0,00000
;1,67850;-0,01706;0,01863;0,00000;0,00000
;1,67900;0,05855;0,02020;0,00000;0,00000
;1,67950;0,03548;0,02168;0,00000;0,00000
;1,68000;0,04958;0,02309;0,00000;0,00000
;1,68050;0,04381;0,02447;0,00000;0,00000
;1,68100;0,05342;0,02583;0,00000;0,00000
;1,68150;-0,05357;0,02718;0,00000;0,00000
;1,68200;0,08161;0,02840;0,00000;0,00000
;1,68250;0,01562;0,02947;0,00000;0,00000
;1,68300;0,03420;0,03038;0,00000;0,00000
;1,68350;0,02395;0,03116;0,00000;0,00000
;1,68400;0,08033;0,03181;0,00000;0,00000
;1,68450;0,04125;0,03240;0,00000;0,00000
;1,68500;0,06559;0,03300;0,00000;0,00000
;1,68550;-0,01257;0,03364;0,00000;0,00000
;1,68600;0,04125;0,03426;0,00000;0,00000
;1,68650;0,02139;0,03481;0,00000;0,00000
;1,68700;0,04125;0,03526;0,00000;0,00000
;1,68750;0,00729;0,03560;0,00000;0,00000
;1,68800;0,04894;0,03581;0,00000;0,00000
;1,68850;0,01626;0,03589;0,00000;0,00000
;1,68900;0,04765;0,03587;0,00000;0,00000
;1,68950;0,07456;0,03577;0,00000;0,00000
;1,69000;0,01690;0,03568;0,00000;0,00000
;1,69050;0,04317;0,03563;0,00000;0,00000
;1,69100;0,00729;0,03560;0,00000;0,00000
;1,69150;0,00345;0,03554;0,00000;0,00000
;1,69200;0,05406;0,03539;0,00000;0,00000
;1,69250;-0,02282;0,03514;0,00000;0,00000
;1,69300;0,00793;0,03474;0,00000;0,00000
;1,69350;0,02907;0,03416;0,00000;0,00000
;1,69400;-0,00552;0,03338;0,00000;0,00000
;1,69450;-0,03692;0,03240;0,00000;0,00000
;1,69500;0,01178;0,03117;0,00000;0,00000
;1,69550;-0,05357;0,02964;0,00000;0,00000
;1,69600;0,03804;0,02782;0,00000;0,00000
;1,69650;0,01562;0,02574;0,00000;0,00000
;1,69700;-0,01962;0,02352;0,00000;0,00000
;1,69750;-0,02410;0,02120;0,00000;0,00000
;1,69800;-0,00680;0,01879;0,00000;0,00000
;1,69850;-0,01898;0,01629;0,00000;0,00000
;1,69900;-0,02923;0,01372;0,00000;0,00000
;1,69950;-0,00104;0,01109;0,00000;0,00000
;1,70000;-0,01257;0,00844;0,00000;0,00000
;1,70050;0,02651;0,00583;0,00000;0,00000
;1,70100;-0,08753;0,00332;0,00000;0,00000
;1,70150;0,00985;0,00090;0,00000;0,00000
;1,70200;-0,02090;-0,00146;0,00000;0,00000
;1,70250;0,03164;-0,00370;0,00000;0,00000
;1,70300;-0,03692;-0,00576;0,00000;0,00000
;1,70350;0,02972;-0,00759;0,00000;0,00000
;1,70400;-0,02154;-0,00914;0,00000;0,00000
;1,70450;0,01946;-0,01041;0,00000;0,00000
;1,70500;-0,05293;-0,01139;0,00000;0,00000
;1,70550;-0,00232;-0,01213;0,00000;0,00000
;1,70600;-0,00360;-0,01269;0,00000;0,00000
;1,70650;-0,01193;-0,01309;0,00000;0,00000
;1,70700;0,03356;-0,01332;0,00000;0,00000
;1,70750;0,05727;-0,01332;0,00000;0,00000
;1,70800;0,00729;-0,01300;0,00000;0,00000
;1,70850;-0,00360;-0,01231;0,00000;0,00000
;1,70900;0,02587;-0,01132;0,00000;0,00000
;1,70950;0,03036;-0,01005;0,00000;0,00000
;1,71000;0,00152;-0,00853;0,00000;0,00000
;1,71050;0,03676;-0,00680;0,00000;0,00000
;1,71100;0,00729;-0,00490;0,00000;0,00000
;1,71150;0,02267;-0,00287;0,00000;0,00000
;1,71200;0,02843;-0,00075;0,00000;0,00000
;1,71250;0,04381;0,00144;0,00000;0,00000
;1,71300;-0,00232;0,00367;0,00000;0,00000
;1,71350;0,03804;0,00592;0,00000;0,00000
;1,71400;0,01306;0,00814;0,00000;0,00000
;1,71450;0,04189;0,01030;0,00000;0,00000
;1,71500;-0,01962;0,01236;0,00000;0,00000
;1,71550;0,02907;0,01429;0,00000;0,00000
;1,71600;-0,00360;0,01600;0,00000;0,00000
;1,71650;0,04509;0,01749;0,00000;0,00000
;1,71700;0,03356;0,01877;0,00000;0,00000
;1,71750;0,08225;0,01991;0,00000;0,00000
;1,71800;0,00793;0,02101;0,00000;0,00000
;1,71850;0,06688;0,02211;0,00000;0,00000
;1,71900;0,05086;0,02325;0,00000;0,00000
;1,71950;0,08738;0,02448;0,00000;0,00000
;1,72000;0,02587;0,02585;0,00000;0,00000
;1,72050;0,06559;0,02738;0,00000;0,00000
;1,72100;0,00409;0,02902;0,00000;0,00000
;1,72150;0,00793;0,03068;0,00000;0,00000
;1,72200;0,07008;0,03225;0,00000;0,00000
;1,72250;0,07649;0,03372;0,00000;0,00000
;1,72300;0,02651;0,03514;0,00000;0,00000
;1,72350;0,05791;0,03653;0,00000;0,00000
;1,72400;-0,00232;0,03786;0,00000;0,00000
;1,72450;0,05919;0,03907;0,00000;0,00000
;1,72500;-0,01449;0,04010;0,00000;0,00000
;1,72550;0,05406;0,04091;0,00000;0,00000
;1,72600;0,03292;0,04146;0,00000;0,00000
;1,72650;0,03676;0,04179;0,00000;0,00000
;1,72700;0,04317;0,04193;0,00000;0,00000
;1,72750;0,06495;0,04193;0,00000;0,00000
;1,72800;0,01754;0,04184;0,00000;0,00000
;1,72850;0,05342;0,04170;0,00000;0,00000
;1,72900;0,03164;0,04151;0,00000;0,00000
;1,72950;0,02331;0,04129;0,00000;0,00000
;1,73000;0,04445;0,04101;0,00000;0,00000
;1,73050;0,03869;0,04069;0,00000;0,00000
;1,73100;0,05470;0,04035;0,00000;0,00000
;1,73150;-0,00488;0,04000;0,00000;0,00000
;1,73200;-0,01898;0,03961;0,00000;0,00000
;1,73250;0,06175;0,03908;0,00000;0,00000
;1,73300;0,03548;0,03841;0,00000;0,00000
;1,73350;-0,00168;0,03765;0,00000;0,00000
;1,73400;0,00857;0,03680;0,00000;0,00000
;1,73450;0,00537;0,03583;0,00000;0,00000
;1,73500;-0,04845;0,03467;0,00000;0,00000
;1,73550;0,03356;0,03329;0,00000;0,00000
;1,73600;-0,01898;0,03165;0,00000;0,00000
;1,73650;-0,03948;0,02978;0,00000;0,00000
;1,73700;0,01498;0,02765;0,00000;0,00000
;1,73750;-0,00809;0,02530;0,00000;0,00000
;1,73800;-0,00809;0,02277;0,00000;0,00000
;1,73850;0,00665;0,02014;0,00000;0,00000
;1,73900;0,03612;0,01748;0,00000;0,00000
;1,73950;-0,01129;0,01490;0,00000;0,00000
;1,74000;0,00409;0,01246;0,00000;0,00000
;1,74050;-0,01257;0,01018;0,00000;0,00000
;1,74100;0,06944;0,00810;0,00000;0,00000
;1,74150;-0,04396;0,00627;0,00000;0,00000
;1,74200;-0,03884;0,00469;0,00000;0,00000
;1,74250;-0,01193;0,00326;0,00000;0,00000
;1,74300;0,05983;0,00193;0,00000;0,00000
;1,74350;-0,07087;0,00073;0,00000;0,00000
;1,74400;0,02523;-0,00033;0,00000;0,00000
;1,74450;0,05662;-0,00125;0,00000;0,00000
;1,74500;0,01690;-0,00195;0,00000;0,00000
;1,74550;0,00729;-0,00235;0,00000;0,00000
;1,74600;0,02267;-0,00245;0,00000;0,00000
;1,74650;-0,00680;-0,00226;0,00000;0,00000
;1,74700;0,06495;-0,00182;0,00000;0,00000
;1,74750;0,03612;-0,00112;0,00000;0,00000
;1,74800;0,03869;-0,00010;0,00000;0,00000
;1,74850;0,04445;0,00125;0,00000;0,00000
;1,74900;0,05022;0,00291;0,00000;0,00000
;1,74950;-0,04717;0,00485;0,00000;0,00000
;1,75000;0,04317;0,00692;0,00000;0,00000
;1,75050;0,02395;0,00902;0,00000;0,00000
;1,75100;0,05342;0,01111;0,00000;0,00000
;1,75150;-0,00744;0,01318;0,00000;0,00000
;1,75200;0,04765;0,01519;0,00000;0,00000
;1,75250;0,00729;0,01710;0,00000;0,00000
;1,75300;0,08866;0,01891;0,00000;0,00000
;1,75350;-0,00744;0,02065;0,00000;0,00000
;1,75400;0,04637;0,02232;0,00000;0,00000
;1,75450;0,03036;0,02389;0,00000;0,00000
;1,75500;0,04701;0,02536;0,00000;0,00000
;1,75550;0,06239;0,02675;0,00000;0,00000
;1,75600;0,05791;0,02812;0,00000;0,00000
;1,75650;-0,00104;0,02948;0,00000;0,00000
;1,75700;0,08610;0,03083;0,00000;0,00000
;1,75750;0,02843;0,03214;0,00000;0,00000
;1,75800;0,10660;0,03346;0,00000;0,00000
;1,75850;0,01434;0,03483;0,00000;0,00000
;1,75900;0,11236;0,03627;0,00000;0,00000
;1,75950;0,00024;0,03779;0,00000;0,00000
;1,76000;0,07008;0,03935;0,00000;0,00000
;1,76050;0,03164;0,04090;0,00000;0,00000
;1,76100;0,07264;0,04239;0,00000;0,00000
;1,76150;-0,06190;0,04378;0,00000;0,00000
;1,76200;0,03420;0,04493;0,00000;0,00000
;1,76250;0,04317;0,04572;0,00000;0,00000
;1,76300;0,09314;0,04618;0,00000;0,00000
;1,76350;-0,01962;0,04639;0,00000;0,00000
;1,76400;0,09891;0,04642;0,00000;0,00000
;1,76450;0,02203;0,04630;0,00000;0,00000
;1,76500;0,06688;0,04610;0,00000;0,00000
;1,76550;0,04894;0,04586;0,00000;0,00000
;1,76600;0,02267;0,04561;0,00000;0,00000
;1,76650;0,00345;0,04534;0,00000;0,00000
;1,76700;0,06816;0,04499;0,00000;0,00000
;1,76750;-0,00360;0,04454;0,00000;0,00000
;1,76800;0,04381;0,04399;0,00000;0,00000
;1,76850;0,04445;0,04335;0,00000;0,00000
;1,76900;0,03997;0,04264;0,00000;0,00000
;1,76950;-0,00424;0,04189;0,00000;0,00000
;1,77000;0,03420;0,04107;0,00000;0,00000
;1,77050;0,00921;0,04017;0,00000;0,00000
;1,77100;0,08289;0,03920;0,00000;0,00000
;1,77150;-0,03756;0,03819;0,00000;0,00000
;1,77200;0,00857;0,03713;0,00000;0,00000
;1,77250;-0,00873;0,03596;0,00000;0,00000
;1,77300;0,05086;0,03463;0,00000;0,00000
;1,77350;-0,02538;0,03317;0,00000;0,00000
;1,77400;0,03356;0,03161;0,00000;0,00000
;1,77450;-0,00232;0,02996;0,00000;0,00000
;1,77500;0,01434;0,02826;0,00000;0,00000
;1,77550;0,02523;0,02652;0,00000;0,00000
;1,77600;-0,02731;0,02478;0,00000;0,00000
;1,77650;-0,00296;0,02303;0,00000;0,00000
;1,77700;0,03548;0,02125;0,00000;0,00000
;1,77750;-0,00360;0,01948;0,00000;0,00000
;1,77800;-0,00744;0,01776;0,00000;0,00000
;1,77850;0,03869;0,01611;0,00000;0,00000
;1,77900;-0,01129;0,01455;0,00000;0,00000
;1,77950;-0,07215;0,01307;0,00000;0,00000
;1,78000;0,01946;0,01159;0,00000;0,00000
;1,78050;0,03548;0,01008;0,00000;0,00000
;1,78100;0,00217;0,00860;0,00000;0,00000
;1,78150;-0,03884;0,00723;0,00000;0,00000
;1,78200;-0,05037;0,00591;0,00000;0,00000
;1,78250;0,02972;0,00457;0,00000;0,00000
;1,78300;0,02395;0,00321;0,00000;0,00000
;1,78350;-0,00296;0,00193;0,00000;0,00000
;1,78400;-0,01834;0,00080;0,00000;0,00000
;1,78450;0,02203;-0,00021;0,00000;0,00000
;1,78500;-0,02474;-0,00108;0,00000;0,00000
;1,78550;0,05919;-0,00180;0,00000;0,00000
;1,78600;-0,01129;-0,00233;0,00000;0,00000
;1,78650;-0,00488;-0,00264;0,00000;0,00000
;1,78700;0,02139;-0,00276;0,00000;0,00000
;1,78750;0,02715;-0,00269;0,00000;0,00000
;1,78800;-0,02026;-0,00244;0,00000;0,00000
;1,78850;0,07200;-0,00200;0,00000;0,00000
;1,78900;0,02523;-0,00135;0,00000;0,00000
;1,78950;-0,00232;-0,00046;0,00000;0,00000
;1,79000;0,02139;0,00064;0,00000;0,00000
;1,79050;0,05470;0,00191;0,00000;0,00000
;1,79100;0,02523;0,00334;0,00000;0,00000
;1,79150;0,02010;0,00494;0,00000;0,00000
;1,79200;-0,01065;0,00666;0,00000;0,00000
;1,79250;0,07585;0,00842;0,00000;0,00000
;1,79300;0,00729;0,01022;0,00000;0,00000
;1,79350;0,02715;0,01203;0,00000;0,00000
;1,79400;0,01882;0,01384;0,00000;0,00000
;1,79450;0,07008;0,01560;0,00000;0,00000
;1,79500;0,01754;0,01734;0,00000;0,00000
;1,79550;0,12582;0,01910;0,00000;0,00000
;1,79600;0,01434;0,02096;0,00000;0,00000
;1,79650;0,05662;0,02295;0,00000;0,00000
;1,79700;0,03356;0,02504;0,00000;0,00000
;1,79750;0,07713;0,02717;0,00000;0,00000
;1,79800;0,04894;0,02935;0,00000;0,00000
;1,79850;0,10275;0,03159;0,00000;0,00000
;1,79900;0,07456;0,03392;0,00000;0,00000
;1,79950;0,02715;0,03638;0,00000;0,00000
;1,80000;0,03036;0,03888;0,00000;0,00000
;1,80050;0,05855;0,04131;0,00000;0,00000
;1,80100;0,05278;0,04360;0,00000;0,00000
;1,80150;-0,01641;0,04569;0,00000;0,00000
;1,80200;0,00921;0,04747;0,00000;0,00000
;1,80250;0,07649;0,04884;0,00000;0,00000
;1,80300;0,04830;0,04982;0,00000;0,00000
;1,80350;0,06175;0,05048;0,00000;0,00000
;1,80400;0,02010;0,05090;0,00000;0,00000
;1,80450;0,13607;0,05113;0,00000;0,00000
;1,80500;0,05278;0,05129;0,00000;0,00000
;1,80550;0,10980;0,05151;0,00000;0,00000
;1,80600;0,02587;0,05186;0,00000;0,00000
;1,80650;0,07328;0,05235;0,00000;0,00000
;1,80700;0,02331;0,05292;0,00000;0,00000
;1,80750;0,00537;0,05348;0,00000;0,00000
;1,80800;-0,01577;0,05389;0,00000;0,00000
;1,80850;0,06175;0,05403;0,00000;0,00000
;1,80900;0,05662;0,05386;0,00000;0,00000
;1,80950;0,02523;0,05344;0,00000;0,00000
;1,81000;0,00793;0,05282;0,00000;0,00000
;1,81050;0,07328;0,05198;0,00000;0,00000
;1,81100;0,05598;0,05100;0,00000;0,00000
;1,81150;0,04317;0,04995;0,00000;0,00000
;1,81200;0,01562;0,04889;0,00000;0,00000
;1,81250;0,04637;0,04783;0,00000;0,00000
;1,81300;0,06239;0,04676;0,00000;0,00000
;1,81350;0,02715;0,04574;0,00000;0,00000
;1,81400;0,02459;0,04477;0,00000;0,00000
;1,81450;0,06431;0,04386;0,00000;0,00000
;1,81500;0,06752;0,04302;0,00000;0,00000
;1,81550;0,06495;0,04234;0,00000;0,00000
;1,81600;0,05342;0,04187;0,00000;0,00000
;1,81650;0,07713;0,04164;0,00000;0,00000
;1,81700;0,09250;0,04168;0,00000;0,00000
;1,81750;0,03164;0,04204;0,00000;0,00000
;1,81800;0,04701;0,04267;0,00000;0,00000
;1,81850;0,11044;0,04351;0,00000;0,00000
;1,81900;0,05406;0,04458;0,00000;0,00000
;1,81950;0,04894;0,04584;0,00000;0,00000
;1,82000;0,05983;0,04726;0,00000;0,00000
;1,82050;0,06944;0,04876;0,00000;0,00000
;1,82100;0,11621;0,05032;0,00000;0,00000
;1,82150;0,09122;0,05199;0,00000;0,00000
;1,82200;0,02075;0,05380;0,00000;0,00000
;1,82250;0,07713;0,05568;0,00000;0,00000
;1,82300;0,12710;0,05756;0,00000;0,00000
;1,82350;0,13671;0,05949;0,00000;0,00000
;1,82400;0,15337;0,06161;0,00000;0,00000
;1,82450;0,18733;0,06406;0,00000;0,00000
;1,82500;0,16939;0,06701;0,00000;0,00000
;1,82550;0,13223;0,07053;0,00000;0,00000
;1,82600;0,18925;0,07463;0,00000;0,00000
;1,82650;0,13799;0,07927;0,00000;0,00000
;1,82700;0,09507;0,08434;0,00000;0,00000
;1,82750;0,07969;0,08966;0,00000;0,00000
;1,82800;0,13607;0,09497;0,00000;0,00000
;1,82850;0,08802;0,10008;0,00000;0,00000
;1,82900;0,07200;0,10486;0,00000;0,00000
;1,82950;0,08866;0,10914;0,00000;0,00000
;1,83000;0,11749;0,11280;0,00000;0,00000
;1,83050;0,09443;0,11582;0,00000;0,00000
;1,83100;0,14440;0,11821;0,00000;0,00000
;1,83150;0,15145;0,12008;0,00000;0,00000
;1,83200;0,17451;0,12156;0,00000;0,00000
;1,83250;0,12774;0,12282;0,00000;0,00000
;1,83300;0,17195;0,12396;0,00000;0,00000
;1,83350;0,18861;0,12509;0,00000;0,00000
;1,83400;0,22192;0,12634;0,00000;0,00000
;1,83450;0,18028;0,12787;0,00000;0,00000
;1,83500;0,26421;0,12980;0,00000;0,00000
;1,83550;0,19758;0,13225;0,00000;0,00000
;1,83600;0,24819;0,13529;0,00000;0,00000
;1,83650;0,25332;0,13896;0,00000;0,00000
;1,83700;0,24691;0,14329;0,00000;0,00000
;1,83750;0,25716;0,14828;0,00000;0,00000
;1,83800;0,28984;0,15392;0,00000;0,00000
;1,83850;0,24243;0,16017;0,00000;0,00000
;1,83900;0,30585;0,16698;0,00000;0,00000
;1,83950;0,25011;0,17428;0,00000;0,00000
;1,84000;0,31547;0,18198;0,00000;0,00000
;1,84050;0,28151;0,19001;0,00000;0,00000
;1,84100;0,27638;0,19828;0,00000;0,00000
;1,84150;0,33020;0,20670;0,00000;0,00000
;1,84200;0,39107;0,21523;0,00000;0,00000
;1,84250;0,31547;0,22394;0,00000;0,00000
;1,84300;0,34558;0,23283;0,00000;0,00000
;1,84350;0,31739;0,24183;0,00000;0,00000
;1,84400;0,35839;0,25086;0,00000;0,00000
;1,84450;0,31931;0,25983;0,00000;0,00000
;1,84500;0,38722;0,26866;0,00000;0,00000
;1,84550;0,31418;0,27730;0,00000;0,00000
;1,84600;0,35647;0,28568;0,00000;0,00000
;1,84650;0,37697;0,29374;0,00000;0,00000
;1,84700;0,35327;0,30145;0,00000;0,00000
;1,84750;0,35134;0,30879;0,00000;0,00000
;1,84800;0,38402;0,31574;0,00000;0,00000
;1,84850;0,31162;0,32226;0,00000;0,00000
;1,84900;0,41093;0,32831;0,00000;0,00000
;1,84950;0,39427;0,33391;0,00000;0,00000
;1,85000;0,45514;0,33916;0,00000;0,00000
;1,85050;0,43720;0,34423;0,00000;0,00000
;1,85100;0,40516;0,34927;0,00000;0,00000
;1,85150;0,48653;0,35435;0,00000;0,00000
;1,85200;0,55444;0,35961;0,00000;0,00000
;1,85250;0,49806;0,36526;0,00000;0,00000
;1,85300;0,49742;0,37148;0,00000;0,00000
;1,85350;0,49999;0,37830;0,00000;0,00000
;1,85400;0,52433;0,38570;0,00000;0,00000
;1,85450;0,50447;0,39362;0,00000;0,00000
;1,85500;0,53138;0,40202;0,00000;0,00000
;1,85550;0,48653;0,41080;0,00000;0,00000
;1,85600;0,54355;0,41983;0,00000;0,00000
;1,85650;0,52689;0,42901;0,00000;0,00000
;1,85700;0,50575;0,43825;0,00000;0,00000
;1,85750;0,50255;0,44742;0,00000;0,00000
;1,85800;0,54291;0,45639;0,00000;0,00000
;1,85850;0,50511;0,46504;0,00000;0,00000
;1,85900;0,54227;0,47331;0,00000;0,00000
;1,85950;0,55957;0,48116;0,00000;0,00000
;1,86000;0,55508;0,48859;0,00000;0,00000
;1,86050;0,64286;0,49567;0,00000;0,00000
;1,86100;0,53202;0,50251;0,00000;0,00000
;1,86150;0,64606;0,50920;0,00000;0,00000
;1,86200;0,61787;0,51579;0,00000;0,00000
;1,86250;0,63902;0,52240;0,00000;0,00000
;1,86300;0,64286;0,52912;0,00000;0,00000
;1,86350;0,66464;0,53602;0,00000;0,00000
;1,86400;0,65247;0,54315;0,00000;0,00000
;1,86450;0,66913;0,55055;0,00000;0,00000
;1,86500;0,62941;0,55820;0,00000;0,00000
;1,86550;0,64478;0,56602;0,00000;0,00000
;1,86600;0,65888;0,57390;0,00000;0,00000
;1,86650;0,72102;0,58180;0,00000;0,00000
;1,86700;0,68643;0,58972;0,00000;0,00000
;1,86750;0,72167;0,59770;0,00000;0,00000
;1,86800;0,69283;0,60577;0,00000;0,00000
;1,86850;0,70885;0,61389;0,00000;0,00000
;1,86900;0,70629;0,62203;0,00000;0,00000
;1,86950;0,73768;0,63014;0,00000;0,00000
;1,87000;0,71141;0,63819;0,00000;0,00000
;1,87050;0,78830;0,64618;0,00000;0,00000
;1,87100;0,72359;0,65413;0,00000;0,00000
;1,87150;0,85877;0,66210;0,00000;0,00000
;1,87200;0,81200;0,67018;0,00000;0,00000
;1,87250;0,82994;0,67853;0,00000;0,00000
;1,87300;0,80752;0,68721;0,00000;0,00000
;1,87350;0,89337;0,69625;0,00000;0,00000
;1,87400;0,84340;0,70569;0,00000;0,00000
;1,87450;0,89593;0,71556;0,00000;0,00000
;1,87500;0,88184;0,72588;0,00000;0,00000
;1,87550;0,94399;0,73665;0,00000;0,00000
;1,87600;0,89978;0,74788;0,00000;0,00000
;1,87650;0,96513;0,75958;0,00000;0,00000
;1,87700;0,91131;0,77171;0,00000;0,00000
;1,87750;0,97346;0,78423;0,00000;0,00000
;1,87800;0,91067;0,79703;0,00000;0,00000
;1,87850;0,90234;0,80998;0,00000;0,00000
;1,87900;0,87799;0,82285;0,00000;0,00000
;1,87950;0,97730;0,83540;0,00000;0,00000
;1,88000;0,94463;0,84751;0,00000;0,00000
;1,88050;0,92477;0,85914;0,00000;0,00000
;1,88100;0,82930;0,87017;0,00000;0,00000
;1,88150;0,97922;0,88041;0,00000;0,00000
;1,88200;0,91900;0,88975;0,00000;0,00000
;1,88250;0,97666;0,89821;0,00000;0,00000
;1,88300;0,89978;0,90584;0,00000;0,00000
;1,88350;0,99012;0,91267;0,00000;0,00000
;1,88400;0,96385;0,91878;0,00000;0,00000
;1,88450;1,00421;0,92429;0,00000;0,00000
;1,88500;0,98627;0,92932;0,00000;0,00000
;1,88550;1,03561;0,93404;0,00000;0,00000
;1,88600;1,03625;0,93860;0,00000;0,00000
;1,88650;1,12146;0,94319;0,00000;0,00000
;1,88700;1,05931;0,94804;0,00000;0,00000
;1,88750;1,13043;0,95336;0,00000;0,00000
;1,88800;1,09006;0,95929;0,00000;0,00000
;1,88850;1,10096;0,96589;0,00000;0,00000
;1,88900;1,07277;0,97315;0,00000;0,00000
;1,88950;1,10096;0,98099;0,00000;0,00000
;1,89000;1,06316;0,98928;0,00000;0,00000
;1,89050;0,99332;0,99783;0,00000;0,00000
;1,89100;1,01318;1,00635;0,00000;0,00000
;1,89150;1,07084;1,01453;0,00000;0,00000
;1,89200;1,05675;1,02223;0,00000;0,00000
;1,89250;1,03945;1,02936;0,00000;0,00000
;1,89300;0,97858;1,03582;0,00000;0,00000
;1,89350;1,06444;1,04149;0,00000;0,00000
;1,89400;1,03240;1,04630;0,00000;0,00000
;1,89450;1,12146;1,05030;0,00000;0,00000
;1,89500;1,11121;1,05363;0,00000;0,00000
;1,89550;1,10352;1,05651;0,00000;0,00000
;1,89600;1,12530;1,05913;0,00000;0,00000
;1,89650;1,13299;1,06164;0,00000;0,00000
;1,89700;1,14901;1,06419;0,00000;0,00000
;1,89750;1,17400;1,06693;0,00000;0,00000
;1,89800;1,15221;1,07000;0,00000;0,00000
;1,89850;1,15606;1,07348;0,00000;0,00000
;1,89900;1,16567;1,07741;0,00000;0,00000
;1,89950;1,21564;1,08179;0,00000;0,00000
;1,90000;1,28868;1,08673;0,00000;0,00000
;1,90050;1,26946;1,09239;0,00000;0,00000
;1,90100;1,19065;1,09890;0,00000;0,00000
;1,90150;1,27587;1,10625;0,00000;0,00000
;1,90200;1,29316;1,11438;0,00000;0,00000
;1,90250;1,24319;1,12326;0,00000;0,00000
;1,90300;1,26882;1,13281;0,00000;0,00000
;1,90350;1,28484;1,14290;0,00000;0,00000
;1,90400;1,30213;1,15341;0,00000;0,00000
;1,90450;1,25088;1,16425;0,00000;0,00000
;1,90500;1,28612;1,17527;0,00000;0,00000
;1,90550;1,24319;1,18628;0,00000;0,00000
;1,90600;1,32392;1,19711;0,00000;0,00000
;1,90650;1,26113;1,20767;0,00000;0,00000
;1,90700;1,32136;1,21785;0,00000;0,00000
;1,90750;1,31815;1,22763;0,00000;0,00000
;1,90800;1,40529;1,23703;0,00000;0,00000
;1,90850;1,26946;1,24613;0,00000;0,00000
;1,90900;1,41938;1,25497;0,00000;0,00000
;1,90950;1,33865;1,26358;0,00000;0,00000
;1,91000;1,38927;1,27202;0,00000;0,00000
;1,91050;1,43027;1,28035;0,00000;0,00000
;1,91100;1,41554;1,28866;0,00000;0,00000
;1,91150;1,34891;1,29702;0,00000;0,00000
;1,91200;1,46551;1,30542;0,00000;0,00000
;1,91250;1,44052;1,31386;0,00000;0,00000
;1,91300;1,48858;1,32243;0,00000;0,00000
;1,91350;1,43540;1,33119;0,00000;0,00000
;1,91400;1,53599;1,34021;0,00000;0,00000
;1,91450;1,46359;1,34952;0,00000;0,00000
;1,91500;1,47704;1,35912;0,00000;0,00000
;1,91550;1,47256;1,36896;0,00000;0,00000
;1,91600;1,52446;1,37892;0,00000;0,00000
;1,91650;1,43796;1,38895;0,00000;0,00000
;1,91700;1,55136;1,39894;0,00000;0,00000
;1,91750;1,47961;1,40882;0,00000;0,00000
;1,91800;1,55905;1,41857;0,00000;0,00000
;1,91850;1,51869;1,42817;0,00000;0,00000
;1,91900;1,57315;1,43763;0,00000;0,00000
;1,91950;1,51677;1,44696;0,00000;0,00000
;1,92000;1,61351;1,45615;0,00000;0,00000
;1,92050;1,62633;1,46527;0,00000;0,00000
;1,92100;1,65964;1,47444;0,00000;0,00000
;1,92150;1,58212;1,48381;0,00000;0,00000
;1,92200;1,64106;1,49341;0,00000;0,00000
;1,92250;1,59749;1,50320;0,00000;0,00000
;1,92300;1,68847;1,51312;0,00000;0,00000
;1,92350;1,58020;1,52314;0,00000;0,00000
;1,92400;1,63850;1,53319;0,00000;0,00000
;1,92450;1,63914;1,54315;0,00000;0,00000
;1,92500;1,61351;1,55291;0,00000;0,00000
;1,92550;1,58724;1,56238;0,00000;0,00000
;1,92600;1,59557;1,57138;0,00000;0,00000
;1,92650;1,58148;1,57975;0,00000;0,00000
;1,92700;1,63145;1,58736;0,00000;0,00000
;1,92750;1,58917;1,59416;0,00000;0,00000
;1,92800;1,67246;1,60016;0,00000;0,00000
;1,92850;1,70705;1,60547;0,00000;0,00000
;1,92900;1,74165;1,61032;0,00000;0,00000
;1,92950;1,70129;1,61497;0,00000;0,00000
;1,93000;1,74485;1,61967;0,00000;0,00000
;1,93050;1,75639;1,62456;0,00000;0,00000
;1,93100;1,81725;1,62983;0,00000;0,00000
;1,93150;1,74934;1,63564;0,00000;0,00000
;1,93200;1,85826;1,64213;0,00000;0,00000
;1,93250;1,82238;1,64941;0,00000;0,00000
;1,93300;1,84672;1,65756;0,00000;0,00000
;1,93350;1,82366;1,66661;0,00000;0,00000
;1,93400;1,81917;1,67650;0,00000;0,00000
;1,93450;1,80252;1,68709;0,00000;0,00000
;1,93500;1,76984;1,69817;0,00000;0,00000
;1,93550;1,79355;1,70945;0,00000;0,00000
;1,93600;1,77881;1,72067;0,00000;0,00000
;1,93650;1,76343;1,73159;0,00000;0,00000
;1,93700;1,76792;1,74200;0,00000;0,00000
;1,93750;1,76472;1,75168;0,00000;0,00000
;1,93800;1,79227;1,76051;0,00000;0,00000
;1,93850;1,88453;1,76844;0,00000;0,00000
;1,93900;1,85441;1,77562;0,00000;0,00000
;1,93950;1,83775;1,78221;0,00000;0,00000
;1,94000;1,86466;1,78835;0,00000;0,00000
;1,94050;1,93514;1,79415;0,00000;0,00000
;1,94100;1,98576;1,79983;0,00000;0,00000
;1,94150;1,90247;1,80566;0,00000;0,00000
;1,94200;1,92489;1,81182;0,00000;0,00000
;1,94250;1,97550;1,81836;0,00000;0,00000
;1,94300;1,92361;1,82532;0,00000;0,00000
;1,94350;1,97614;1,83272;0,00000;0,00000
;1,94400;1,90631;1,84052;0,00000;0,00000
;1,94450;1,95372;1,84863;0,00000;0,00000
;1,94500;1,95500;1,85694;0,00000;0,00000
;1,94550;1,96910;1,86537;0,00000;0,00000
;1,94600;1,97935;1,87386;0,00000;0,00000
;1,94650;2,02804;1,88241;0,00000;0,00000
;1,94700;1,99793;1,89103;0,00000;0,00000
;1,94750;2,03317;1,89977;0,00000;0,00000
;1,94800;1,99280;1,90861;0,00000;0,00000
;1,94850;2,07033;1,91753;0,00000;0,00000
;1,94900;2,02163;1,92652;0,00000;0,00000
;1,94950;2,09724;1,93560;0,00000;0,00000
;1,95000;2,06264;1,94479;0,00000;0,00000
;1,95050;2,08122;1,95412;0,00000;0,00000
;1,95100;2,13568;1,96359;0,00000;0,00000
;1,95150;2,11646;1,97325;0,00000;0,00000
;1,95200;2,06072;1,98313;0,00000;0,00000
;1,95250;2,07737;1,99312;0,00000;0,00000
;1,95300;2,11774;2,00308;0,00000;0,00000
;1,95350;2,14465;2,01294;0,00000;0,00000
;1,95400;2,14465;2,02269;0,00000;0,00000
;1,95450;2,20039;2,03239;0,00000;0,00000
;1,95500;2,17412;2,04212;0,00000;0,00000
;1,95550;2,16643;2,05192;0,00000;0,00000
;1,95600;2,16131;2,06179;0,00000;0,00000
;1,95650;2,25421;2,07168;0,00000;0,00000
;1,95700;2,21833;2,08163;0,00000;0,00000
;1,95750;2,25228;2,09171;0,00000;0,00000
;1,95800;2,23434;2,10195;0,00000;0,00000
;1,95850;2,28240;2,11238;0,00000;0,00000
;1,95900;2,23306;2,12300;0,00000;0,00000
;1,95950;2,30674;2,13377;0,00000;0,00000
;1,96000;2,21769;2,14466;0,00000;0,00000
;1,96050;2,25549;2,15558;0,00000;0,00000
;1,96100;2,27599;2,16637;0,00000;0,00000
;1,96150;2,33814;2,17699;0,00000;0,00000
;1,96200;2,23691;2,18742;0,00000;0,00000
;1,96250;2,23627;2,19761;0,00000;0,00000
;1,96300;2,20551;2,20736;0,00000;0,00000
;1,96350;2,30867;2,21648;0,00000;0,00000
;1,96400;2,23242;2,22488;0,00000;0,00000
;1,96450;2,32340;2,23258;0,00000;0,00000
;1,96500;2,31251;2,23961;0,00000;0,00000
;1,96550;2,39067;2,24614;0,00000;0,00000
;1,96600;2,34390;2,25236;0,00000;0,00000
;1,96650;2,38811;2,25848;0,00000;0,00000
;1,96700;2,37338;2,26465;0,00000;0,00000
;1,96750;2,46115;2,27100;0,00000;0,00000
;1,96800;2,38619;2,27770;0,00000;0,00000
;1,96850;2,38491;2,28482;0,00000;0,00000
;1,96900;2,42399;2,29235;0,00000;0,00000
;1,96950;2,43360;2,30024;0,00000;0,00000
;1,97000;2,46307;2,30850;0,00000;0,00000
;1,97050;2,46820;2,31717;0,00000;0,00000
;1,97100;2,40028;2,32623;0,00000;0,00000
;1,97150;2,45602;2,33558;0,00000;0,00000
;1,97200;2,39964;2,34509;0,00000;0,00000
;1,97250;2,46628;2,35461;0,00000;0,00000
;1,97300;2,37530;2,36398;0,00000;0,00000
;1,97350;2,42079;2,37306;0,00000;0,00000
;1,97400;2,39964;2,38166;0,00000;0,00000
;1,97450;2,36569;2,38962;0,00000;0,00000
;1,97500;2,35864;2,39678;0,00000;0,00000
;1,97550;2,41310;2,40297;0,00000;0,00000
;1,97600;2,38811;2,40816;0,00000;0,00000
;1,97650;2,40861;2,41235;0,00000;0,00000
;1,97700;2,47076;2,41564;0,00000;0,00000
;1,97750;2,48293;2,41821;0,00000;0,00000
;1,97800;2,55661;2,42035;0,00000;0,00000
;1,97850;2,51241;2,42239;0,00000;0,00000
;1,97900;2,55277;2,42465;0,00000;0,00000
;1,97950;2,53483;2,42734;0,00000;0,00000
;1,98000;2,63414;2,43065;0,00000;0,00000
;1,98050;2,63158;2,43479;0,00000;0,00000
;1,98100;2,59185;2,43998;0,00000;0,00000
;1,98150;2,64631;2,44631;0,00000;0,00000
;1,98200;2,61171;2,45381;0,00000;0,00000
;1,98250;2,64951;2,46242;0,00000;0,00000
;1,98300;2,64311;2,47207;0,00000;0,00000
;1,98350;2,58032;2,48262;0,00000;0,00000
;1,98400;2,63029;2,49386;0,00000;0,00000
;1,98450;2,54316;2,50550;0,00000;0,00000
;1,98500;2,53803;2,51721;0,00000;0,00000
;1,98550;2,55790;2,52861;0,00000;0,00000
;1,98600;2,61300;2,53943;0,00000;0,00000
;1,98650;2,55661;2,54948;0,00000;0,00000
;1,98700;2,61748;2,55870;0,00000;0,00000
;1,98750;2,60659;2,56705;0,00000;0,00000
;1,98800;2,67706;2,57457;0,00000;0,00000
;1,98850;2,63926;2,58140;0,00000;0,00000
;1,98900;2,74946;2,58771;0,00000;0,00000
;1,98950;2,70974;2,59375;0,00000;0,00000
;1,99000;2,78150;2,59978;0,00000;0,00000
;1,99050;2,77189;2,60605;0,00000;0,00000
;1,99100;2,77637;2,61279;0,00000;0,00000
;1,99150;2,79816;2,62014;0,00000;0,00000
;1,99200;2,80328;2,62820;0,00000;0,00000
;1,99250;2,74498;2,63699;0,00000;0,00000
;1,99300;2,81161;2,64644;0,00000;0,00000
;1,99350;2,73985;2,65642;0,00000;0,00000
;1,99400;2,80328;2,66678;0,00000;0,00000
;1,99450;2,73280;2,67734;0,00000;0,00000
;1,99500;2,74049;2,68790;0,00000;0,00000
;1,99550;2,72063;2,69822;0,00000;0,00000
;1,99600;2,80200;2,70807;0,00000;0,00000
;1,99650;2,69180;2,71732;0,00000;0,00000
;1,99700;2,80584;2,72587;0,00000;0,00000
;1,99750;2,78150;2,73368;0,00000;0,00000
;1,99800;2,85197;2,74080;0,00000;0,00000
;1,99850;2,77637;2,74737;0,00000;0,00000
;1,99900;2,82314;2,75348;0,00000;0,00000
;1,99950;2,79687;2,75918;0,00000;0,00000
;2,00000;2,86287;2,76452;0,00000;0,00000
;2,00050;2,80584;2,76960;0,00000;0,00000
;2,00100;2,83788;2,77447;0,00000;0,00000
;2,00150;2,84493;2,77918;0,00000;0,00000
;2,00200;2,90067;2,78380;0,00000;0,00000
;2,00250;2,86030;2,78844;0,00000;0,00000
;2,00300;2,86415;2,79319;0,00000;0,00000
;2,00350;2,82506;2,79806;0,00000;0,00000
;2,00400;2,85005;2,80299;0,00000;0,00000
;2,00450;2,86991;2,80789;0,00000;0,00000
;2,00500;2,88465;2,81275;0,00000;0,00000
;2,00550;2,82699;2,81755;0,00000;0,00000
;2,00600;2,89939;2,82228;0,00000;0,00000
;2,00650;2,86415;2,82691;0,00000;0,00000
;2,00700;2,84236;2,83141;0,00000;0,00000
;2,00750;2,82891;2,83572;0,00000;0,00000
;2,00800;2,87184;2,83975;0,00000;0,00000
;2,00850;2,90579;2,84346;0,00000;0,00000
;2,00900;2,82122;2,84688;0,00000;0,00000
;2,00950;2,85390;2,85001;0,00000;0,00000
;2,01000;2,83532;2,85278;0,00000;0,00000
;2,01050;2,89746;2,85517;0,00000;0,00000
;2,01100;2,91797;2,85723;0,00000;0,00000
;2,01150;2,91604;2,85911;0,00000;0,00000
;2,01200;2,91092;2,86097;0,00000;0,00000
;2,01250;2,84236;2,86288;0,00000;0,00000
;2,01300;2,90259;2,86482;0,00000;0,00000
;2,01350;2,87504;2,86675;0,00000;0,00000
;2,01400;2,87888;2,86865;0,00000;0,00000
;2,01450;2,90323;2,87048;0,00000;0,00000
;2,01500;2,88273;2,87227;0,00000;0,00000
;2,01550;2,88145;2,87399;0,00000;0,00000
;2,01600;2,88273;2,87565;0,00000;0,00000
;2,01650;2,90067;2,87721;0,00000;0,00000
;2,01700;2,91220;2,87869;0,00000;0,00000
;2,01750;2,88913;2,88013;0,00000;0,00000
;2,01800;2,85390;2,88153;0,00000;0,00000
;2,01850;2,92822;2,88285;0,00000;0,00000
;2,01900;2,92694;2,88410;0,00000;0,00000
;2,01950;2,94295;2,88537;0,00000;0,00000
;2,02000;2,88657;2,88674;0,00000;0,00000
;2,02050;2,90195;2,88823;0,00000;0,00000
;2,02100;2,84877;2,88976;0,00000;0,00000
;2,02150;2,90451;2,89123;0,00000;0,00000
;2,02200;2,89939;2,89257;0,00000;0,00000
;2,02250;2,90195;2,89376;0,00000;0,00000
;2,02300;2,85005;2,89480;0,00000;0,00000
;2,02350;2,87824;2,89564;0,00000;0,00000
;2,02400;2,86287;2,89621;0,00000;0,00000
;2,02450;2,86735;2,89646;0,00000;0,00000
;2,02500;2,86735;2,89637;0,00000;0,00000
;2,02550;2,93591;2,89597;0,00000;0,00000
;2,02600;2,88465;2,89535;0,00000;0,00000
;2,02650;2,96217;2,89465;0,00000;0,00000
;2,02700;2,94744;2,89403;0,00000;0,00000
;2,02750;3,04995;2,89372;0,00000;0,00000
;2,02800;2,93591;2,89394;0,00000;0,00000
;2,02850;2,98652;2,89485;0,00000;0,00000
;2,02900;2,98332;2,89650;0,00000;0,00000
;2,02950;2,99997;2,89890;0,00000;0,00000
;2,03000;3,02304;2,90207;0,00000;0,00000
;2,03050;2,98396;2,90601;0,00000;0,00000
;2,03100;2,90067;2,91064;0,00000;0,00000
;2,03150;2,94808;2,91573;0,00000;0,00000
;2,03200;2,86351;2,92097;0,00000;0,00000
;2,03250;2,93526;2,92607;0,00000;0,00000
;2,03300;2,85774;2,93077;0,00000;0,00000
;2,03350;2,85774;2,93484;0,00000;0,00000
;2,03400;2,81674;2,93805;0,00000;0,00000
;2,03450;2,87632;2,94019;0,00000;0,00000
;2,03500;2,92117;2,94118;0,00000;0,00000
;2,03550;2,97371;2,94115;0,00000;0,00000
;2,03600;2,93719;2,94037;0,00000;0,00000
;2,03650;2,99165;2,93911;0,00000;0,00000
;2,03700;2,97178;2,93765;0,00000;0,00000
;2,03750;3,02368;2,93625;0,00000;0,00000
;2,03800;3,00766;2,93516;0,00000;0,00000
;2,03850;2,99485;2,93457;0,00000;0,00000
;2,03900;2,95256;2,93459;0,00000;0,00000
;2,03950;2,93078;2,93518;0,00000;0,00000
;2,04000;2,91668;2,93620;0,00000;0,00000
;2,04050;2,92950;2,93746;0,00000;0,00000
;2,04100;2,87504;2,93878;0,00000;0,00000
;2,04150;2,85646;2,93995;0,00000;0,00000
;2,04200;2,79303;2,94072;0,00000;0,00000
;2,04250;2,85390;2,94081;0,00000;0,00000
;2,04300;2,76356;2,94000;0,00000;0,00000
;2,04350;2,80520;2,93811;0,00000;0,00000
;2,04400;2,79623;2,93505;0,00000;0,00000
;2,04450;2,79495;2,93078;0,00000;0,00000
;2,04500;2,80713;2,92536;0,00000;0,00000
;2,04550;2,91156;2,91895;0,00000;0,00000
;2,04600;2,85005;2,91185;0,00000;0,00000
;2,04650;2,88593;2,90440;0,00000;0,00000
;2,04700;2,92501;2,89693;0,00000;0,00000
;2,04750;2,96025;2,88976;0,00000;0,00000
;2,04800;2,94616;2,88327;0,00000;0,00000
;2,04850;2,90131;2,87773;0,00000;0,00000
;2,04900;2,85261;2,87326;0,00000;0,00000
;2,04950;2,89874;2,86978;0,00000;0,00000
;2,05000;2,80200;2,86719;0,00000;0,00000
;2,05050;2,84108;2,86528;0,00000;0,00000
;2,05100;2,74690;2,86381;0,00000;0,00000
;2,05150;2,73793;2,86246;0,00000;0,00000
;2,05200;2,63093;2,86085;0,00000;0,00000
;2,05250;2,69372;2,85856;0,00000;0,00000
;2,05300;2,64951;2,85523;0,00000;0,00000
;2,05350;2,71551;2,85068;0,00000;0,00000
;2,05400;2,69180;2,84486;0,00000;0,00000
;2,05450;2,63542;2,83784;0,00000;0,00000
;2,05500;2,62901;2,82964;0,00000;0,00000
;2,05550;2,67899;2,82031;0,00000;0,00000
;2,05600;2,72255;2,81000;0,00000;0,00000
;2,05650;2,69372;2,79899;0,00000;0,00000
;2,05700;2,67835;2,78760;0,00000;0,00000
;2,05750;2,67322;2,77606;0,00000;0,00000
;2,05800;2,71230;2,76457;0,00000;0,00000
;2,05850;2,71038;2,75334;0,00000;0,00000
;2,05900;2,65848;2,74259;0,00000;0,00000
;2,05950;2,67450;2,73244;0,00000;0,00000
;2,06000;2,60979;2,72291;0,00000;0,00000
;2,06050;2,57391;2,71393;0,00000;0,00000
;2,06100;2,55854;2,70533;0,00000;0,00000
;2,06150;2,49190;2,69688;0,00000;0,00000
;2,06200;2,55854;2,68836;0,00000;0,00000
;2,06250;2,49319;2,67957;0,00000;0,00000
;2,06300;2,52586;2,67043;0,00000;0,00000
;2,06350;2,52650;2,66089;0,00000;0,00000
;2,06400;2,59249;2,65102;0,00000;0,00000
;2,06450;2,54764;2,64097;0,00000;0,00000
;2,06500;2,64695;2,63099;0,00000;0,00000
;2,06550;2,52458;2,62132;0,00000;0,00000
;2,06600;2,58929;2,61213;0,00000;0,00000
;2,06650;2,60787;2,60354;0,00000;0,00000
;2,06700;2,60146;2,59570;0,00000;0,00000
;2,06750;2,57135;2,58873;0,00000;0,00000
;2,06800;2,56302;2,58267;0,00000;0,00000
;2,06850;2,49831;2,57746;0,00000;0,00000
;2,06900;2,48678;2,57291;0,00000;0,00000
;2,06950;2,43680;2,56879;0,00000;0,00000
;2,07000;2,47973;2,56479;0,00000;0,00000
;2,07050;2,43873;2,56071;0,00000;0,00000
;2,07100;2,46820;2,55639;0,00000;0,00000
;2,07150;2,40093;2,55171;0,00000;0,00000
;2,07200;2,41566;2,54657;0,00000;0,00000
;2,07250;2,28176;2,54080;0,00000;0,00000
;2,07300;2,40413;2,53422;0,00000;0,00000
;2,07350;2,29649;2,52669;0,00000;0,00000
;2,07400;2,37017;2,51817;0,00000;0,00000
;2,07450;2,35287;2,50868;0,00000;0,00000
;2,07500;2,38747;2,49837;0,00000;0,00000
;2,07550;2,35864;2,48745;0,00000;0,00000
;2,07600;2,35480;2,47613;0,00000;0,00000
;2,07650;2,32212;2,46458;0,00000;0,00000
;2,07700;2,40669;2,45294;0,00000;0,00000
;2,07750;2,29009;2,44139;0,00000;0,00000
;2,07800;2,27150;2,43001;0,00000;0,00000
;2,07850;2,22730;2,41877;0,00000;0,00000
;2,07900;2,30162;2,40754;0,00000;0,00000
;2,07950;2,17220;2,39628;0,00000;0,00000
;2,08000;2,19783;2,38489;0,00000;0,00000
;2,08050;2,19206;2,37326;0,00000;0,00000
;2,08100;2,17796;2,36133;0,00000;0,00000
;2,08150;2,10685;2,34903;0,00000;0,00000
;2,08200;2,16899;2,33631;0,00000;0,00000
;2,08250;2,15746;2,32318;0,00000;0,00000
;2,08300;2,26125;2,30975;0,00000;0,00000
;2,08350;2,12735;2,29626;0,00000;0,00000
;2,08400;2,14401;2,28292;0,00000;0,00000
;2,08450;2,14273;2,26978;0,00000;0,00000
;2,08500;2,13311;2,25689;0,00000;0,00000
;2,08550;2,17989;2,24433;0,00000;0,00000
;2,08600;2,15490;2,23223;0,00000;0,00000
;2,08650;2,10172;2,22069;0,00000;0,00000
;2,08700;2,09980;2,20974;0,00000;0,00000
;2,08750;2,07737;2,19931;0,00000;0,00000
;2,08800;2,06840;2,18931;0,00000;0,00000
;2,08850;2,00882;2,17964;0,00000;0,00000
;2,08900;2,02163;2,17013;0,00000;0,00000
;2,08950;1,98576;2,16062;0,00000;0,00000
;2,09000;2,00690;2,15098;0,00000;0,00000
;2,09050;2,00498;2,14113;0,00000;0,00000
;2,09100;1,97807;2,13107;0,00000;0,00000
;2,09150;1,83199;2,12073;0,00000;0,00000
;2,09200;1,86530;2,10991;0,00000;0,00000
;2,09250;1,84929;2,09837;0,00000;0,00000
;2,09300;1,81021;2,08594;0,00000;0,00000
;2,09350;1,85505;2,07254;0,00000;0,00000
;2,09400;1,90439;2,05820;0,00000;0,00000
;2,09450;1,88068;2,04315;0,00000;0,00000
;2,09500;1,89798;2,02767;0,00000;0,00000
;2,09550;1,88965;2,01205;0,00000;0,00000
;2,09600;1,89285;1,99657;0,00000;0,00000
;2,09650;1,91015;1,98148;0,00000;0,00000
;2,09700;1,83968;1,96698;0,00000;0,00000
;2,09750;1,88132;1,95322;0,00000;0,00000
;2,09800;1,84224;1,94026;0,00000;0,00000
;2,09850;1,80764;1,92811;0,00000;0,00000
;2,09900;1,75575;1,91670;0,00000;0,00000
;2,09950;1,73781;1,90586;0,00000;0,00000
;2,10000;1,70193;1,89534;0,00000;0,00000
;2,10050;1,67758;1,88491;0,00000;0,00000
;2,10100;1,61159;1,87429;0,00000;0,00000
;2,10150;1,65195;1,86323;0,00000;0,00000
;2,10200;1,64427;1,85156;0,00000;0,00000
;2,10250;1,65644;1,83923;0,00000;0,00000
;2,10300;1,63209;1,82627;0,00000;0,00000
;2,10350;1,71090;1,81280;0,00000;0,00000
;2,10400;1,69936;1,79906;0,00000;0,00000
;2,10450;1,69360;1,78531;0,00000;0,00000
;2,10500;1,71859;1,77184;0,00000;0,00000
;2,10550;1,69552;1,75890;0,00000;0,00000
;2,10600;1,66925;1,74667;0,00000;0,00000
;2,10650;1,74870;1,73530;0,00000;0,00000
;2,10700;1,57891;1,72485;0,00000;0,00000
;2,10750;1,62569;1,71530;0,00000;0,00000
;2,10800;1,55585;1,70645;0,00000;0,00000
;2,10850;1,62312;1,69810;0,00000;0,00000
;2,10900;1,50588;1,69007;0,00000;0,00000
;2,10950;1,61095;1,68220;0,00000;0,00000
;2,11000;1,52061;1,67436;0,00000;0,00000
;2,11050;1,56546;1,66648;0,00000;0,00000
;2,11100;1,50139;1,65849;0,00000;0,00000
;2,11150;1,56482;1,65033;0,00000;0,00000
;2,11200;1,50588;1,64200;0,00000;0,00000
;2,11250;1,52830;1,63350;0,00000;0,00000
;2,11300;1,46551;1,62484;0,00000;0,00000
;2,11350;1,57315;1,61602;0,00000;0,00000
;2,11400;1,48665;1,60711;0,00000;0,00000
;2,11450;1,51228;1,59821;0,00000;0,00000
;2,11500;1,47128;1,58937;0,00000;0,00000
;2,11550;1,47384;1,58059;0,00000;0,00000
;2,11600;1,52189;1,57190;0,00000;0,00000
;2,11650;1,53150;1,56337;0,00000;0,00000
;2,11700;1,44693;1,55514;0,00000;0,00000
;2,11750;1,46936;1,54724;0,00000;0,00000
;2,11800;1,43732;1,53964;0,00000;0,00000
;2,11850;1,43924;1,53226;0,00000;0,00000
;2,11900;1,37261;1,52501;0,00000;0,00000
;2,11950;1,40977;1,51778;0,00000;0,00000
;2,12000;1,34058;1,51043;0,00000;0,00000
;2,12050;1,35211;1,50283;0,00000;0,00000
;2,12100;1,23935;1,49482;0,00000;0,00000
;2,12150;1,31431;1,48620;0,00000;0,00000
;2,12200;1,26113;1,47680;0,00000;0,00000
;2,12250;1,33289;1,46660;0,00000;0,00000
;2,12300;1,31303;1,45566;0,00000;0,00000
;2,12350;1,31559;1,44417;0,00000;0,00000
;2,12400;1,27266;1,43229;0,00000;0,00000
;2,12450;1,31623;1,42018;0,00000;0,00000
;2,12500;1,25729;1,40796;0,00000;0,00000
;2,12550;1,31110;1,39576;0,00000;0,00000
;2,12600;1,26946;1,38370;0,00000;0,00000
;2,12650;1,27587;1,37191;0,00000;0,00000
;2,12700;1,23999;1,36046;0,00000;0,00000
;2,12750;1,27779;1,34940;0,00000;0,00000
;2,12800;1,23486;1,33877;0,00000;0,00000
;2,12850;1,24255;1,32860;0,00000;0,00000
;2,12900;1,21756;1,31889;0,00000;0,00000
;2,12950;1,18745;1,30959;0,00000;0,00000
;2,13000;1,21052;1,30064;0,00000;0,00000
;2,13050;1,26305;1,29200;0,00000;0,00000
;2,13100;1,15413;1,28370;0,00000;0,00000
;2,13150;1,16374;1,27572;0,00000;0,00000
;2,13200;1,09903;1,26793;0,00000;0,00000
;2,13250;1,13619;1,26014;0,00000;0,00000
;2,13300;1,11569;1,25222;0,00000;0,00000
;2,13350;1,08494;1,24408;0,00000;0,00000
;2,13400;1,10032;1,23564;0,00000;0,00000
;2,13450;1,10032;1,22686;0,00000;0,00000
;2,13500;1,08878;1,21776;0,00000;0,00000
;2,13550;1,11890;1,20840;0,00000;0,00000
;2,13600;1,10480;1,19888;0,00000;0,00000
;2,13650;1,12722;1,18933;0,00000;0,00000
;2,13700;1,11057;1,17991;0,00000;0,00000
;2,13750;1,09263;1,17075;0,00000;0,00000
;2,13800;1,08750;1,16192;0,00000;0,00000
;2,13850;1,06444;1,15345;0,00000;0,00000
;2,13900;1,06700;1,14533;0,00000;0,00000
;2,13950;1,00934;1,13752;0,00000;0,00000
;2,14000;1,03304;1,12993;0,00000;0,00000
;2,14050;1,03304;1,12247;0,00000;0,00000
;2,14100;1,07725;1,11513;0,00000;0,00000
;2,14150;0,94591;1,10790;0,00000;0,00000
;2,14200;1,00101;1,10075;0,00000;0,00000
;2,14250;0,95103;1,09354;0,00000;0,00000
;2,14300;0,99204;1,08620;0,00000;0,00000
;2,14350;0,93181;1,07866;0,00000;0,00000
;2,14400;1,01382;1,07092;0,00000;0,00000
;2,14450;0,97602;1,06303;0,00000;0,00000
;2,14500;1,01510;1,05511;0,00000;0,00000
;2,14550;0,99268;1,04729;0,00000;0,00000
;2,14600;1,00806;1,03970;0,00000;0,00000
;2,14650;0,99524;1,03248;0,00000;0,00000
;2,14700;1,02535;1,02571;0,00000;0,00000
;2,14750;0,95744;1,01948;0,00000;0,00000
;2,14800;0,97218;1,01379;0,00000;0,00000
;2,14850;0,92028;1,00858;0,00000;0,00000
;2,14900;0,97858;1,00373;0,00000;0,00000
;2,14950;0,90042;0,99916;0,00000;0,00000
;2,15000;0,97666;0,99478;0,00000;0,00000
;2,15050;0,92989;0,99054;0,00000;0,00000
;2,15100;0,95232;0,98644;0,00000;0,00000
;2,15150;0,86134;0,98243;0,00000;0,00000
;2,15200;0,91259;0,97842;0,00000;0,00000
;2,15250;0,86262;0,97427;0,00000;0,00000
;2,15300;0,94014;0,96992;0,00000;0,00000
;2,15350;0,86967;0,96536;0,00000;0,00000
;2,15400;0,93374;0,96062;0,00000;0,00000
;2,15450;0,88889;0,95577;0,00000;0,00000
;2,15500;0,93822;0,95087;0,00000;0,00000
;2,15550;0,85749;0,94599;0,00000;0,00000
;2,15600;0,87159;0,94116;0,00000;0,00000
;2,15650;0,84852;0,93633;0,00000;0,00000
;2,15700;0,85301;0,93143;0,00000;0,00000
;2,15750;0,83635;0,92642;0,00000;0,00000
;2,15800;0,83891;0,92126;0,00000;0,00000
;2,15850;0,82290;0,91592;0,00000;0,00000
;2,15900;0,81072;0,91037;0,00000;0,00000
;2,15950;0,80816;0,90460;0,00000;0,00000
;2,16000;0,81393;0,89858;0,00000;0,00000
;2,16050;0,77420;0,89232;0,00000;0,00000
;2,16100;0,83186;0,88584;0,00000;0,00000
;2,16150;0,81585;0,87919;0,00000;0,00000
;2,16200;0,84852;0,87250;0,00000;0,00000
;2,16250;0,78830;0,86588;0,00000;0,00000
;2,16300;0,81328;0,85944;0,00000;0,00000
;2,16350;0,76715;0,85320;0,00000;0,00000
;2,16400;0,78766;0,84714;0,00000;0,00000
;2,16450;0,76780;0,84124;0,00000;0,00000
;2,16500;0,78894;0,83549;0,00000;0,00000
;2,16550;0,69219;0,82986;0,00000;0,00000
;2,16600;0,75947;0,82426;0,00000;0,00000
;2,16650;0,71782;0,81861;0,00000;0,00000
;2,16700;0,72038;0,81287;0,00000;0,00000
;2,16750;0,72295;0,80699;0,00000;0,00000
;2,16800;0,73128;0,80096;0,00000;0,00000
;2,16850;0,66977;0,79481;0,00000;0,00000
;2,16900;0,76139;0,78853;0,00000;0,00000
;2,16950;0,69091;0,78218;0,00000;0,00000
;2,17000;0,70373;0,77580;0,00000;0,00000
;2,17050;0,67810;0,76942;0,00000;0,00000
;2,17100;0,66016;0,76302;0,00000;0,00000
;2,17150;0,69412;0,75659;0,00000;0,00000
;2,17200;0,69412;0,75014;0,00000;0,00000
;2,17250;0,67874;0,74372;0,00000;0,00000
;2,17300;0,67297;0,73740;0,00000;0,00000
;2,17350;0,65888;0,73120;0,00000;0,00000
;2,17400;0,68322;0,72514;0,00000;0,00000
;2,17450;0,60954;0,71922;0,00000;0,00000
;2,17500;0,58712;0,71338;0,00000;0,00000
;2,17550;0,59673;0,70749;0,00000;0,00000
;2,17600;0,62748;0,70144;0,00000;0,00000
;2,17650;0,57366;0,69519;0,00000;0,00000
;2,17700;0,62684;0,68875;0,00000;0,00000
;2,17750;0,63966;0,68216;0,00000;0,00000
;2,17800;0,58520;0,67552;0,00000;0,00000
;2,17850;0,57110;0,66890;0,00000;0,00000
;2,17900;0,58135;0,66228;0,00000;0,00000
;2,17950;0,57366;0,65565;0,00000;0,00000
;2,18000;0,63709;0,64904;0,00000;0,00000
;2,18050;0,62492;0,64257;0,00000;0,00000
;2,18100;0,54227;0,63637;0,00000;0,00000
;2,18150;0,58328;0,63046;0,00000;0,00000
;2,18200;0,57238;0,62480;0,00000;0,00000
;2,18250;0,64158;0,61942;0,00000;0,00000
;2,18300;0,58392;0,61440;0,00000;0,00000
;2,18350;0,61211;0,60981;0,00000;0,00000
;2,18400;0,60314;0,60572;0,00000;0,00000
;2,18450;0,63838;0,60217;0,00000;0,00000
;2,18500;0,55637;0,59918;0,00000;0,00000
;2,18550;0,66464;0,59675;0,00000;0,00000
;2,18600;0,60250;0,59488;0,00000;0,00000
;2,18650;0,63581;0,59359;0,00000;0,00000
;2,18700;0,56854;0,59287;0,00000;0,00000
;2,18750;0,57751;0,59260;0,00000;0,00000
;2,18800;0,55829;0,59264;0,00000;0,00000
;2,18850;0,62364;0,59284;0,00000;0,00000
;2,18900;0,53843;0,59311;0,00000;0,00000
;2,18950;0,58135;0,59338;0,00000;0,00000
;2,19000;0,51857;0,59353;0,00000;0,00000
;2,19050;0,53522;0,59343;0,00000;0,00000
;2,19100;0,53394;0,59296;0,00000;0,00000
;2,19150;0,51088;0,59202;0,00000;0,00000
;2,19200;0,49294;0,59054;0,00000;0,00000
;2,19250;0,55380;0,58847;0,00000;0,00000
;2,19300;0,49037;0,58581;0,00000;0,00000
;2,19350;0,54676;0,58262;0,00000;0,00000
;2,19400;0,51857;0,57898;0,00000;0,00000
;2,19450;0,59865;0,57499;0,00000;0,00000
;2,19500;0,56213;0,57088;0,00000;0,00000
;2,19550;0,54676;0,56682;0,00000;0,00000
;2,19600;0,50831;0,56292;0,00000;0,00000
;2,19650;0,59545;0,55923;0,00000;0,00000
;2,19700;0,51408;0,55580;0,00000;0,00000
;2,19750;0,52049;0,55266;0,00000;0,00000
;2,19800;0,47372;0,54975;0,00000;0,00000
;2,19850;0,54612;0,54699;0,00000;0,00000
;2,19900;0,45642;0,54430;0,00000;0,00000
;2,19950;0,50447;0,54163;0,00000;0,00000
;2,20000;0,42951;0,53887;0,00000;0,00000
;2,20050;0,48653;0,53593;0,00000;0,00000
;2,20100;0,46859;0,53273;0,00000;0,00000
;2,20150;0,49166;0,52929;0,00000;0,00000
;2,20200;0,45257;0,52564;0,00000;0,00000
;2,20250;0,47308;0,52179;0,00000;0,00000
;2,20300;0,39619;0,51775;0,00000;0,00000
;2,20350;0,42502;0,51346;0,00000;0,00000
;2,20400;0,40196;0,50885;0,00000;0,00000
;2,20450;0,45001;0,50387;0,00000;0,00000
;2,20500;0,43720;0,49857;0,00000;0,00000
;2,20550;0,45898;0,49306;0,00000;0,00000
;2,20600;0,38210;0,48745;0,00000;0,00000
;2,20650;0,43720;0,48178;0,00000;0,00000
;2,20700;0,41157;0,47608;0,00000;0,00000
;2,20750;0,44489;0,47041;0,00000;0,00000
;2,20800;0,38146;0,46483;0,00000;0,00000
;2,20850;0,40196;0,45937;0,00000;0,00000
;2,20900;0,37313;0,45401;0,00000;0,00000
;2,20950;0,40644;0,44872;0,00000;0,00000
;2,21000;0,40901;0,44351;0,00000;0,00000
;2,21050;0,40004;0,43845;0,00000;0,00000
;2,21100;0,35455;0,43355;0,00000;0,00000
;2,21150;0,34366;0,42880;0,00000;0,00000
;2,21200;0,33725;0,42409;0,00000;0,00000
;2,21250;0,43079;0,41936;0,00000;0,00000
;2,21300;0,37441;0,41469;0,00000;0,00000
;2,21350;0,34750;0,41014;0,00000;0,00000
;2,21400;0,34173;0,40574;0,00000;0,00000
;2,21450;0,31995;0,40141;0,00000;0,00000
;2,21500;0,33981;0,39709;0,00000;0,00000
;2,21550;0,38082;0,39276;0,00000;0,00000
;2,21600;0,40068;0,38848;0,00000;0,00000
;2,21650;0,33469;0,38439;0,00000;0,00000
;2,21700;0,36160;0,38053;0,00000;0,00000
;2,21750;0,37121;0,37694;0,00000;0,00000
;2,21800;0,35263;0,37363;0,00000;0,00000
;2,21850;0,32892;0,37060;0,00000;0,00000
;2,21900;0,37377;0,36783;0,00000;0,00000
;2,21950;0,35327;0,36531;0,00000;0,00000
;2,22000;0,38979;0,36307;0,00000;0,00000
;2,22050;0,34878;0,36114;0,00000;0,00000
;2,22100;0,37761;0,35954;0,00000;0,00000
;2,22150;0,30842;0,35824;0,00000;0,00000
;2,22200;0,33917;0,35717;0,00000;0,00000
;2,22250;0,29560;0,35621;0,00000;0,00000
;2,22300;0,34814;0,35525;0,00000;0,00000
;2,22350;0,27190;0,35419;0,00000;0,00000
;2,22400;0,36608;0,35299;0,00000;0,00000
;2,22450;0,28984;0,35162;0,00000;0,00000
;2,22500;0,30585;0,35006;0,00000;0,00000
;2,22550;0,31162;0,34829;0,00000;0,00000
;2,22600;0,33276;0,34631;0,00000;0,00000
;2,22650;0,28151;0,34415;0,00000;0,00000
;2,22700;0,31931;0,34184;0,00000;0,00000
;2,22750;0,35711;0,33940;0,00000;0,00000
;2,22800;0,37377;0,33696;0,00000;0,00000
;2,22850;0,34750;0,33468;0,00000;0,00000
;2,22900;0,35070;0,33270;0,00000;0,00000
;2,22950;0,32700;0,33107;0,00000;0,00000
;2,23000;0,38018;0,32981;0,00000;0,00000
;2,23050;0,33212;0,32894;0,00000;0,00000
;2,23100;0,28984;0,32844;0,00000;0,00000
;2,23150;0,30265;0,32820;0,00000;0,00000
;2,23200;0,34366;0,32808;0,00000;0,00000
;2,23250;0,25075;0,32801;0,00000;0,00000
;2,23300;0,32700;0,32787;0,00000;0,00000
;2,23350;0,29176;0,32759;0,00000;0,00000
;2,23400;0,37697;0,32716;0,00000;0,00000
;2,23450;0,32828;0,32666;0,00000;0,00000
;2,23500;0,32187;0,32617;0,00000;0,00000
;2,23550;0,26549;0,32571;0,00000;0,00000
;2,23600;0,35967;0,32522;0,00000;0,00000
;2,23650;0,29368;0,32468;0,00000;0,00000
;2,23700;0,32508;0,32411;0,00000;0,00000
;2,23750;0,28663;0,32350;0,00000;0,00000
;2,23800;0,32828;0,32284;0,00000;0,00000
;2,23850;0,30906;0,32212;0,00000;0,00000
;2,23900;0,33789;0,32136;0,00000;0,00000
;2,23950;0,29560;0,32062;0,00000;0,00000
;2,24000;0,27702;0,31987;0,00000;0,00000
;2,24050;0,30393;0,31907;0,00000;0,00000
;2,24100;0,34558;0,31820;0,00000;0,00000
;2,24150;0,27510;0,31730;0,00000;0,00000
;2,24200;0,33853;0,31638;0,00000;0,00000
;2,24250;0,25332;0,31546;0,00000;0,00000
;2,24300;0,26165;0,31449;0,00000;0,00000
;2,24350;0,24307;0,31336;0,00000;0,00000
;2,24400;0,25075;0,31195;0,00000;0,00000
;2,24450;0,27959;0,31020;0,00000;0,00000
;2,24500;0,27446;0,30811;0,00000;0,00000
;2,24550;0,21231;0,30573;0,00000;0,00000
;2,24600;0,20847;0,30301;0,00000;0,00000
;2,24650;0,21167;0,29989;0,00000;0,00000
;2,24700;0,25972;0,29631;0,00000;0,00000
;2,24750;0,20591;0,29233;0,00000;0,00000
;2,24800;0,28151;0,28802;0,00000;0,00000
;2,24850;0,22192;0,28350;0,00000;0,00000
;2,24900;0,23730;0,27888;0,00000;0,00000
;2,24950;0,19373;0,27421;0,00000;0,00000
;2,25000;0,19950;0,26950;0,00000;0,00000
;2,25050;0,16106;0,26472;0,00000;0,00000
;2,25100;0,22064;0,25981;0,00000;0,00000
;2,25150;0,23025;0,25480;0,00000;0,00000
;2,25200;0,21167;0,24979;0,00000;0,00000
;2,25250;0,22705;0,24489;0,00000;0,00000
;2,25300;0,23025;0,24020;0,00000;0,00000
;2,25350;0,18540;0,23578;0,00000;0,00000
;2,25400;0,16042;0,23164;0,00000;0,00000
;2,25450;0,19886;0,22771;0,00000;0,00000
;2,25500;0,19566;0,22394;0,00000;0,00000
;2,25550;0,21488;0,22035;0,00000;0,00000
;2,25600;0,17708;0,21696;0,00000;0,00000
;2,25650;0,19245;0,21379;0,00000;0,00000
;2,25700;0,22256;0,21084;0,00000;0,00000
;2,25750;0,19694;0,20815;0,00000;0,00000
;2,25800;0,14568;0,20572;0,00000;0,00000
;2,25850;0,17836;0,20349;0,00000;0,00000
;2,25900;0,19117;0,20139;0,00000;0,00000
;2,25950;0,19950;0,19940;0,00000;0,00000
;2,26000;0,15785;0,19754;0,00000;0,00000
;2,26050;0,21808;0,19581;0,00000;0,00000
;2,26100;0,20847;0,19422;0,00000;0,00000
;2,26150;0,22385;0,19286;0,00000;0,00000
;2,26200;0,15593;0,19176;0,00000;0,00000
;2,26250;0,26037;0,19094;0,00000;0,00000
;2,26300;0,18028;0,19040;0,00000;0,00000
;2,26350;0,18861;0,19015;0,00000;0,00000
;2,26400;0,19117;0,19013;0,00000;0,00000
;2,26450;0,18797;0,19029;0,00000;0,00000
;2,26500;0,19886;0,19056;0,00000;0,00000
;2,26550;0,23602;0,19093;0,00000;0,00000
;2,26600;0,18733;0,19142;0,00000;0,00000
;2,26650;0,20783;0,19205;0,00000;0,00000
;2,26700;0,18604;0,19277;0,00000;0,00000
;2,26750;0,27190;0,19358;0,00000;0,00000
;2,26800;0,15337;0,19449;0,00000;0,00000
;2,26850;0,18540;0,19548;0,00000;0,00000
;2,26900;0,16939;0,19645;0,00000;0,00000
;2,26950;0,24243;0,19730;0,00000;0,00000
;2,27000;0,18540;0,19806;0,00000;0,00000
;2,27050;0,19309;0,19874;0,00000;0,00000
;2,27100;0,17259;0,19932;0,00000;0,00000
;2,27150;0,20142;0,19975;0,00000;0,00000
;2,27200;0,14056;0,20001;0,00000;0,00000
;2,27250;0,26229;0,20006;0,00000;0,00000
;2,27300;0,18604;0,19996;0,00000;0,00000
;2,27350;0,23538;0,19980;0,00000;0,00000
;2,27400;0,17964;0,19966;0,00000;0,00000
;2,27450;0,19886;0,19954;0,00000;0,00000
;2,27500;0,17259;0,19943;0,00000;0,00000
;2,27550;0,22385;0,19929;0,00000;0,00000
;2,27600;0,21424;0,19914;0,00000;0,00000
;2,27650;0,21936;0,19903;0,00000;0,00000
;2,27700;0,16875;0,19901;0,00000;0,00000
;2,27750;0,21872;0,19905;0,00000;0,00000
;2,27800;0,19053;0,19912;0,00000;0,00000
;2,27850;0,20334;0,19922;0,00000;0,00000
;2,27900;0,15849;0,19932;0,00000;0,00000
;2,27950;0,17387;0,19935;0,00000;0,00000
;2,28000;0,20783;0,19926;0,00000;0,00000
;2,28050;0,25204;0,19906;0,00000;0,00000
;2,28100;0,15273;0,19885;0,00000;0,00000
;2,28150;0,18733;0,19863;0,00000;0,00000
;2,28200;0,12262;0,19835;0,00000;0,00000
;2,28250;0,19309;0,19789;0,00000;0,00000
;2,28300;0,14056;0,19720;0,00000;0,00000
;2,28350;0,24883;0,19628;0,00000;0,00000
;2,28400;0,19758;0,19523;0,00000;0,00000
;2,28450;0,17451;0,19416;0,00000;0,00000
;2,28500;0,16362;0,19311;0,00000;0,00000
;2,28550;0,18156;0,19206;0,00000;0,00000
;2,28600;0,22449;0,19100;0,00000;0,00000
;2,28650;0,18733;0,19001;0,00000;0,00000
;2,28700;0,12069;0,18910;0,00000;0,00000
;2,28750;0,15081;0,18820;0,00000;0,00000
;2,28800;0,15401;0,18721;0,00000;0,00000
;2,28850;0,18284;0,18607;0,00000;0,00000
;2,28900;0,11236;0,18477;0,00000;0,00000
;2,28950;0,19437;0,18332;0,00000;0,00000
;2,29000;0,13543;0,18171;0,00000;0,00000
;2,29050;0,16298;0,17998;0,00000;0,00000
;2,29100;0,15209;0,17815;0,00000;0,00000
;2,29150;0,13030;0,17623;0,00000;0,00000
;2,29200;0,14184;0,17421;0,00000;0,00000
;2,29250;0,11301;0,17207;0,00000;0,00000
;2,29300;0,10852;0,16978;0,00000;0,00000
;2,29350;0,14248;0,16730;0,00000;0,00000
;2,29400;0,12390;0,16464;0,00000;0,00000
;2,29450;0,11236;0,16183;0,00000;0,00000
;2,29500;0,14056;0,15889;0,00000;0,00000
;2,29550;0,09186;0,15587;0,00000;0,00000
;2,29600;0,13223;0,15277;0,00000;0,00000
;2,29650;0,07649;0,14961;0,00000;0,00000
;2,29700;0,08482;0,14637;0,00000;0,00000
;2,29750;0,02779;0,14297;0,00000;0,00000
;2,29800;0,15145;0,13937;0,00000;0,00000
;2,29850;0,12133;0,13561;0,00000;0,00000
;2,29900;0,11493;0,13182;0,00000;0,00000
;2,29950;0,10404;0,12815;0,00000;0,00000
;2,30000;0,10340;0,12463;0,00000;0,00000
;2,30050;0,10147;0,12132;0,00000;0,00000
;2,30100;0,09122;0,11822;0,00000;0,00000
;2,30150;0,16170;0,11535;0,00000;0,00000
;2,30200;0,15785;0,11282;0,00000;0,00000
;2,30250;0,09827;0,11073;0,00000;0,00000
;2,30300;0,14632;0,10914;0,00000;0,00000
;2,30350;0,11236;0,10802;0,00000;0,00000
;2,30400;0,17836;0,10737;0,00000;0,00000
;2,30450;0,12005;0,10721;0,00000;0,00000
;2,30500;0,20270;0,10757;0,00000;0,00000
;2,30550;0,07200;0,10842;0,00000;0,00000
;2,30600;0,17836;0,10972;0,00000;0,00000
;2,30650;0,09058;0,11136;0,00000;0,00000
;2,30700;0,12838;0,11323;0,00000;0,00000
;2,30750;0,07264;0,11519;0,00000;0,00000
;2,30800;0,13991;0,11710;0,00000;0,00000
;2,30850;0,09122;0,11886;0,00000;0,00000
;2,30900;0,17708;0,12045;0,00000;0,00000
;2,30950;0,09507;0,12186;0,00000;0,00000
;2,31000;0,14440;0,12313;0,00000;0,00000
;2,31050;0,09186;0,12425;0,00000;0,00000
;2,31100;0,12646;0,12517;0,00000;0,00000
;2,31150;0,12646;0,12589;0,00000;0,00000
;2,31200;0,15914;0,12644;0,00000;0,00000
;2,31250;0,10340;0,12686;0,00000;0,00000
;2,31300;0,17836;0,12720;0,00000;0,00000
;2,31350;0,06688;0,12751;0,00000;0,00000
;2,31400;0,16682;0,12776;0,00000;0,00000
;2,31450;0,10468;0,12795;0,00000;0,00000
;2,31500;0,16426;0,12809;0,00000;0,00000
;2,31550;0,11172;0,12822;0,00000;0,00000
;2,31600;0,16426;0,12837;0,00000;0,00000
;2,31650;0,10852;0,12855;0,00000;0,00000
;2,31700;0,20783;0,12879;0,00000;0,00000
;2,31750;0,15593;0,12917;0,00000;0,00000
;2,31800;0,12390;0,12976;0,00000;0,00000
;2,31850;0,12902;0,13053;0,00000;0,00000
;2,31900;0,19886;0,13143;0,00000;0,00000
;2,31950;0,09635;0,13245;0,00000;0,00000
;2,32000;0,13735;0,13356;0,00000;0,00000
;2,32050;0,12646;0,13467;0,00000;0,00000
;2,32100;0,12582;0,13571;0,00000;0,00000
;2,32150;0,11365;0,13663;0,00000;0,00000
;2,32200;0,09827;0,13735;0,00000;0,00000
;2,32250;0,13479;0,13781;0,00000;0,00000
;2,32300;0,15209;0,13802;0,00000;0,00000
;2,32350;0,10083;0,13801;0,00000;0,00000
;2,32400;0,12774;0,13780;0,00000;0,00000
;2,32450;0,10404;0,13739;0,00000;0,00000
;2,32500;0,14312;0,13679;0,00000;0,00000
;2,32550;0,13735;0,13604;0,00000;0,00000
;2,32600;0,15401;0,13520;0,00000;0,00000
;2,32650;0,12710;0,13437;0,00000;0,00000
;2,32700;0,12710;0,13359;0,00000;0,00000
;2,32750;0,12198;0,13287;0,00000;0,00000
;2,32800;0,09507;0,13217;0,00000;0,00000
;2,32850;0,11621;0,13146;0,00000;0,00000
;2,32900;0,09186;0,13068;0,00000;0,00000
;2,32950;0,11685;0,12980;0,00000;0,00000
;2,33000;0,14953;0,12881;0,00000;0,00000
;2,33050;0,09635;0,12777;0,00000;0,00000
;2,33100;0,15593;0,12673;0,00000;0,00000
;2,33150;0,05534;0,12571;0,00000;0,00000
;2,33200;0,13863;0,12469;0,00000;0,00000
;2,33250;0,13927;0,12366;0,00000;0,00000
;2,33300;0,07969;0,12265;0,00000;0,00000
;2,33350;0,14568;0,12169;0,00000;0,00000
;2,33400;0,13607;0,12080;0,00000;0,00000
;2,33450;0,11493;0,12001;0,00000;0,00000
;2,33500;0,09443;0,11935;0,00000;0,00000
;2,33550;0,08289;0,11877;0,00000;0,00000
;2,33600;0,09122;0,11817;0,00000;0,00000
;2,33650;0,12710;0,11751;0,00000;0,00000
;2,33700;0,03228;0,11676;0,00000;0,00000
;2,33750;0,10916;0,11586;0,00000;0,00000
;2,33800;0,11621;0,11479;0,00000;0,00000
;2,33850;0,10788;0,11359;0,00000;0,00000
;2,33900;0,03676;0,11231;0,00000;0,00000
;2,33950;0,14632;0,11093;0,00000;0,00000
;2,34000;0,05534;0,10947;0,00000;0,00000
;2,34050;0,09250;0,10795;0,00000;0,00000
;2,34100;0,08738;0,10637;0,00000;0,00000
;2,34150;0,16042;0,10477;0,00000;0,00000
;2,34200;0,12710;0,10328;0,00000;0,00000
;2,34250;0,11813;0,10202;0,00000;0,00000
;2,34300;0,10660;0,10106;0,00000;0,00000
;2,34350;0,16426;0,10043;0,00000;0,00000
;2,34400;0,15337;0,10017;0,00000;0,00000
;2,34450;0,16939;0,10038;0,00000;0,00000
;2,34500;0,15593;0,10113;0,00000;0,00000
;2,34550;0,14120;0,10242;0,00000;0,00000
;2,34600;0,12326;0,10422;0,00000;0,00000
;2,34650;0,13415;0,10642;0,00000;0,00000
;2,34700;0,09635;0,10888;0,00000;0,00000
;2,34750;0,12518;0,11147;0,00000;0,00000
;2,34800;0,11236;0,11405;0,00000;0,00000
;2,34850;0,12390;0,11652;0,00000;0,00000
;2,34900;0,14312;0,11885;0,00000;0,00000
;2,34950;0,13991;0,12100;0,00000;0,00000
;2,35000;0,13927;0,12301;0,00000;0,00000
;2,35050;0,16426;0,12489;0,00000;0,00000
;2,35100;0,08417;0,12667;0,00000;0,00000
;2,35150;0,21552;0,12832;0,00000;0,00000
;2,35200;0,17900;0,12992;0,00000;0,00000
;2,35250;0,16875;0,13157;0,00000;0,00000
;2,35300;0,14760;0,13334;0,00000;0,00000
;2,35350;0,14504;0,13521;0,00000;0,00000
;2,35400;0,11365;0,13711;0,00000;0,00000
;2,35450;0,14440;0,13895;0,00000;0,00000
;2,35500;0,09378;0,14062;0,00000;0,00000
;2,35550;0,22641;0,14207;0,00000;0,00000
;2,35600;0,10083;0,14334;0,00000;0,00000
;2,35650;0,14248;0,14444;0,00000;0,00000
;2,35700;0,16682;0,14537;0,00000;0,00000
;2,35750;0,21359;0,14617;0,00000;0,00000
;2,35800;0,14248;0,14695;0,00000;0,00000
;2,35850;0,17003;0,14777;0,00000;0,00000
;2,35900;0,15529;0,14865;0,00000;0,00000
;2,35950;0,14760;0,14956;0,00000;0,00000
;2,36000;0,12902;0,15046;0,00000;0,00000
;2,36050;0,16042;0,15130;0,00000;0,00000
;2,36100;0,09891;0,15202;0,00000;0,00000
;2,36150;0,10275;0,15253;0,00000;0,00000
;2,36200;0,12710;0,15274;0,00000;0,00000
;2,36250;0,12069;0,15258;0,00000;0,00000
;2,36300;0,10724;0,15205;0,00000;0,00000
;2,36350;0,10724;0,15115;0,00000;0,00000
;2,36400;0,14056;0,14989;0,00000;0,00000
;2,36450;0,14568;0,14833;0,00000;0,00000
;2,36500;0,11301;0,14658;0,00000;0,00000
;2,36550;0,17772;0,14471;0,00000;0,00000
;2,36600;0,11044;0,14283;0,00000;0,00000
;2,36650;0,16939;0,14102;0,00000;0,00000
;2,36700;0,14376;0,13935;0,00000;0,00000
;2,36750;0,19630;0,13790;0,00000;0,00000
;2,36800;0,11557;0,13675;0,00000;0,00000
;2,36850;0,15529;0,13594;0,00000;0,00000
;2,36900;0,04189;0,13538;0,00000;0,00000
;2,36950;0,11301;0,13492;0,00000;0,00000
;2,37000;0,11493;0,13441;0,00000;0,00000
;2,37050;0,15465;0,13381;0,00000;0,00000
;2,37100;0,15721;0,13316;0,00000;0,00000
;2,37150;0,07969;0,13253;0,00000;0,00000
;2,37200;0,06431;0,13189;0,00000;0,00000
;2,37250;0,06367;0,13110;0,00000;0,00000
;2,37300;0,08866;0,13002;0,00000;0,00000
;2,37350;0,09186;0,12861;0,00000;0,00000
;2,37400;0,10980;0,12686;0,00000;0,00000
;2,37450;0,14760;0,12489;0,00000;0,00000
;2,37500;0,16234;0,12283;0,00000;0,00000
;2,37550;0,10211;0,12086;0,00000;0,00000
;2,37600;0,09891;0,11907;0,00000;0,00000
;2,37650;0,12902;0,11745;0,00000;0,00000
;2,37700;0,11685;0,11602;0,00000;0,00000
;2,37750;0,12326;0,11479;0,00000;0,00000
;2,37800;0,15914;0,11379;0,00000;0,00000
;2,37850;0,16298;0,11310;0,00000;0,00000
;2,37900;0,10724;0,11278;0,00000;0,00000
;2,37950;0,14504;0,11283;0,00000;0,00000
;2,38000;0,13351;0,11321;0,00000;0,00000
;2,38050;0,12774;0,11389;0,00000;0,00000
;2,38100;0,18412;0,11484;0,00000;0,00000
;2,38150;0,11941;0,11607;0,00000;0,00000
;2,38200;0,15721;0,11756;0,00000;0,00000
;2,38250;0,14184;0,11926;0,00000;0,00000
;2,38300;0,17003;0,12115;0,00000;0,00000
;2,38350;0,18284;0,12323;0,00000;0,00000
;2,38400;0,17708;0,12553;0,00000;0,00000
;2,38450;0,15593;0,12806;0,00000;0,00000
;2,38500;0,22256;0,13081;0,00000;0,00000
;2,38550;0,11877;0,13377;0,00000;0,00000
;2,38600;0,14953;0,13688;0,00000;0,00000
;2,38650;0,14120;0,13999;0,00000;0,00000
;2,38700;0,14568;0,14299;0,00000;0,00000
;2,38750;0,12198;0,14578;0,00000;0,00000
;2,38800;0,18092;0,14829;0,00000;0,00000
;2,38850;0,14056;0,15049;0,00000;0,00000
;2,38900;0,17643;0,15241;0,00000;0,00000
;2,38950;0,16234;0,15406;0,00000;0,00000
;2,39000;0,22449;0,15552;0,00000;0,00000
;2,39050;0,11685;0,15687;0,00000;0,00000
;2,39100;0,21488;0,15815;0,00000;0,00000
;2,39150;0,17259;0,15936;0,00000;0,00000
;2,39200;0,22577;0,16059;0,00000;0,00000
;2,39250;0,19758;0,16190;0,00000;0,00000
;2,39300;0,19309;0,16337;0,00000;0,00000
;2,39350;0,19950;0,16501;0,00000;0,00000
;2,39400;0,22000;0,16683;0,00000;0,00000
;2,39450;0,18797;0,16882;0,00000;0,00000
;2,39500;0,23153;0,17100;0,00000;0,00000
;2,39550;0,17515;0,17333;0,00000;0,00000
;2,39600;0,23217;0,17579;0,00000;0,00000
;2,39650;0,15401;0,17833;0,00000;0,00000
;2,39700;0,18797;0,18086;0,00000;0,00000
;2,39750;0,19501;0,18328;0,00000;0,00000
;2,39800;0,26869;0,18558;0,00000;0,00000
;2,39850;0,19053;0,18780;0,00000;0,00000
;2,39900;0,20719;0,18999;0,00000;0,00000
;2,39950;0,18092;0,19213;0,00000;0,00000
;2,40000;0,22577;0,19416;0,00000;0,00000
;2,40050;0,15914;0,19604;0,00000;0,00000
;2,40100;0,26998;0,19774;0,00000;0,00000
;2,40150;0,21616;0,19932;0,00000;0,00000
;2,40200;0,26037;0,20085;0,00000;0,00000
;2,40250;0,21167;0,20242;0,00000;0,00000
;2,40300;0,24883;0,20405;0,00000;0,00000
;2,40350;0,18540;0,20575;0,00000;0,00000
;2,40400;0,22833;0,20747;0,00000;0,00000
;2,40450;0,19886;0,20915;0,00000;0,00000
;2,40500;0,22897;0,21074;0,00000;0,00000
;2,40550;0,18861;0,21220;0,00000;0,00000
;2,40600;0,23794;0,21350;0,00000;0,00000
;2,40650;0,16875;0,21463;0,00000;0,00000
;2,40700;0,19373;0,21554;0,00000;0,00000
;2,40750;0,17003;0,21614;0,00000;0,00000
;2,40800;0,21808;0,21641;0,00000;0,00000
;2,40850;0,17195;0,21633;0,00000;0,00000
;2,40900;0,22641;0,21592;0,00000;0,00000
;2,40950;0,18797;0,21526;0,00000;0,00000
;2,41000;0,16746;0,21436;0,00000;0,00000
;2,41050;0,15017;0,21322;0,00000;0,00000
;2,41100;0,23986;0,21182;0,00000;0,00000
;2,41150;0,20142;0,21021;0,00000;0,00000
;2,41200;0,19501;0,20851;0,00000;0,00000
;2,41250;0,22705;0,20682;0,00000;0,00000
;2,41300;0,23730;0,20522;0,00000;0,00000
;2,41350;0,18669;0,20380;0,00000;0,00000
;2,41400;0,20078;0,20260;0,00000;0,00000
;2,41450;0,21424;0,20162;0,00000;0,00000
;2,41500;0,19822;0,20083;0,00000;0,00000
;2,41550;0,21808;0,20024;0,00000;0,00000
;2,41600;0,20911;0,19985;0,00000;0,00000
;2,41650;0,19181;0,19965;0,00000;0,00000
;2,41700;0,20334;0,19961;0,00000;0,00000
;2,41750;0,24179;0,19970;0,00000;0,00000
;2,41800;0,21231;0,19994;0,00000;0,00000
;2,41850;0,22705;0,20037;0,00000;0,00000
;2,41900;0,25268;0,20100;0,00000;0,00000
;2,41950;0,25075;0,20188;0,00000;0,00000
;2,42000;0,22192;0,20304;0,00000;0,00000
;2,42050;0,26229;0,20450;0,00000;0,00000
;2,42100;0,19694;0,20621;0,00000;0,00000
;2,42150;0,29560;0,20815;0,00000;0,00000
;2,42200;0,22321;0,21030;0,00000;0,00000
;2,42250;0,28343;0,21267;0,00000;0,00000
;2,42300;0,26357;0,21525;0,00000;0,00000
;2,42350;0,27959;0,21806;0,00000;0,00000
;2,42400;0,26165;0,22110;0,00000;0,00000
;2,42450;0,26037;0,22434;0,00000;0,00000
;2,42500;0,25075;0,22773;0,00000;0,00000
;2,42550;0,33405;0,23121;0,00000;0,00000
;2,42600;0,27702;0,23480;0,00000;0,00000
;2,42650;0,32379;0,23855;0,00000;0,00000
;2,42700;0,29496;0,24248;0,00000;0,00000
;2,42750;0,32379;0,24659;0,00000;0,00000
;2,42800;0,30842;0,25089;0,00000;0,00000
;2,42850;0,37953;0,25538;0,00000;0,00000
;2,42900;0,27382;0,26009;0,00000;0,00000
;2,42950;0,32700;0,26498;0,00000;0,00000
;2,43000;0,32187;0,26996;0,00000;0,00000
;2,43050;0,39171;0,27500;0,00000;0,00000
;2,43100;0,29688;0,28010;0,00000;0,00000
;2,43150;0,35327;0,28526;0,00000;0,00000
;2,43200;0,29496;0,29039;0,00000;0,00000
;2,43250;0,34814;0,29541;0,00000;0,00000
;2,43300;0,30009;0,30023;0,00000;0,00000
;2,43350;0,35391;0,30479;0,00000;0,00000
;2,43400;0,33661;0,30907;0,00000;0,00000
;2,43450;0,37441;0,31307;0,00000;0,00000
;2,43500;0,30585;0,31683;0,00000;0,00000
;2,43550;0,34558;0,32034;0,00000;0,00000
;2,43600;0,31547;0,32356;0,00000;0,00000
;2,43650;0,42951;0,32649;0,00000;0,00000
;2,43700;0,30970;0,32921;0,00000;0,00000
;2,43750;0,34045;0,33176;0,00000;0,00000
;2,43800;0,34942;0,33411;0,00000;0,00000
;2,43850;0,40260;0,33627;0,00000;0,00000
;2,43900;0,36736;0,33832;0,00000;0,00000
;2,43950;0,34622;0,34032;0,00000;0,00000
;2,44000;0,35391;0,34229;0,00000;0,00000
;2,44050;0,39683;0,34420;0,00000;0,00000
;2,44100;0,34558;0,34607;0,00000;0,00000
;2,44150;0,36160;0,34790;0,00000;0,00000
;2,44200;0,34622;0,34968;0,00000;0,00000
;2,44250;0,34366;0,35134;0,00000;0,00000
;2,44300;0,33917;0,35283;0,00000;0,00000
;2,44350;0,37313;0,35412;0,00000;0,00000
;2,44400;0,33853;0,35520;0,00000;0,00000
;2,44450;0,39555;0,35610;0,00000;0,00000
;2,44500;0,36992;0,35686;0,00000;0,00000
;2,44550;0,33597;0,35755;0,00000;0,00000
;2,44600;0,31611;0,35814;0,00000;0,00000
;2,44650;0,37697;0,35856;0,00000;0,00000
;2,44700;0,34045;0,35881;0,00000;0,00000
;2,44750;0,35583;0,35889;0,00000;0,00000
;2,44800;0,35775;0,35882;0,00000;0,00000
;2,44850;0,34366;0,35864;0,00000;0,00000
;2,44900;0,32828;0,35834;0,00000;0,00000
;2,44950;0,36736;0,35792;0,00000;0,00000
;2,45000;0,31995;0,35738;0,00000;0,00000
;2,45050;0,38402;0,35674;0,00000;0,00000
;2,45100;0,34750;0,35604;0,00000;0,00000
;2,45150;0,32828;0,35532;0,00000;0,00000
;2,45200;0,34366;0,35459;0,00000;0,00000
;2,45250;0,34558;0,35381;0,00000;0,00000
;2,45300;0,35198;0,35301;0,00000;0,00000
;2,45350;0,36672;0,35220;0,00000;0,00000
;2,45400;0,35583;0,35145;0,00000;0,00000
;2,45450;0,36224;0,35080;0,00000;0,00000
;2,45500;0,41798;0,35029;0,00000;0,00000
;2,45550;0,35263;0,35002;0,00000;0,00000
;2,45600;0,39235;0,35005;0,00000;0,00000
;2,45650;0,33340;0,35036;0,00000;0,00000
;2,45700;0,39043;0,35093;0,00000;0,00000
;2,45750;0,37441;0,35170;0,00000;0,00000
;2,45800;0,38979;0,35269;0,00000;0,00000
;2,45850;0,34814;0,35387;0,00000;0,00000
;2,45900;0,39427;0,35522;0,00000;0,00000
;2,45950;0,36224;0,35668;0,00000;0,00000
;2,46000;0,35903;0,35823;0,00000;0,00000
;2,46050;0,34814;0,35979;0,00000;0,00000
;2,46100;0,45642;0,36131;0,00000;0,00000
;2,46150;0,40644;0,36288;0,00000;0,00000
;2,46200;0,46026;0,36461;0,00000;0,00000
;2,46250;0,44232;0,36664;0,00000;0,00000
;2,46300;0,46475;0,36907;0,00000;0,00000
;2,46350;0,38594;0,37195;0,00000;0,00000
;2,46400;0,43784;0,37524;0,00000;0,00000
;2,46450;0,39747;0,37882;0,00000;0,00000
;2,46500;0,46282;0,38261;0,00000;0,00000
;2,46550;0,40004;0,38655;0,00000;0,00000
;2,46600;0,52433;0,39060;0,00000;0,00000
;2,46650;0,40260;0,39480;0,00000;0,00000
;2,46700;0,50703;0,39914;0,00000;0,00000
;2,46750;0,48525;0,40364;0,00000;0,00000
;2,46800;0,46090;0,40834;0,00000;0,00000
;2,46850;0,47948;0,41321;0,00000;0,00000
;2,46900;0,51408;0,41823;0,00000;0,00000
;2,46950;0,51216;0,42340;0,00000;0,00000
;2,47000;0,53586;0,42877;0,00000;0,00000
;2,47050;0,43784;0,43435;0,00000;0,00000
;2,47100;0,51024;0,44004;0,00000;0,00000
;2,47150;0,49999;0,44574;0,00000;0,00000
;2,47200;0,51152;0,45138;0,00000;0,00000
;2,47250;0,48205;0,45693;0,00000;0,00000
;2,47300;0,55573;0,46233;0,00000;0,00000
;2,47350;0,47884;0,46758;0,00000;0,00000
;2,47400;0,56854;0,47268;0,00000;0,00000
;2,47450;0,46347;0,47763;0,00000;0,00000
;2,47500;0,49486;0,48235;0,00000;0,00000
;2,47550;0,52305;0,48677;0,00000;0,00000
;2,47600;0,53458;0,49086;0,00000;0,00000
;2,47650;0,52561;0,49464;0,00000;0,00000
;2,47700;0,54547;0,49818;0,00000;0,00000
;2,47750;0,52497;0,50150;0,00000;0,00000
;2,47800;0,53715;0,50465;0,00000;0,00000
;2,47850;0,52241;0,50763;0,00000;0,00000
;2,47900;0,55316;0,51045;0,00000;0,00000
;2,47950;0,53202;0,51312;0,00000;0,00000
;2,48000;0,59865;0,51569;0,00000;0,00000
;2,48050;0,54163;0,51824;0,00000;0,00000
;2,48100;0,49934;0,52079;0,00000;0,00000
;2,48150;0,52882;0,52327;0,00000;0,00000
;2,48200;0,60954;0,52562;0,00000;0,00000
;2,48250;0,51472;0,52788;0,00000;0,00000
;2,48300;0,56341;0,53008;0,00000;0,00000
;2,48350;0,55829;0,53221;0,00000;0,00000
;2,48400;0,59032;0,53429;0,00000;0,00000
;2,48450;0,56726;0,53638;0,00000;0,00000
;2,48500;0,54676;0,53851;0,00000;0,00000
;2,48550;0,52561;0,54064;0,00000;0,00000
;2,48600;0,52818;0,54269;0,00000;0,00000
;2,48650;0,55701;0,54455;0,00000;0,00000
;2,48700;0,55380;0,54620;0,00000;0,00000
;2,48750;0,55957;0,54765;0,00000;0,00000
;2,48800;0,56470;0,54892;0,00000;0,00000
;2,48850;0,58968;0,55006;0,00000;0,00000
;2,48900;0,57366;0,55115;0,00000;0,00000
;2,48950;0,55573;0,55224;0,00000;0,00000
;2,49000;0,52818;0,55331;0,00000;0,00000
;2,49050;0,59673;0,55434;0,00000;0,00000
;2,49100;0,57879;0,55531;0,00000;0,00000
;2,49150;0,56982;0,55629;0,00000;0,00000
;2,49200;0,59225;0,55730;0,00000;0,00000
;2,49250;0,56918;0,55837;0,00000;0,00000
;2,49300;0,54483;0,55950;0,00000;0,00000
;2,49350;0,59481;0,56064;0,00000;0,00000
;2,49400;0,56085;0,56178;0,00000;0,00000
;2,49450;0,64670;0,56293;0,00000;0,00000
;2,49500;0,59032;0,56417;0,00000;0,00000
;2,49550;0,58199;0,56558;0,00000;0,00000
;2,49600;0,55573;0,56712;0,00000;0,00000
;2,49650;0,58263;0,56872;0,00000;0,00000
;2,49700;0,59160;0,57032;0,00000;0,00000
;2,49750;0,58904;0,57189;0,00000;0,00000
;2,49800;0,60186;0,57344;0,00000;0,00000
;2,49850;0,64030;0,57500;0,00000;0,00000
;2,49900;0,61211;0,57665;0,00000;0,00000
;2,49950;0,64799;0,57846;0,00000;0,00000
;2,50000;0,58199;0,58046;0,00000;0,00000
;2,50050;0,66464;0,58266;0,00000;0,00000
;2,50100;0,66721;0,58508;0,00000;0,00000
;2,50150;0,65952;0,58779;0,00000;0,00000
;2,50200;0,64286;0,59085;0,00000;0,00000
;2,50250;0,68643;0,59426;0,00000;0,00000
;2,50300;0,67361;0,59803;0,00000;0,00000
;2,50350;0,65247;0,60214;0,00000;0,00000
;2,50400;0,64991;0,60656;0,00000;0,00000
;2,50450;0,68643;0,61118;0,00000;0,00000
;2,50500;0,64030;0,61594;0,00000;0,00000
;2,50550;0,71013;0,62078;0,00000;0,00000
;2,50600;0,64799;0,62565;0,00000;0,00000
;2,50650;0,68899;0,63052;0,00000;0,00000
;2,50700;0,67105;0,63533;0,00000;0,00000
;2,50750;0,72295;0,64005;0,00000;0,00000
;2,50800;0,61147;0,64467;0,00000;0,00000
;2,50850;0,72615;0,64913;0,00000;0,00000
;2,50900;0,70116;0,65339;0,00000;0,00000
;2,50950;0,71398;0,65750;0,00000;0,00000
;2,51000;0,67233;0,66147;0,00000;0,00000
;2,51050;0,72231;0,66532;0,00000;0,00000
;2,51100;0,71974;0,66904;0,00000;0,00000
;2,51150;0,74409;0,67268;0,00000;0,00000
;2,51200;0,72871;0,67630;0,00000;0,00000
;2,51250;0,81777;0,67998;0,00000;0,00000
;2,51300;0,69412;0,68383;0,00000;0,00000
;2,51350;0,72359;0,68787;0,00000;0,00000
;2,51400;0,68643;0,69197;0,00000;0,00000
;2,51450;0,76780;0,69603;0,00000;0,00000
;2,51500;0,71205;0,69998;0,00000;0,00000
;2,51550;0,79150;0,70383;0,00000;0,00000
;2,51600;0,74281;0,70760;0,00000;0,00000
;2,51650;0,76587;0,71135;0,00000;0,00000
;2,51700;0,73960;0,71508;0,00000;0,00000
;2,51750;0,81008;0,71878;0,00000;0,00000
;2,51800;0,69155;0,72246;0,00000;0,00000
;2,51850;0,76395;0,72608;0,00000;0,00000
;2,51900;0,71974;0,72954;0,00000;0,00000
;2,51950;0,76523;0,73276;0,00000;0,00000
;2,52000;0,73512;0,73573;0,00000;0,00000
;2,52050;0,72167;0,73842;0,00000;0,00000
;2,52100;0,73832;0,74077;0,00000;0,00000
;2,52150;0,79086;0,74277;0,00000;0,00000
;2,52200;0,71141;0,74447;0,00000;0,00000
;2,52250;0,78317;0,74591;0,00000;0,00000
;2,52300;0,75434;0,74713;0,00000;0,00000
;2,52350;0,75947;0,74819;0,00000;0,00000
;2,52400;0,75050;0,74911;0,00000;0,00000
;2,52450;0,78830;0,74994;0,00000;0,00000
;2,52500;0,76331;0,75072;0,00000;0,00000
;2,52550;0,81521;0,75152;0,00000;0,00000
;2,52600;0,80624;0,75244;0,00000;0,00000
;2,52650;0,77997;0,75357;0,00000;0,00000
;2,52700;0,78253;0,75494;0,00000;0,00000
;2,52750;0,80175;0,75654;0,00000;0,00000
;2,52800;0,77612;0,75836;0,00000;0,00000
;2,52850;0,79919;0,76035;0,00000;0,00000
;2,52900;0,77100;0,76248;0,00000;0,00000
;2,52950;0,81457;0,76472;0,00000;0,00000
;2,53000;0,83699;0,76705;0,00000;0,00000
;2,53050;0,78189;0,76951;0,00000;0,00000
;2,53100;0,76587;0,77209;0,00000;0,00000
;2,53150;0,78958;0,77468;0,00000;0,00000
;2,53200;0,74601;0,77718;0,00000;0,00000
;2,53250;0,78894;0,77948;0,00000;0,00000
;2,53300;0,78830;0,78153;0,00000;0,00000
;2,53350;0,87095;0,78334;0,00000;0,00000
;2,53400;0,84724;0,78505;0,00000;0,00000
;2,53450;0,76459;0,78681;0,00000;0,00000
;2,53500;0,79791;0,78860;0,00000;0,00000
;2,53550;0,78189;0,79036;0,00000;0,00000
;2,53600;0,82097;0,79202;0,00000;0,00000
;2,53650;0,79342;0,79356;0,00000;0,00000
;2,53700;0,81969;0,79500;0,00000;0,00000
;2,53750;0,82546;0,79636;0,00000;0,00000
;2,53800;0,86518;0,79769;0,00000;0,00000
;2,53850;0,82354;0,79910;0,00000;0,00000
;2,53900;0,84468;0,80063;0,00000;0,00000
;2,53950;0,84916;0,80234;0,00000;0,00000
;2,54000;0,90747;0,80426;0,00000;0,00000
;2,54050;0,85493;0,80649;0,00000;0,00000
;2,54100;0,89145;0,80908;0,00000;0,00000
;2,54150;0,82418;0,81205;0,00000;0,00000
;2,54200;0,91131;0,81534;0,00000;0,00000
;2,54250;0,79599;0,81890;0,00000;0,00000
;2,54300;0,92092;0,82262;0,00000;0,00000
;2,54350;0,89081;0,82648;0,00000;0,00000
;2,54400;0,93117;0,83051;0,00000;0,00000
;2,54450;0,84532;0,83474;0,00000;0,00000
;2,54500;0,91708;0,83914;0,00000;0,00000
;2,54550;0,86774;0,84363;0,00000;0,00000
;2,54600;0,92861;0,84818;0,00000;0,00000
;2,54650;0,88120;0,85274;0,00000;0,00000
;2,54700;0,92541;0,85730;0,00000;0,00000
;2,54750;0,87351;0,86182;0,00000;0,00000
;2,54800;0,98883;0,86628;0,00000;0,00000
;2,54850;0,92541;0,87073;0,00000;0,00000
;2,54900;0,93181;0,87523;0,00000;0,00000
;2,54950;0,91964;0,87979;0,00000;0,00000
;2,55000;0,98755;0,88438;0,00000;0,00000
;2,55050;0,92348;0,88902;0,00000;0,00000
;2,55100;0,96385;0,89371;0,00000;0,00000
;2,55150;0,93502;0,89844;0,00000;0,00000
;2,55200;1,00741;0,90318;0,00000;0,00000
;2,55250;0,94975;0,90795;0,00000;0,00000
;2,55300;1,00677;0,91277;0,00000;0,00000
;2,55350;0,96961;0,91768;0,00000;0,00000
;2,55400;1,02023;0,92266;0,00000;0,00000
;2,55450;0,96449;0,92774;0,00000;0,00000
;2,55500;0,99268;0,93289;0,00000;0,00000
;2,55550;0,89529;0,93801;0,00000;0,00000
;2,55600;0,96000;0,94294;0,00000;0,00000
;2,55650;0,91772;0,94751;0,00000;0,00000
;2,55700;0,93309;0,95156;0,00000;0,00000
;2,55750;0,90362;0,95501;0,00000;0,00000
;2,55800;1,01574;0,95778;0,00000;0,00000
;2,55850;0,96257;0,95995;0,00000;0,00000
;2,55900;0,97666;0,96164;0,00000;0,00000
;2,55950;0,96128;0,96296;0,00000;0,00000
;2,56000;1,00037;0,96398;0,00000;0,00000
;2,56050;1,01126;0,96481;0,00000;0,00000
;2,56100;0,98819;0,96559;0,00000;0,00000
;2,56150;0,96641;0,96638;0,00000;0,00000
;2,56200;1,05354;0,96724;0,00000;0,00000
;2,56250;0,95936;0,96823;0,00000;0,00000
;2,56300;1,00357;0,96938;0,00000;0,00000
;2,56350;1,00421;0,97068;0,00000;0,00000
;2,56400;1,01126;0,97213;0,00000;0,00000
;2,56450;1,01254;0,97376;0,00000;0,00000
;2,56500;1,00421;0,97556;0,00000;0,00000
;2,56550;0,96000;0,97751;0,00000;0,00000
;2,56600;0,97154;0,97952;0,00000;0,00000
;2,56650;0,97474;0,98145;0,00000;0,00000
;2,56700;0,97922;0,98323;0,00000;0,00000
;2,56750;0,96193;0,98478;0,00000;0,00000
;2,56800;1,02087;0,98609;0,00000;0,00000
;2,56850;0,97858;0,98718;0,00000;0,00000
;2,56900;0,99588;0,98807;0,00000;0,00000
;2,56950;0,99652;0,98881;0,00000;0,00000
;2,57000;1,00677;0,98943;0,00000;0,00000
;2,57050;0,97025;0,98996;0,00000;0,00000
;2,57100;1,02023;0,99041;0,00000;0,00000
;2,57150;0,98691;0,99081;0,00000;0,00000
;2,57200;0,97090;0,99117;0,00000;0,00000
;2,57250;0,99012;0,99146;0,00000;0,00000
;2,57300;1,00549;0,99167;0,00000;0,00000
;2,57350;1,01574;0,99183;0,00000;0,00000
;2,57400;1,03881;0,99201;0,00000;0,00000
;2,57450;1,10096;0,99233;0,00000;0,00000
;2,57500;1,00870;0,99296;0,00000;0,00000
;2,57550;1,05739;0,99399;0,00000;0,00000
;2,57600;0,98435;0,99541;0,00000;0,00000
;2,57650;1,03304;0,99714;0,00000;0,00000
;2,57700;0,99588;0,99907;0,00000;0,00000
;2,57750;1,03112;1,00112;0,00000;0,00000
;2,57800;1,05611;1,00325;0,00000;0,00000
;2,57850;1,03817;1,00545;0,00000;0,00000
;2,57900;1,06444;1,00776;0,00000;0,00000
;2,57950;1,05162;1,01020;0,00000;0,00000
;2,58000;1,02087;1,01278;0,00000;0,00000
;2,58050;1,08238;1,01545;0,00000;0,00000
;2,58100;1,04073;1,01820;0,00000;0,00000
;2,58150;1,14388;1,02107;0,00000;0,00000
;2,58200;1,06316;1,02412;0,00000;0,00000
;2,58250;1,12146;1,02742;0,00000;0,00000
;2,58300;1,06700;1,03100;0,00000;0,00000
;2,58350;1,07853;1,03484;0,00000;0,00000
;2,58400;1,02535;1,03883;0,00000;0,00000
;2,58450;1,11505;1,04284;0,00000;0,00000
;2,58500;1,05739;1,04680;0,00000;0,00000
;2,58550;1,14580;1,05069;0,00000;0,00000
;2,58600;1,07341;1,05453;0,00000;0,00000
;2,58650;1,10480;1,05834;0,00000;0,00000
;2,58700;1,13491;1,06212;0,00000;0,00000
;2,58750;1,12915;1,06590;0,00000;0,00000
;2,58800;1,05803;1,06971;0,00000;0,00000
;2,58850;1,15349;1,07350;0,00000;0,00000
;2,58900;1,12787;1,07725;0,00000;0,00000
;2,58950;1,13684;1,08099;0,00000;0,00000
;2,59000;1,08302;1,08474;0,00000;0,00000
;2,59050;1,17079;1,08846;0,00000;0,00000
;2,59100;1,09071;1,09211;0,00000;0,00000
;2,59150;1,16695;1,09570;0,00000;0,00000
;2,59200;1,08686;1,09921;0,00000;0,00000
;2,59250;1,17079;1,10260;0,00000;0,00000
;2,59300;1,14709;1,10589;0,00000;0,00000
;2,59350;1,14324;1,10911;0,00000;0,00000
;2,59400;1,06828;1,11224;0,00000;0,00000
;2,59450;1,18297;1,11521;0,00000;0,00000
;2,59500;1,10993;1,11798;0,00000;0,00000
;2,59550;1,20090;1,12057;0,00000;0,00000
;2,59600;1,16182;1,12306;0,00000;0,00000
;2,59650;1,17464;1,12553;0,00000;0,00000
;2,59700;1,18809;1,12806;0,00000;0,00000
;2,59750;1,20026;1,13070;0,00000;0,00000
;2,59800;1,10993;1,13348;0,00000;0,00000
;2,59850;1,19322;1,13636;0,00000;0,00000
;2,59900;1,16759;1,13926;0,00000;0,00000
;2,59950;1,17528;1,14218;0,00000;0,00000
;2,60000;1,14837;1,14507;0,00000;0,00000
;2,60050;1,19834;1,14791;0,00000;0,00000
;2,60100;1,13555;1,15067;0,00000;0,00000
;2,60150;1,17976;1,15330;0,00000;0,00000
;2,60200;1,09775;1,15574;0,00000;0,00000
;2,60250;1,16439;1,15790;0,00000;0,00000
;2,60300;1,14452;1,15970;0,00000;0,00000
;2,60350;1,15798;1,16112;0,00000;0,00000
;2,60400;1,11697;1,16216;0,00000;0,00000
;2,60450;1,14516;1,16282;0,00000;0,00000
;2,60500;1,15413;1,16308;0,00000;0,00000
;2,60550;1,16182;1,16298;0,00000;0,00000
;2,60600;1,17079;1,16261;0,00000;0,00000
;2,60650;1,19129;1,16208;0,00000;0,00000
;2,60700;1,16374;1,16150;0,00000;0,00000
;2,60750;1,20923;1,16096;0,00000;0,00000
;2,60800;1,13107;1,16055;0,00000;0,00000
;2,60850;1,20475;1,16029;0,00000;0,00000
;2,60900;1,17464;1,16019;0,00000;0,00000
;2,60950;1,20219;1,16030;0,00000;0,00000
;2,61000;1,19514;1,16066;0,00000;0,00000
;2,61050;1,16567;1,16128;0,00000;0,00000
;2,61100;1,17400;1,16215;0,00000;0,00000
;2,61150;1,19258;1,16320;0,00000;0,00000
;2,61200;1,15734;1,16439;0,00000;0,00000
;2,61250;1,15670;1,16567;0,00000;0,00000
;2,61300;1,15349;1,16694;0,00000;0,00000
;2,61350;1,17271;1,16812;0,00000;0,00000
;2,61400;1,17079;1,16918;0,00000;0,00000
;2,61450;1,15990;1,17009;0,00000;0,00000
;2,61500;1,19514;1,17086;0,00000;0,00000
;2,61550;1,12210;1,17150;0,00000;0,00000
;2,61600;1,18040;1,17197;0,00000;0,00000
;2,61650;1,19001;1,17228;0,00000;0,00000
;2,61700;1,23742;1,17248;0,00000;0,00000
;2,61750;1,21756;1,17273;0,00000;0,00000
;2,61800;1,19193;1,17316;0,00000;0,00000
;2,61850;1,19834;1,17381;0,00000;0,00000
;2,61900;1,19834;1,17469;0,00000;0,00000
;2,61950;1,21436;1,17577;0,00000;0,00000
;2,62000;1,24703;1,17707;0,00000;0,00000
;2,62050;1,19834;1,17864;0,00000;0,00000
;2,62100;1,28035;1,18050;0,00000;0,00000
;2,62150;1,17528;1,18268;0,00000;0,00000
;2,62200;1,26497;1,18514;0,00000;0,00000
;2,62250;1,19386;1,18785;0,00000;0,00000
;2,62300;1,20411;1,19074;0,00000;0,00000
;2,62350;1,25024;1,19371;0,00000;0,00000
;2,62400;1,28804;1,19675;0,00000;0,00000
;2,62450;1,20090;1,19989;0,00000;0,00000
;2,62500;1,29701;1,20316;0,00000;0,00000
;2,62550;1,20539;1,20654;0,00000;0,00000
;2,62600;1,25344;1,20999;0,00000;0,00000
;2,62650;1,23358;1,21345;0,00000;0,00000
;2,62700;1,23550;1,21685;0,00000;0,00000
;2,62750;1,24447;1,22014;0,00000;0,00000
;2,62800;1,28612;1,22330;0,00000;0,00000
;2,62850;1,23935;1,22636;0,00000;0,00000
;2,62900;1,27971;1,22933;0,00000;0,00000
;2,62950;1,26113;1,23224;0,00000;0,00000
;2,63000;1,30982;1,23511;0,00000;0,00000
;2,63050;1,24255;1,23798;0,00000;0,00000
;2,63100;1,31559;1,24088;0,00000;0,00000
;2,63150;1,28612;1,24382;0,00000;0,00000
;2,63200;1,33865;1,24685;0,00000;0,00000
;2,63250;1,28868;1,25003;0,00000;0,00000
;2,63300;1,32584;1,25341;0,00000;0,00000
;2,63350;1,24511;1,25695;0,00000;0,00000
;2,63400;1,30213;1,26057;0,00000;0,00000
;2,63450;1,24191;1,26416;0,00000;0,00000
;2,63500;1,29060;1,26760;0,00000;0,00000
;2,63550;1,27074;1,27080;0,00000;0,00000
;2,63600;1,26497;1,27370;0,00000;0,00000
;2,63650;1,21500;1,27625;0,00000;0,00000
;2,63700;1,29060;1,27834;0,00000;0,00000
;2,63750;1,21692;1,27991;0,00000;0,00000
;2,63800;1,30149;1,28096;0,00000;0,00000
;2,63850;1,25408;1,28153;0,00000;0,00000
;2,63900;1,32904;1,28171;0,00000;0,00000
;2,63950;1,24832;1,28160;0,00000;0,00000
;2,64000;1,29893;1,28132;0,00000;0,00000
;2,64050;1,24511;1,28089;0,00000;0,00000
;2,64100;1,31239;1,28036;0,00000;0,00000
;2,64150;1,28868;1,27979;0,00000;0,00000
;2,64200;1,30854;1,27925;0,00000;0,00000
;2,64250;1,25408;1,27881;0,00000;0,00000
;2,64300;1,30790;1,27848;0,00000;0,00000
;2,64350;1,27074;1,27827;0,00000;0,00000
;2,64400;1,27843;1,27817;0,00000;0,00000
;2,64450;1,24960;1,27814;0,00000;0,00000
;2,64500;1,27651;1,27813;0,00000;0,00000
;2,64550;1,25729;1,27808;0,00000;0,00000
;2,64600;1,25793;1,27796;0,00000;0,00000
;2,64650;1,24447;1,27773;0,00000;0,00000
;2,64700;1,30406;1,27737;0,00000;0,00000
;2,64750;1,22910;1,27688;0,00000;0,00000
;2,64800;1,28740;1,27629;0,00000;0,00000
;2,64850;1,24639;1,27560;0,00000;0,00000
;2,64900;1,23550;1,27481;0,00000;0,00000
;2,64950;1,26049;1,27390;0,00000;0,00000
;2,65000;1,23038;1,27283;0,00000;0,00000
;2,65050;1,27907;1,27162;0,00000;0,00000
;2,65100;1,29445;1,27031;0,00000;0,00000
;2,65150;1,29188;1,26902;0,00000;0,00000
;2,65200;1,26626;1,26786;0,00000;0,00000
;2,65250;1,24639;1,26686;0,00000;0,00000
;2,65300;1,26754;1,26602;0,00000;0,00000
;2,65350;1,22845;1,26528;0,00000;0,00000
;2,65400;1,27843;1,26461;0,00000;0,00000
;2,65450;1,19962;1,26395;0,00000;0,00000
;2,65500;1,25665;1,26325;0,00000;0,00000
;2,65550;1,28740;1,26248;0,00000;0,00000
;2,65600;1,25665;1,26169;0,00000;0,00000
;2,65650;1,31815;1,26095;0,00000;0,00000
;2,65700;1,30149;1,26038;0,00000;0,00000
;2,65750;1,30790;1,26011;0,00000;0,00000
;2,65800;1,28291;1,26019;0,00000;0,00000
;2,65850;1,28932;1,26066;0,00000;0,00000
;2,65900;1,21372;1,26145;0,00000;0,00000
;2,65950;1,30726;1,26245;0,00000;0,00000
;2,66000;1,25729;1,26356;0,00000;0,00000
;2,66050;1,35852;1,26478;0,00000;0,00000
;2,66100;1,28996;1,26616;0,00000;0,00000
;2,66150;1,30982;1,26776;0,00000;0,00000
;2,66200;1,27330;1,26958;0,00000;0,00000
;2,66250;1,31303;1,27157;0,00000;0,00000
;2,66300;1,25408;1,27366;0,00000;0,00000
;2,66350;1,32200;1,27578;0,00000;0,00000
;2,66400;1,27202;1,27789;0,00000;0,00000
;2,66450;1,32648;1,27996;0,00000;0,00000
;2,66500;1,30470;1,28199;0,00000;0,00000
;2,66550;1,30598;1,28400;0,00000;0,00000
;2,66600;1,26241;1,28598;0,00000;0,00000
;2,66650;1,31943;1,28787;0,00000;0,00000
;2,66700;1,25024;1,28961;0,00000;0,00000
;2,66750;1,33225;1,29118;0,00000;0,00000
;2,66800;1,30598;1,29257;0,00000;0,00000
;2,66850;1,34634;1,29385;0,00000;0,00000
;2,66900;1,28099;1,29508;0,00000;0,00000
;2,66950;1,34314;1,29630;0,00000;0,00000
;2,67000;1,30854;1,29753;0,00000;0,00000
;2,67050;1,36877;1,29880;0,00000;0,00000
;2,67100;1,35467;1,30020;0,00000;0,00000
;2,67150;1,32200;1,30181;0,00000;0,00000
;2,67200;1,28996;1,30360;0,00000;0,00000
;2,67250;1,37838;1,30553;0,00000;0,00000
;2,67300;1,33032;1,30756;0,00000;0,00000
;2,67350;1,34826;1,30971;0,00000;0,00000
;2,67400;1,28163;1,31195;0,00000;0,00000
;2,67450;1,34891;1,31420;0,00000;0,00000
;2,67500;1,29829;1,31637;0,00000;0,00000
;2,67550;1,29701;1,31839;0,00000;0,00000
;2,67600;1,26754;1,32016;0,00000;0,00000
;2,67650;1,28355;1,32155;0,00000;0,00000
;2,67700;1,26754;1,32247;0,00000;0,00000
;2,67750;1,31559;1,32286;0,00000;0,00000
;2,67800;1,28548;1,32273;0,00000;0,00000
;2,67850;1,31046;1,32216;0,00000;0,00000
;2,67900;1,27587;1,32119;0,00000;0,00000
;2,67950;1,32648;1,31990;0,00000;0,00000
;2,68000;1,27010;1,31834;0,00000;0,00000
;2,68050;1,32392;1,31660;0,00000;0,00000
;2,68100;1,30406;1,31474;0,00000;0,00000
;2,68150;1,31943;1,31285;0,00000;0,00000
;2,68200;1,32392;1,31102;0,00000;0,00000
;2,68250;1,32840;1,30934;0,00000;0,00000
;2,68300;1,32071;1,30789;0,00000;0,00000
;2,68350;1,32776;1,30672;0,00000;0,00000
;2,68400;1,26561;1,30585;0,00000;0,00000
;2,68450;1,31495;1,30520;0,00000;0,00000
;2,68500;1,27843;1,30472;0,00000;0,00000
;2,68550;1,23999;1,30431;0,00000;0,00000
;2,68600;1,28676;1,30385;0,00000;0,00000
;2,68650;1,24063;1,30324;0,00000;0,00000
;2,68700;1,21756;1,30238;0,00000;0,00000
;2,68750;1,28996;1,30118;0,00000;0,00000
;2,68800;1,24063;1,29961;0,00000;0,00000
;2,68850;1,23614;1,29769;0,00000;0,00000
;2,68900;1,26946;1,29542;0,00000;0,00000
;2,68950;1,22333;1,29284;0,00000;0,00000
;2,69000;1,28484;1,28999;0,00000;0,00000
;2,69050;1,25921;1,28695;0,00000;0,00000
;2,69100;1,25472;1,28381;0,00000;0,00000
;2,69150;1,25793;1,28066;0,00000;0,00000
;2,69200;1,26882;1,27754;0,00000;0,00000
;2,69250;1,26369;1,27454;0,00000;0,00000
;2,69300;1,28804;1,27170;0,00000;0,00000
;2,69350;1,21948;1,26911;0,00000;0,00000
;2,69400;1,24255;1,26673;0,00000;0,00000
;2,69450;1,23550;1,26452;0,00000;0,00000
;2,69500;1,24575;1,26243;0,00000;0,00000
;2,69550;1,22717;1,26044;0,00000;0,00000
;2,69600;1,28676;1,25854;0,00000;0,00000
;2,69650;1,22653;1,25676;0,00000;0,00000
;2,69700;1,23871;1,25512;0,00000;0,00000
;2,69750;1,21820;1,25360;0,00000;0,00000
;2,69800;1,23486;1,25213;0,00000;0,00000
;2,69850;1,20026;1,25068;0,00000;0,00000
;2,69900;1,29573;1,24922;0,00000;0,00000
;2,69950;1,22525;1,24779;0,00000;0,00000
;2,70000;1,27074;1,24647;0,00000;0,00000
;2,70050;1,24319;1,24530;0,00000;0,00000
;2,70100;1,27523;1,24432;0,00000;0,00000
;2,70150;1,24896;1,24358;0,00000;0,00000
;2,70200;1,26497;1,24308;0,00000;0,00000
;2,70250;1,21948;1,24283;0,00000;0,00000
;2,70300;1,30662;1,24280;0,00000;0,00000
;2,70350;1,23038;1,24298;0,00000;0,00000
;2,70400;1,28163;1,24338;0,00000;0,00000
;2,70450;1,22397;1,24397;0,00000;0,00000
;2,70500;1,26946;1,24470;0,00000;0,00000
;2,70550;1,25793;1,24554;0,00000;0,00000
;2,70600;1,25536;1,24646;0,00000;0,00000
;2,70650;1,25216;1,24743;0,00000;0,00000
;2,70700;1,27074;1,24844;0,00000;0,00000
;2,70750;1,25921;1,24948;0,00000;0,00000
;2,70800;1,28227;1,25054;0,00000;0,00000
;2,70850;1,25280;1,25163;0,00000;0,00000
;2,70900;1,30213;1,25278;0,00000;0,00000
;2,70950;1,23742;1,25398;0,00000;0,00000
;2,71000;1,36620;1,25525;0,00000;0,00000
;2,71050;1,17912;1,25664;0,00000;0,00000
;2,71100;1,28227;1,25809;0,00000;0,00000
;2,71150;1,26690;1,25951;0,00000;0,00000
;2,71200;1,25729;1,26085;0,00000;0,00000
;2,71250;1,21244;1,26208;0,00000;0,00000
;2,71300;1,33609;1,26313;0,00000;0,00000
;2,71350;1,23358;1,26403;0,00000;0,00000
;2,71400;1,26369;1,26480;0,00000;0,00000
;2,71450;1,18681;1,26542;0,00000;0,00000
;2,71500;1,19834;1,26575;0,00000;0,00000
;2,71550;1,22653;1,26566;0,00000;0,00000
;2,71600;1,23871;1,26509;0,00000;0,00000
;2,71650;1,21884;1,26406;0,00000;0,00000
;2,71700;1,25857;1,26263;0,00000;0,00000
;2,71750;1,21116;1,26088;0,00000;0,00000
;2,71800;1,20859;1,25886;0,00000;0,00000
;2,71850;1,23871;1,25660;0,00000;0,00000
;2,71900;1,22013;1,25413;0,00000;0,00000
;2,71950;1,17207;1,25150;0,00000;0,00000
;2,72000;1,19322;1,24869;0,00000;0,00000
;2,72050;1,26305;1,24569;0,00000;0,00000
;2,72100;1,20475;1,24258;0,00000;0,00000
;2,72150;1,19642;1,23946;0,00000;0,00000
;2,72200;1,18873;1,23635;0,00000;0,00000
;2,72250;1,16631;1,23322;0,00000;0,00000
;2,72300;1,18617;1,23003;0,00000;0,00000
;2,72350;1,17976;1,22676;0,00000;0,00000
;2,72400;1,20603;1,22340;0,00000;0,00000
;2,72450;1,20090;1,22003;0,00000;0,00000
;2,72500;1,14645;1,21670;0,00000;0,00000
;2,72550;1,17784;1,21340;0,00000;0,00000
;2,72600;1,14516;1,21009;0,00000;0,00000
;2,72650;1,16951;1,20675;0,00000;0,00000
;2,72700;1,15670;1,20337;0,00000;0,00000
;2,72750;1,13684;1,19994;0,00000;0,00000
;2,72800;1,17400;1,19646;0,00000;0,00000
;2,72850;1,15221;1,19294;0,00000;0,00000
;2,72900;1,13940;1,18942;0,00000;0,00000
;2,72950;1,12594;1,18591;0,00000;0,00000
;2,73000;1,15285;1,18237;0,00000;0,00000
;2,73050;1,18425;1,17884;0,00000;0,00000
;2,73100;1,10864;1,17538;0,00000;0,00000
;2,73150;1,12274;1,17201;0,00000;0,00000
;2,73200;1,13171;1,16870;0,00000;0,00000
;2,73250;1,13619;1,16540;0,00000;0,00000
;2,73300;1,07853;1,16214;0,00000;0,00000
;2,73350;1,14132;1,15886;0,00000;0,00000
;2,73400;1,08494;1,15555;0,00000;0,00000
;2,73450;1,13876;1,15220;0,00000;0,00000
;2,73500;1,10929;1,14883;0,00000;0,00000
;2,73550;1,11697;1,14550;0,00000;0,00000
;2,73600;1,07341;1,14220;0,00000;0,00000
;2,73650;1,13107;1,13893;0,00000;0,00000
;2,73700;1,12082;1,13570;0,00000;0,00000
;2,73750;1,12530;1,13259;0,00000;0,00000
;2,73800;1,08109;1,12963;0,00000;0,00000
;2,73850;1,15670;1,12686;0,00000;0,00000
;2,73900;1,08109;1,12428;0,00000;0,00000
;2,73950;1,14580;1,12194;0,00000;0,00000
;2,74000;1,12338;1,11986;0,00000;0,00000
;2,74050;1,15221;1,11808;0,00000;0,00000
;2,74100;1,09071;1,11665;0,00000;0,00000
;2,74150;1,13171;1,11555;0,00000;0,00000
;2,74200;1,10993;1,11475;0,00000;0,00000
;2,74250;1,16567;1,11421;0,00000;0,00000
;2,74300;1,05931;1,11393;0,00000;0,00000
;2,74350;1,13812;1,11386;0,00000;0,00000
;2,74400;1,11313;1,11393;0,00000;0,00000
;2,74450;1,16503;1,11413;0,00000;0,00000
;2,74500;1,12210;1,11448;0,00000;0,00000
;2,74550;1,12018;1,11501;0,00000;0,00000
;2,74600;1,09135;1,11568;0,00000;0,00000
;2,74650;1,12594;1,11639;0,00000;0,00000
;2,74700;1,05290;1,11708;0,00000;0,00000
;2,74750;1,08558;1,11761;0,00000;0,00000
;2,74800;1,06251;1,11788;0,00000;0,00000
;2,74850;1,11954;1,11780;0,00000;0,00000
;2,74900;1,04265;1,11737;0,00000;0,00000
;2,74950;1,09199;1,11657;0,00000;0,00000
;2,75000;1,00870;1,11536;0,00000;0,00000
;2,75050;1,15798;1,11373;0,00000;0,00000
;2,75100;1,14901;1,11179;0,00000;0,00000
;2,75150;1,05675;1,10974;0,00000;0,00000
;2,75200;1,06380;1,10768;0,00000;0,00000
;2,75250;1,09519;1,10559;0,00000;0,00000
;2,75300;1,06508;1,10345;0,00000;0,00000
;2,75350;1,09135;1,10130;0,00000;0,00000
;2,75400;1,02792;1,09912;0,00000;0,00000
;2,75450;1,08238;1,09690;0,00000;0,00000
;2,75500;1,04009;1,09460;0,00000;0,00000
;2,75550;1,10544;1,09224;0,00000;0,00000
;2,75600;1,03881;1,08985;0,00000;0,00000
;2,75650;1,05419;1,08745;0,00000;0,00000
;2,75700;1,03496;1,08504;0,00000;0,00000
;2,75750;1,12466;1,08260;0,00000;0,00000
;2,75800;0,98883;1,08019;0,00000;0,00000
;2,75850;1,04009;1,07781;0,00000;0,00000
;2,75900;1,04714;1,07538;0,00000;0,00000
;2,75950;1,04714;1,07290;0,00000;0,00000
;2,76000;1,00806;1,07037;0,00000;0,00000
;2,76050;1,00037;1,06777;0,00000;0,00000
;2,76100;1,03112;1,06503;0,00000;0,00000
;2,76150;1,05290;1,06216;0,00000;0,00000
;2,76200;0,97282;1,05919;0,00000;0,00000
;2,76250;1,00998;1,05612;0,00000;0,00000
;2,76300;0,99909;1,05292;0,00000;0,00000
;2,76350;1,00357;1,04958;0,00000;0,00000
;2,76400;0,95039;1,04609;0,00000;0,00000
;2,76450;0,96513;1,04241;0,00000;0,00000
;2,76500;0,94078;1,03847;0,00000;0,00000
;2,76550;0,99012;1,03423;0,00000;0,00000
;2,76600;0,96064;1,02971;0,00000;0,00000
;2,76650;0,96128;1,02498;0,00000;0,00000
;2,76700;0,95167;1,02006;0,00000;0,00000
;2,76750;0,97602;1,01502;0,00000;0,00000
;2,76800;0,90683;1,00990;0,00000;0,00000
;2,76850;0,95552;1,00470;0,00000;0,00000
;2,76900;0,96449;0,99945;0,00000;0,00000
;2,76950;0,92541;0,99421;0,00000;0,00000
;2,77000;1,00421;0,98905;0,00000;0,00000
;2,77050;0,91323;0,98406;0,00000;0,00000
;2,77100;0,98499;0,97931;0,00000;0,00000
;2,77150;0,96128;0,97485;0,00000;0,00000
;2,77200;0,90426;0,97073;0,00000;0,00000
;2,77250;0,88248;0,96690;0,00000;0,00000
;2,77300;0,95872;0,96324;0,00000;0,00000
;2,77350;0,92797;0,95972;0,00000;0,00000
;2,77400;0,93245;0,95635;0,00000;0,00000
;2,77450;0,89657;0,95314;0,00000;0,00000
;2,77500;0,91516;0,95006;0,00000;0,00000
;2,77550;0,89850;0,94705;0,00000;0,00000
;2,77600;0,92989;0,94410;0,00000;0,00000
;2,77650;0,91259;0,94120;0,00000;0,00000
;2,77700;0,95616;0,93840;0,00000;0,00000
;2,77750;0,94335;0,93578;0,00000;0,00000
;2,77800;0,94783;0,93341;0,00000;0,00000
;2,77850;0,92092;0,93138;0,00000;0,00000
;2,77900;0,94655;0,92968;0,00000;0,00000
;2,77950;0,93245;0,92831;0,00000;0,00000
;2,78000;0,95039;0,92728;0,00000;0,00000
;2,78050;0,89465;0,92656;0,00000;0,00000
;2,78100;0,90939;0,92609;0,00000;0,00000
;2,78150;0,95424;0,92578;0,00000;0,00000
;2,78200;0,95680;0,92561;0,00000;0,00000
;2,78250;0,87735;0,92561;0,00000;0,00000
;2,78300;0,95744;0,92572;0,00000;0,00000
;2,78350;0,90362;0,92590;0,00000;0,00000
;2,78400;0,97410;0,92613;0,00000;0,00000
;2,78450;0,87928;0,92642;0,00000;0,00000
;2,78500;0,94335;0,92674;0,00000;0,00000
;2,78550;0,87287;0,92701;0,00000;0,00000
;2,78600;0,90875;0,92718;0,00000;0,00000
;2,78650;0,90234;0,92717;0,00000;0,00000
;2,78700;0,91580;0,92694;0,00000;0,00000
;2,78750;0,86454;0,92648;0,00000;0,00000
;2,78800;0,94014;0,92579;0,00000;0,00000
;2,78850;0,90683;0,92487;0,00000;0,00000
;2,78900;0,94078;0,92381;0,00000;0,00000
;2,78950;0,89593;0,92269;0,00000;0,00000
;2,79000;0,94527;0,92155;0,00000;0,00000
;2,79050;0,91836;0,92045;0,00000;0,00000
;2,79100;0,89529;0,91944;0,00000;0,00000
;2,79150;0,86582;0,91849;0,00000;0,00000
;2,79200;0,95936;0,91754;0,00000;0,00000
;2,79250;0,91131;0,91661;0,00000;0,00000
;2,79300;0,90106;0,91575;0,00000;0,00000
;2,79350;0,85685;0,91494;0,00000;0,00000
;2,79400;0,91131;0,91411;0,00000;0,00000
;2,79450;0,86967;0,91321;0,00000;0,00000
;2,79500;0,92348;0,91221;0,00000;0,00000
;2,79550;0,84788;0,91111;0,00000;0,00000
;2,79600;0,89145;0,90989;0,00000;0,00000
;2,79650;0,83571;0,90852;0,00000;0,00000
;2,79700;0,86838;0,90693;0,00000;0,00000
;2,79750;0,82354;0,90507;0,00000;0,00000
;2,79800;0,87607;0,90290;0,00000;0,00000
;2,79850;0,84276;0,90041;0,00000;0,00000
;2,79900;0,87159;0,89766;0,00000;0,00000
;2,79950;0,87607;0,89470;0,00000;0,00000
;2,80000;0,86390;0,89162;0,00000;0,00000
;2,80050;0,85557;0,88851;0,00000;0,00000
;2,80100;0,89850;0,88542;0,00000;0,00000
;2,80150;0,81649;0,88242;0,00000;0,00000
;2,80200;0,81008;0,87950;0,00000;0,00000
;2,80250;0,85621;0,87659;0,00000;0,00000
;2,80300;0,84468;0,87366;0,00000;0,00000
;2,80350;0,80944;0,87072;0,00000;0,00000
;2,80400;0,80239;0,86775;0,00000;0,00000
;2,80450;0,82482;0,86470;0,00000;0,00000
;2,80500;0,82610;0,86155;0,00000;0,00000
;2,80550;0,80880;0,85832;0,00000;0,00000
;2,80600;0,78958;0,85500;0,00000;0,00000
;2,80650;0,75626;0,85158;0,00000;0,00000
;2,80700;0,77933;0,84797;0,00000;0,00000
;2,80750;0,74473;0,84410;0,00000;0,00000
;2,80800;0,78381;0,83994;0,00000;0,00000
;2,80850;0,79342;0,83549;0,00000;0,00000
;2,80900;0,76651;0,83084;0,00000;0,00000
;2,80950;0,77420;0,82605;0,00000;0,00000
;2,81000;0,74153;0,82117;0,00000;0,00000
;2,81050;0,82097;0,81624;0,00000;0,00000
;2,81100;0,80624;0,81137;0,00000;0,00000
;2,81150;0,81841;0,80671;0,00000;0,00000
;2,81200;0,74025;0,80240;0,00000;0,00000
;2,81250;0,80111;0,79846;0,00000;0,00000
;2,81300;0,76587;0,79487;0,00000;0,00000
;2,81350;0,75754;0,79161;0,00000;0,00000
;2,81400;0,73832;0,78865;0,00000;0,00000
;2,81450;0,81072;0,78591;0,00000;0,00000
;2,81500;0,72295;0,78338;0,00000;0,00000
;2,81550;0,77997;0,78105;0,00000;0,00000
;2,81600;0,76587;0,77889;0,00000;0,00000
;2,81650;0,76780;0,77689;0,00000;0,00000
;2,81700;0,74922;0,77507;0,00000;0,00000
;2,81750;0,76459;0,77339;0,00000;0,00000
;2,81800;0,70116;0,77182;0,00000;0,00000
;2,81850;0,73192;0,77026;0,00000;0,00000
;2,81900;0,73640;0,76863;0,00000;0,00000
;2,81950;0,75498;0,76688;0,00000;0,00000
;2,82000;0,71782;0,76504;0,00000;0,00000
;2,82050;0,75883;0,76312;0,00000;0,00000
;2,82100;0,76139;0,76115;0,00000;0,00000
;2,82150;0,78830;0,75922;0,00000;0,00000
;2,82200;0,71782;0,75741;0,00000;0,00000
;2,82250;0,74409;0,75576;0,00000;0,00000
;2,82300;0,72102;0,75422;0,00000;0,00000
;2,82350;0,79919;0,75277;0,00000;0,00000
;2,82400;0,68899;0,75144;0,00000;0,00000
;2,82450;0,74793;0,75022;0,00000;0,00000
;2,82500;0,70373;0,74905;0,00000;0,00000
;2,82550;0,77741;0,74789;0,00000;0,00000
;2,82600;0,70052;0,74675;0,00000;0,00000
;2,82650;0,77933;0,74565;0,00000;0,00000
;2,82700;0,72487;0,74460;0,00000;0,00000
;2,82750;0,79983;0,74367;0,00000;0,00000
;2,82800;0,73320;0,74291;0,00000;0,00000
;2,82850;0,73128;0,74236;0,00000;0,00000
;2,82900;0,67233;0,74195;0,00000;0,00000
;2,82950;0,81136;0,74159;0,00000;0,00000
;2,83000;0,75562;0,74128;0,00000;0,00000
;2,83050;0,71846;0,74108;0,00000;0,00000
;2,83100;0,69988;0,74098;0,00000;0,00000
;2,83150;0,77164;0,74089;0,00000;0,00000
;2,83200;0,73192;0,74079;0,00000;0,00000
;2,83250;0,73064;0,74069;0,00000;0,00000
;2,83300;0,72551;0,74057;0,00000;0,00000
;2,83350;0,77548;0,74044;0,00000;0,00000
;2,83400;0,74281;0,74031;0,00000;0,00000
;2,83450;0,72359;0,74023;0,00000;0,00000
;2,83500;0,71654;0,74017;0,00000;0,00000
;2,83550;0,69604;0,74007;0,00000;0,00000
;2,83600;0,69604;0,73982;0,00000;0,00000
;2,83650;0,75690;0,73937;0,00000;0,00000
;2,83700;0,70052;0,73873;0,00000;0,00000
;2,83750;0,73832;0,73792;0,00000;0,00000
;2,83800;0,71398;0,73698;0,00000;0,00000
;2,83850;0,72871;0,73594;0,00000;0,00000
;2,83900;0,67810;0,73480;0,00000;0,00000
;2,83950;0,76395;0,73356;0,00000;0,00000
;2,84000;0,67169;0,73225;0,00000;0,00000
;2,84050;0,74986;0,73088;0,00000;0,00000
;2,84100;0,69091;0,72947;0,00000;0,00000
;2,84150;0,68707;0,72803;0,00000;0,00000
;2,84200;0,69476;0,72651;0,00000;0,00000
;2,84250;0,67682;0,72489;0,00000;0,00000
;2,84300;0,67682;0,72311;0,00000;0,00000
;2,84350;0,72295;0,72117;0,00000;0,00000
;2,84400;0,69476;0,71910;0,00000;0,00000
;2,84450;0,63517;0,71695;0,00000;0,00000
;2,84500;0,67554;0,71468;0,00000;0,00000
;2,84550;0,64286;0,71223;0,00000;0,00000
;2,84600;0,61147;0,70954;0,00000;0,00000
;2,84650;0,64350;0,70654;0,00000;0,00000
;2,84700;0,61659;0,70317;0,00000;0,00000
;2,84750;0,63709;0,69942;0,00000;0,00000
;2,84800;0,67233;0,69532;0,00000;0,00000
;2,84850;0,64350;0,69099;0,00000;0,00000
;2,84900;0,65696;0,68655;0,00000;0,00000
;2,84950;0,61979;0,68207;0,00000;0,00000
;2,85000;0,61083;0,67760;0,00000;0,00000
;2,85050;0,63517;0,67314;0,00000;0,00000
;2,85100;0,63325;0,66869;0,00000;0,00000
;2,85150;0,62941;0,66431;0,00000;0,00000
;2,85200;0,64094;0,66006;0,00000;0,00000
;2,85250;0,62108;0,65598;0,00000;0,00000
;2,85300;0,66849;0,65213;0,00000;0,00000
;2,85350;0,62556;0,64856;0,00000;0,00000
;2,85400;0,66528;0,64534;0,00000;0,00000
;2,85450;0,61979;0,64250;0,00000;0,00000
;2,85500;0,69027;0,64007;0,00000;0,00000
;2,85550;0,65055;0,63809;0,00000;0,00000
;2,85600;0,63709;0,63659;0,00000;0,00000
;2,85650;0,58776;0,63553;0,00000;0,00000
;2,85700;0,64222;0,63477;0,00000;0,00000
;2,85750;0,64286;0,63422;0,00000;0,00000
;2,85800;0,68835;0,63388;0,00000;0,00000
;2,85850;0,62812;0,63378;0,00000;0,00000
;2,85900;0,68707;0,63394;0,00000;0,00000
;2,85950;0,61339;0,63437;0,00000;0,00000
;2,86000;0,69091;0,63503;0,00000;0,00000
;2,86050;0,63838;0,63590;0,00000;0,00000
;2,86100;0,67233;0,63697;0,00000;0,00000
;2,86150;0,61979;0,63820;0,00000;0,00000
;2,86200;0,64606;0,63952;0,00000;0,00000
;2,86250;0,66208;0,64085;0,00000;0,00000
;2,86300;0,66272;0,64218;0,00000;0,00000
;2,86350;0,61339;0,64349;0,00000;0,00000
;2,86400;0,68963;0,64475;0,00000;0,00000
;2,86450;0,64222;0,64594;0,00000;0,00000
;2,86500;0,62300;0,64706;0,00000;0,00000
;2,86550;0,62684;0,64805;0,00000;0,00000
;2,86600;0,64350;0,64886;0,00000;0,00000
;2,86650;0,59673;0,64942;0,00000;0,00000
;2,86700;0,61403;0,64968;0,00000;0,00000
;2,86750;0,58712;0,64958;0,00000;0,00000
;2,86800;0,67810;0,64909;0,00000;0,00000
;2,86850;0,62236;0,64826;0,00000;0,00000
;2,86900;0,67297;0,64720;0,00000;0,00000
;2,86950;0,55637;0,64601;0,00000;0,00000
;2,87000;0,64734;0,64467;0,00000;0,00000
;2,87050;0,58648;0,64316;0,00000;0,00000
;2,87100;0,69412;0,64151;0,00000;0,00000
;2,87150;0,64478;0,63982;0,00000;0,00000
;2,87200;0,62044;0,63822;0,00000;0,00000
;2,87250;0,61467;0,63674;0,00000;0,00000
;2,87300;0,66592;0,63539;0,00000;0,00000
;2,87350;0,54163;0,63414;0,00000;0,00000
;2,87400;0,65311;0,63295;0,00000;0,00000
;2,87450;0,60570;0,63177;0,00000;0,00000
;2,87500;0,63005;0,63058;0,00000;0,00000
;2,87550;0,61211;0,62942;0,00000;0,00000
;2,87600;0,64927;0,62830;0,00000;0,00000
;2,87650;0,59801;0,62725;0,00000;0,00000
;2,87700;0,70180;0,62631;0,00000;0,00000
;2,87750;0,58648;0,62554;0,00000;0,00000
;2,87800;0,60121;0,62495;0,00000;0,00000
;2,87850;0,62684;0,62447;0,00000;0,00000
;2,87900;0,62236;0,62405;0,00000;0,00000
;2,87950;0,57302;0,62366;0,00000;0,00000
;2,88000;0,61467;0,62323;0,00000;0,00000
;2,88050;0,59929;0,62272;0,00000;0,00000
;2,88100;0,61915;0,62211;0,00000;0,00000
;2,88150;0,58968;0,62139;0,00000;0,00000
;2,88200;0,58648;0,62057;0,00000;0,00000
;2,88250;0,57046;0,61959;0,00000;0,00000
;2,88300;0,58007;0,61841;0,00000;0,00000
;2,88350;0,56598;0,61699;0,00000;0,00000
;2,88400;0,55188;0,61530;0,00000;0,00000
;2,88450;0,56405;0,61329;0,00000;0,00000
;2,88500;0,57751;0,61097;0,00000;0,00000
;2,88550;0,51664;0,60835;0,00000;0,00000
;2,88600;0,57238;0,60543;0,00000;0,00000
;2,88650;0,54163;0,60221;0,00000;0,00000
;2,88700;0,58520;0,59876;0,00000;0,00000
;2,88750;0,57046;0,59517;0,00000;0,00000
;2,88800;0,51600;0,59152;0,00000;0,00000
;2,88850;0,54932;0,58783;0,00000;0,00000
;2,88900;0,51344;0,58409;0,00000;0,00000
;2,88950;0,57110;0,58031;0,00000;0,00000
;2,89000;0,56918;0,57652;0,00000;0,00000
;2,89050;0,53202;0,57283;0,00000;0,00000
;2,89100;0,50511;0,56928;0,00000;0,00000
;2,89150;0,54612;0,56584;0,00000;0,00000
;2,89200;0,53202;0,56248;0,00000;0,00000
;2,89250;0,56470;0,55925;0,00000;0,00000
;2,89300;0,54355;0,55619;0,00000;0,00000
;2,89350;0,55444;0,55338;0,00000;0,00000
;2,89400;0,53266;0,55084;0,00000;0,00000
;2,89450;0,56277;0,54859;0,00000;0,00000
;2,89500;0,54740;0,54664;0,00000;0,00000
;2,89550;0,54419;0,54500;0,00000;0,00000
;2,89600;0,52946;0,54366;0,00000;0,00000
;2,89650;0,58135;0,54260;0,00000;0,00000
;2,89700;0,55124;0,54181;0,00000;0,00000
;2,89750;0,61595;0,54134;0,00000;0,00000
;2,89800;0,53458;0,54125;0,00000;0,00000
;2,89850;0,65311;0,54157;0,00000;0,00000
;2,89900;0,50767;0,54233;0,00000;0,00000
;2,89950;0,62236;0,54350;0,00000;0,00000
;2,90000;0,58968;0,54504;0,00000;0,00000
;2,90050;0,58007;0,54695;0,00000;0,00000
;2,90100;0,62812;0,54919;0,00000;0,00000
;2,90150;0,55637;0,55176;0,00000;0,00000
;2,90200;0,58840;0,55458;0,00000;0,00000
;2,90250;0,58968;0,55757;0,00000;0,00000
;2,90300;0,57366;0,56063;0,00000;0,00000
;2,90350;0,62300;0,56372;0,00000;0,00000
;2,90400;0,56854;0,56681;0,00000;0,00000
;2,90450;0,62044;0,56986;0,00000;0,00000
;2,90500;0,57815;0,57285;0,00000;0,00000
;2,90550;0,61275;0,57575;0,00000;0,00000
;2,90600;0,54163;0,57852;0,00000;0,00000
;2,90650;0,60250;0,58110;0,00000;0,00000
;2,90700;0,53907;0,58340;0,00000;0,00000
;2,90750;0,63197;0,58537;0,00000;0,00000
;2,90800;0,56918;0,58703;0,00000;0,00000
;2,90850;0,58904;0,58841;0,00000;0,00000
;2,90900;0,57879;0,58951;0,00000;0,00000
;2,90950;0,61723;0,59036;0,00000;0,00000
;2,91000;0,56341;0,59099;0,00000;0,00000
;2,91050;0,60826;0,59145;0,00000;0,00000
;2,91100;0,58776;0,59174;0,00000;0,00000
;2,91150;0,56341;0,59191;0,00000;0,00000
;2,91200;0,58135;0,59193;0,00000;0,00000
;2,91250;0,62044;0,59181;0,00000;0,00000
;2,91300;0,60057;0,59160;0,00000;0,00000
;2,91350;0,63902;0,59140;0,00000;0,00000
;2,91400;0,58776;0,59130;0,00000;0,00000
;2,91450;0,57623;0,59133;0,00000;0,00000
;2,91500;0,55380;0,59143;0,00000;0,00000
;2,91550;0,64286;0,59153;0,00000;0,00000
;2,91600;0,54612;0,59162;0,00000;0,00000
;2,91650;0,57815;0,59168;0,00000;0,00000
;2,91700;0,51921;0,59164;0,00000;0,00000
;2,91750;0,57110;0,59139;0,00000;0,00000
;2,91800;0,58392;0,59088;0,00000;0,00000
;2,91850;0,53843;0,59011;0,00000;0,00000
;2,91900;0,60057;0,58910;0,00000;0,00000
;2,91950;0,56918;0,58790;0,00000;0,00000
;2,92000;0,54355;0,58657;0,00000;0,00000
;2,92050;0,58263;0,58512;0,00000;0,00000
;2,92100;0,57174;0,58358;0,00000;0,00000
;2,92150;0,61018;0,58201;0,00000;0,00000
;2,92200;0,57751;0,58051;0,00000;0,00000
;2,92250;0,53074;0,57912;0,00000;0,00000
;2,92300;0,51664;0,57780;0,00000;0,00000
;2,92350;0,55124;0,57644;0,00000;0,00000
;2,92400;0,53330;0,57495;0,00000;0,00000
;2,92450;0,52177;0,57331;0,00000;0,00000
;2,92500;0,49102;0,57147;0,00000;0,00000
;2,92550;0,57431;0,56937;0,00000;0,00000
;2,92600;0,51664;0,56705;0,00000;0,00000
;2,92650;0,49550;0,56453;0,00000;0,00000
;2,92700;0,50960;0,56181;0,00000;0,00000
;2,92750;0,48909;0,55886;0,00000;0,00000
;2,92800;0,51728;0,55566;0,00000;0,00000
;2,92850;0,51344;0,55225;0,00000;0,00000
;2,92900;0,52689;0,54869;0,00000;0,00000
;2,92950;0,49294;0,54506;0,00000;0,00000
;2,93000;0,48269;0,54140;0,00000;0,00000
;2,93050;0,54804;0,53773;0,00000;0,00000
;2,93100;0,54804;0,53413;0,00000;0,00000
;2,93150;0,54419;0,53075;0,00000;0,00000
;2,93200;0,50447;0,52769;0,00000;0,00000
;2,93250;0,49614;0,52499;0,00000;0,00000
;2,93300;0,50511;0,52259;0,00000;0,00000
;2,93350;0,49614;0,52044;0,00000;0,00000
;2,93400;0,53138;0,51850;0,00000;0,00000
;2,93450;0,48653;0,51677;0,00000;0,00000
;2,93500;0,54163;0,51524;0,00000;0,00000
;2,93550;0,50639;0,51391;0,00000;0,00000
;2,93600;0,53907;0,51282;0,00000;0,00000
;2,93650;0,59545;0,51201;0,00000;0,00000
;2,93700;0,55380;0,51160;0,00000;0,00000
;2,93750;0,47628;0,51164;0,00000;0,00000
;2,93800;0,55765;0,51208;0,00000;0,00000
;2,93850;0,54163;0,51283;0,00000;0,00000
;2,93900;0,56918;0,51388;0,00000;0,00000
;2,93950;0,50831;0,51523;0,00000;0,00000
;2,94000;0,57559;0,51683;0,00000;0,00000
;2,94050;0,53843;0,51864;0,00000;0,00000
;2,94100;0,55188;0,52065;0,00000;0,00000
;2,94150;0,50127;0,52278;0,00000;0,00000
;2,94200;0,59032;0,52497;0,00000;0,00000
;2,94250;0,55508;0,52719;0,00000;0,00000
;2,94300;0,55637;0,52945;0,00000;0,00000
;2,94350;0,49358;0,53172;0,00000;0,00000
;2,94400;0,59609;0,53394;0,00000;0,00000
;2,94450;0,49614;0,53604;0,00000;0,00000
;2,94500;0,58456;0,53800;0,00000;0,00000
;2,94550;0,52753;0,53980;0,00000;0,00000
;2,94600;0,58712;0,54146;0,00000;0,00000
;2,94650;0,57110;0,54302;0,00000;0,00000
;2,94700;0,62044;0,54455;0,00000;0,00000
;2,94750;0,57943;0,54616;0,00000;0,00000
;2,94800;0,59289;0,54793;0,00000;0,00000
;2,94850;0,56982;0,54988;0,00000;0,00000
;2,94900;0,56405;0,55197;0,00000;0,00000
;2,94950;0,51408;0,55413;0,00000;0,00000
;2,95000;0,61275;0,55624;0,00000;0,00000
;2,95050;0,58392;0,55825;0,00000;0,00000
;2,95100;0,57174;0,56021;0,00000;0,00000
;2,95150;0,54996;0,56211;0,00000;0,00000
;2,95200;0,57174;0,56389;0,00000;0,00000
;2,95250;0,57623;0,56552;0,00000;0,00000
;2,95300;0,56726;0,56699;0,00000;0,00000
;2,95350;0,54804;0,56829;0,00000;0,00000
;2,95400;0,60698;0,56939;0,00000;0,00000
;2,95450;0,56277;0,57034;0,00000;0,00000
;2,95500;0,64734;0,57118;0,00000;0,00000
;2,95550;0,53202;0,57200;0,00000;0,00000
;2,95600;0,58263;0,57282;0,00000;0,00000
;2,95650;0,58071;0,57359;0,00000;0,00000
;2,95700;0,58776;0,57431;0,00000;0,00000
;2,95750;0,59032;0,57500;0,00000;0,00000
;2,95800;0,59417;0,57568;0,00000;0,00000
;2,95850;0,57943;0,57638;0,00000;0,00000
;2,95900;0,60826;0,57710;0,00000;0,00000
;2,95950;0,58071;0,57787;0,00000;0,00000
;2,96000;0,53715;0,57866;0,00000;0,00000
;2,96050;0,56982;0,57939;0,00000;0,00000
;2,96100;0,57495;0,57999;0,00000;0,00000
;2,96150;0,56982;0,58042;0,00000;0,00000
;2,96200;0,56918;0,58069;0,00000;0,00000
;2,96250;0,56213;0,58079;0,00000;0,00000
;2,96300;0,59353;0,58072;0,00000;0,00000
;2,96350;0,57431;0,58051;0,00000;0,00000
;2,96400;0,52625;0,58020;0,00000;0,00000
;2,96450;0,55765;0,57974;0,00000;0,00000
;2,96500;0,62684;0,57911;0,00000;0,00000
;2,96550;0,51792;0,57838;0,00000;0,00000
;2,96600;0,54227;0,57755;0,00000;0,00000
;2,96650;0,51472;0,57657;0,00000;0,00000
;2,96700;0,52689;0,57535;0,00000;0,00000
;2,96750;0,54804;0,57385;0,00000;0,00000
;2,96800;0,53010;0,57206;0,00000;0,00000
;2,96850;0,55444;0,57003;0,00000;0,00000
;2,96900;0,55444;0,56782;0,00000;0,00000
;2,96950;0,56149;0,56552;0,00000;0,00000
;2,97000;0,52818;0,56321;0,00000;0,00000
;2,97050;0,56854;0,56093;0,00000;0,00000
;2,97100;0,53138;0,55873;0,00000;0,00000
;2,97150;0,53138;0,55663;0,00000;0,00000
;2,97200;0,54676;0,55462;0,00000;0,00000
;2,97250;0,58071;0,55273;0,00000;0,00000
;2,97300;0,56149;0,55102;0,00000;0,00000
;2,97350;0,61275;0,54959;0,00000;0,00000
;2,97400;0,53843;0,54852;0,00000;0,00000
;2,97450;0,59417;0,54785;0,00000;0,00000
;2,97500;0,55893;0,54758;0,00000;0,00000
;2,97550;0,56085;0,54768;0,00000;0,00000
;2,97600;0,58904;0,54812;0,00000;0,00000
;2,97650;0,55252;0,54886;0,00000;0,00000
;2,97700;0,55188;0,54985;0,00000;0,00000
;2,97750;0,56790;0,55102;0,00000;0,00000
;2,97800;0,55829;0,55228;0,00000;0,00000
;2,97850;0,56341;0,55361;0,00000;0,00000
;2,97900;0,58776;0,55496;0,00000;0,00000
;2,97950;0,61659;0,55635;0,00000;0,00000
;2,98000;0,55380;0,55784;0,00000;0,00000
;2,98050;0,60250;0,55943;0,00000;0,00000
;2,98100;0,63261;0,56113;0,00000;0,00000
;2,98150;0,65247;0,56302;0,00000;0,00000
;2,98200;0,59545;0,56520;0,00000;0,00000
;2,98250;0,63902;0,56771;0,00000;0,00000
;2,98300;0,60442;0,57054;0,00000;0,00000
;2,98350;0,58520;0,57362;0,00000;0,00000
;2,98400;0,56277;0,57683;0,00000;0,00000
;2,98450;0,64158;0,58006;0,00000;0,00000
;2,98500;0,56405;0,58320;0,00000;0,00000
;2,98550;0,63517;0,58621;0,00000;0,00000
;2,98600;0,61211;0,58909;0,00000;0,00000
;2,98650;0,59225;0,59181;0,00000;0,00000
;2,98700;0,55188;0,59435;0,00000;0,00000
;2,98750;0,62556;0,59661;0,00000;0,00000
;2,98800;0,58135;0,59855;0,00000;0,00000
;2,98850;0,61211;0,60017;0,00000;0,00000
;2,98900;0,62108;0,60150;0,00000;0,00000
;2,98950;0,64542;0,60262;0,00000;0,00000
;2,99000;0,59737;0,60362;0,00000;0,00000
;2,99050;0,64478;0,60455;0,00000;0,00000
;2,99100;0,64670;0,60548;0,00000;0,00000
;2,99150;0,67489;0,60649;0,00000;0,00000
;2,99200;0,60378;0,60767;0,00000;0,00000
;2,99250;0,65183;0,60903;0,00000;0,00000
;2,99300;0,64478;0,61058;0,00000;0,00000
;2,99350;0,63838;0,61228;0,00000;0,00000
;2,99400;0,57943;0,61412;0,00000;0,00000
;2,99450;0,68002;0,61600;0,00000;0,00000
;2,99500;0,58071;0,61787;0,00000;0,00000
;2,99550;0,63069;0,61967;0,00000;0,00000
;2,99600;0,61979;0,62134;0,00000;0,00000
;2,99650;0,62620;0,62284;0,00000;0,00000
;2,99700;0,58904;0,62415;0,00000;0,00000
;2,99750;0,65952;0,62523;0,00000;0,00000
;2,99800;0,56149;0,62608;0,00000;0,00000
;2,99850;0,59993;0,62665;0,00000;0,00000
;2,99900;0,64030;0,62691;0,00000;0,00000
;2,99950;0,63069;0,62688;0,00000;0,00000
;3,00000;0,62044;0,62666;0,00000;0,00000
;3,00050;0,62300;0,62630;0,00000;0,00000
;3,00100;0,59673;0,62583;0,00000;0,00000
;3,00150;0,70116;0,62529;0,00000;0,00000
;3,00200;0,60762;0,62478;0,00000;0,00000
;3,00250;0,58584;0,62435;0,00000;0,00000
;3,00300;0,63581;0,62397;0,00000;0,00000
;3,00350;0,63581;0,62360;0,00000;0,00000
;3,00400;0,59481;0,62325;0,00000;0,00000
;3,00450;0,62684;0,62293;0,00000;0,00000
;3,00500;0,56149;0,62259;0,00000;0,00000
;3,00550;0,63197;0,62217;0,00000;0,00000
;3,00600;0,59801;0,62163;0,00000;0,00000
;3,00650;0,60057;0,62099;0,00000;0,00000
;3,00700;0,57238;0,62021;0,00000;0,00000
;3,00750;0,65375;0,61930;0,00000;0,00000
;3,00800;0,59096;0,61829;0,00000;0,00000
;3,00850;0,57238;0,61722;0,00000;0,00000
;3,00900;0,66592;0,61609;0,00000;0,00000
;3,00950;0,59673;0,61497;0,00000;0,00000
;3,01000;0,64222;0,61391;0,00000;0,00000
;3,01050;0,62236;0,61300;0,00000;0,00000
;3,01100;0,63389;0,61228;0,00000;0,00000
;3,01150;0,62556;0,61178;0,00000;0,00000
;3,01200;0,62684;0,61151;0,00000;0,00000
;3,01250;0,61403;0,61149;0,00000;0,00000
;3,01300;0,66016;0,61168;0,00000;0,00000
;3,01350;0,61851;0,61210;0,00000;0,00000
;3,01400;0,62044;0,61273;0,00000;0,00000
;3,01450;0,62876;0,61355;0,00000;0,00000
;3,01500;0,57238;0,61447;0,00000;0,00000
;3,01550;0,63581;0,61542;0,00000;0,00000
;3,01600;0,65439;0,61633;0,00000;0,00000
;3,01650;0,62684;0,61724;0,00000;0,00000
;3,01700;0,64670;0,61819;0,00000;0,00000
;3,01750;0,61339;0,61919;0,00000;0,00000
;3,01800;0,66592;0,62023;0,00000;0,00000
;3,01850;0,60442;0,62132;0,00000;0,00000
;3,01900;0,71718;0,62247;0,00000;0,00000
;3,01950;0,60890;0,62373;0,00000;0,00000
;3,02000;0,72295;0,62514;0,00000;0,00000
;3,02050;0,66016;0,62676;0,00000;0,00000
;3,02100;0,68835;0,62865;0,00000;0,00000
;3,02150;0,69988;0,63084;0,00000;0,00000
;3,02200;0,65760;0,63335;0,00000;0,00000
;3,02250;0,59545;0,63610;0,00000;0,00000
;3,02300;0,70949;0,63896;0,00000;0,00000
;3,02350;0,66464;0,64183;0,00000;0,00000
;3,02400;0,70565;0,64470;0,00000;0,00000
;3,02450;0,66528;0,64761;0,00000;0,00000
;3,02500;0,66272;0,65052;0,00000;0,00000
;3,02550;0,67489;0,65339;0,00000;0,00000
;3,02600;0,70885;0,65618;0,00000;0,00000
;3,02650;0,68515;0,65890;0,00000;0,00000
;3,02700;0,75947;0,66160;0,00000;0,00000
;3,02750;0,67682;0,66436;0,00000;0,00000
;3,02800;0,72487;0,66721;0,00000;0,00000
;3,02850;0,68899;0,67015;0,00000;0,00000
;3,02900;0,74665;0,67316;0,00000;0,00000
;3,02950;0,69476;0,67623;0,00000;0,00000
;3,03000;0,74217;0,67938;0,00000;0,00000
;3,03050;0,64478;0,68257;0,00000;0,00000
;3,03100;0,67682;0,68568;0,00000;0,00000
;3,03150;0,72743;0,68858;0,00000;0,00000
;3,03200;0,74025;0,69126;0,00000;0,00000
;3,03250;0,67810;0,69376;0,00000;0,00000
;3,03300;0,72038;0,69609;0,00000;0,00000
;3,03350;0,69091;0,69822;0,00000;0,00000
;3,03400;0,72038;0,70014;0,00000;0,00000
;3,03450;0,64158;0,70183;0,00000;0,00000
;3,03500;0,74537;0,70324;0,00000;0,00000
;3,03550;0,69155;0,70437;0,00000;0,00000
;3,03600;0,74089;0,70528;0,00000;0,00000
;3,03650;0,70565;0,70602;0,00000;0,00000
;3,03700;0,75434;0,70667;0,00000;0,00000
;3,03750;0,71334;0,70731;0,00000;0,00000
;3,03800;0,73768;0,70799;0,00000;0,00000
;3,03850;0,73576;0,70874;0,00000;0,00000
;3,03900;0,68515;0,70959;0,00000;0,00000
;3,03950;0,69988;0,71047;0,00000;0,00000
;3,04000;0,73320;0,71132;0,00000;0,00000
;3,04050;0,72295;0,71212;0,00000;0,00000
;3,04100;0,71334;0,71288;0,00000;0,00000
;3,04150;0,67746;0,71359;0,00000;0,00000
;3,04200;0,71205;0,71420;0,00000;0,00000
;3,04250;0,73704;0,71467;0,00000;0,00000
;3,04300;0,69412;0,71501;0,00000;0,00000
;3,04350;0,69540;0,71524;0,00000;0,00000
;3,04400;0,75306;0,71535;0,00000;0,00000
;3,04450;0,69796;0,71538;0,00000;0,00000
;3,04500;0,74281;0,71538;0,00000;0,00000
;3,04550;0,71334;0,71538;0,00000;0,00000
;3,04600;0,68515;0,71539;0,00000;0,00000
;3,04650;0,74409;0,71540;0,00000;0,00000
;3,04700;0,73384;0,71540;0,00000;0,00000
;3,04750;0,70437;0,71545;0,00000;0,00000
;3,04800;0,72102;0,71554;0,00000;0,00000
;3,04850;0,75690;0,71569;0,00000;0,00000
;3,04900;0,68451;0,71591;0,00000;0,00000
;3,04950;0,77228;0,71621;0,00000;0,00000
